"File","Line","Pattern","Code"
"Nalix.Abstractions\IniCommentAttribute.cs","29","throw new","throw new ArgumentException(""Comment cannot be null or white space."", nameof(comment));"
"Nalix.Abstractions\Exceptions\ExceptionClassifier.cs","26","throw new","throw new ArgumentNullException(nameof(ex));"
"Nalix.Abstractions\Networking\Packets\MemoryPacket.cs","30","throw new","set => throw new NotSupportedException(""MemoryPacket header is read-only."");"
"Nalix.Abstractions\Networking\Packets\PacketConcurrencyLimitAttribute.cs","40","throw new","throw new ArgumentOutOfRangeException(nameof(max), max, ""Concurrency max must be greater than 0."");"
"Nalix.Abstractions\Networking\Packets\PacketConcurrencyLimitAttribute.cs","45","throw new","throw new ArgumentOutOfRangeException(nameof(queueMax), queueMax, ""Queue max cannot be negative."");"
"Nalix.Abstractions\Networking\Packets\PacketOpcodeAttribute.cs","48","throw new","throw new ArgumentException(""The opcode value must be an enum value."", nameof(opcode));"
"Nalix.Abstractions\Networking\Packets\PacketOpcodeAttribute.cs","55","throw new","throw new ArgumentOutOfRangeException("
"Nalix.Abstractions\Networking\Sessions\SessionEntry.cs","30","throw new","this.Snapshot = snapshot ?? throw new ArgumentNullException(nameof(snapshot));"
"Nalix.Abstractions\Primitives\Bytes32.cs","49","throw new","throw new ArgumentException(""Source must be at least 32 bytes."", nameof(source));"
"Nalix.Abstractions\Primitives\Bytes32.cs","84","throw new","throw new ArgumentException(""Destination must be at least 32 bytes."", nameof(destination));"
"Nalix.Abstractions\Primitives\Bytes32.cs","159","throw new","throw new FormatException(""The hex string must be exactly 64 characters long."");"
"Nalix.Abstractions\Primitives\Bytes32.cs","169","throw new","throw new FormatException(""Invalid hex character or format."", ex);"
"Nalix.Abstractions\Primitives\Bytes32.cs","177","throw new","throw new FormatException(""Invalid hex character."");"
"Nalix.Codec\DataFrames\PacketBase.cs","93","catch\s*\(\s*Exception","catch (Exception ex) when ("
"Nalix.Codec\DataFrames\PacketBase.cs","103","throw;","throw;"
"Nalix.Codec\DataFrames\PacketBase.cs","155","throw new","=> throw new InvalidOperationException("
"Nalix.Codec\DataFrames\PacketBase.cs","161","throw new","=> throw new SerializationFailureException("
"Nalix.Codec\DataFrames\PacketBase.cs","229","throw new","=> throw new ArgumentException("
"Nalix.Codec\DataFrames\PacketBase.cs","235","throw new","=> throw new ArgumentException("
"Nalix.Codec\DataFrames\PacketBase.cs","261","throw new","=> throw new ArgumentException($""Cannot deserialize {typeof(TSelf).Name}: buffer is empty."");"
"Nalix.Codec\DataFrames\PacketBase.cs","266","throw new","=> throw new SerializationFailureException("
"Nalix.Codec\DataFrames\PacketBase.cs","272","throw new","=> throw new SerializationFailureException("
"Nalix.Codec\DataFrames\PacketRegistry.cs","226","throw new","throw new InternalErrorException($""[PacketRegistry] OpCode collision! {opcode}: {oldName} vs {name}"");"
"Nalix.Codec\DataFrames\PacketRegistry.cs","254","throw new","throw new ArgumentException("
"Nalix.Codec\DataFrames\PacketRegistry.cs","260","throw new","PacketDeserializer? deserializer = Volatile.Read(ref table[header.OpCode]) ?? throw new InvalidOperationException("
"Nalix.Codec\DataFrames\PacketRegistry.cs","293","catch\s*\(\s*Exception","catch (Exception ex) when (ex is ArgumentException or InvalidOperationException or SerializationFailureException)"
"Nalix.Codec\DataFrames\PacketRegistry.cs","317","catch\s*\(\s*Exception","catch (Exception ex) when (ex is ArgumentException or InvalidOperationException or SerializationFailureException)"
"Nalix.Codec\DataFrames\PacketRegistry.cs","333","throw new","?? throw new InvalidOperationException(""PacketRegistry is not built. Call PacketRegistry.Build() after all packet assemblies are loaded."");"
"Nalix.Codec\Extensions\DataReaderExtensions.cs","250","Throw\.","Throw.LengthOutOfRange();"
"Nalix.Codec\Extensions\DataWriterExtensions.cs","118","throw new","throw new NotSupportedException($""Enum size {size} is not supported."");"
"Nalix.Codec\Extensions\EnumExtensions.cs","34","throw new","throw new ArgumentException("
"Nalix.Codec\Extensions\EnumExtensions.cs","72","throw new","throw new NotSupportedException("
"Nalix.Codec\Extensions\EnumExtensions.cs","94","throw new","throw new ArgumentException("
"Nalix.Codec\Extensions\EnumExtensions.cs","132","throw new","throw new NotSupportedException("
"Nalix.Codec\Internal\Memory\SpanOps.cs","97","throw new","=> throw new ArgumentOutOfRangeException(""value"", ""WriteVarInt does not support negative values."");"
"Nalix.Codec\LZ4\LZ4BlockEncoder.cs","99","throw new","throw new ArgumentNullException(nameof(inputBase));"
"Nalix.Codec\LZ4\LZ4BlockEncoder.cs","104","throw new","throw new ArgumentNullException(nameof(outputBase));"
"Nalix.Codec\LZ4\LZ4BlockEncoder.cs","109","throw new","throw new ArgumentNullException(nameof(hashTable));"
"Nalix.Codec\LZ4\LZ4Codec.cs","77","catch\s*\(\s*Exception","catch (Exception ex) when (ExceptionClassifier.IsNonFatal(ex))"
"Nalix.Codec\LZ4\LZ4Codec.cs","80","throw;","throw;"
"Nalix.Codec\LZ4\Engine\LZ4Decoder.cs","74","catch\s*\(\s*Exception","catch (Exception ex) when (ExceptionClassifier.IsNonFatal(ex))"
"Nalix.Codec\LZ4\Engine\LZ4Decoder.cs","77","throw;","throw;"
"Nalix.Codec\LZ4\Engine\LZ4Decoder.cs","96","Throw\.","Throw.InvalidHeader();"
"Nalix.Codec\LZ4\Engine\LZ4Decoder.cs","103","Throw\.","Throw.InvalidHeader();"
"Nalix.Codec\LZ4\Engine\LZ4Decoder.cs","108","Throw\.","Throw.InvalidHeader();"
"Nalix.Codec\LZ4\Engine\LZ4Decoder.cs","113","Throw\.","Throw.InvalidHeader();"
"Nalix.Codec\LZ4\Engine\LZ4Decoder.cs","118","Throw\.","Throw.InvalidHeader();"
"Nalix.Codec\LZ4\Engine\LZ4Decoder.cs","128","Throw\.","Throw.OutputBufferTooSmall();"
"Nalix.Codec\LZ4\Engine\LZ4Decoder.cs","157","Throw\.","Throw.CorruptPayload();"
"Nalix.Codec\LZ4\Engine\LZ4Decoder.cs","168","Throw\.","Throw.CorruptPayload();"
"Nalix.Codec\LZ4\Engine\LZ4Decoder.cs","184","Throw\.","Throw.CorruptPayload();"
"Nalix.Codec\LZ4\Engine\LZ4Decoder.cs","192","Throw\.","Throw.CorruptPayload();"
"Nalix.Codec\LZ4\Engine\LZ4Decoder.cs","202","Throw\.","Throw.CorruptPayload();"
"Nalix.Codec\LZ4\Engine\LZ4Decoder.cs","213","Throw\.","Throw.CorruptPayload();"
"Nalix.Codec\LZ4\Engine\LZ4Decoder.cs","223","Throw\.","Throw.CorruptPayload();"
"Nalix.Codec\LZ4\Engine\LZ4Encoder.cs","67","Throw\.","Throw.EncoderOutputBufferTooSmall();"
"Nalix.Codec\Options\CompressionOptions.cs","61","throw new","throw new System.ComponentModel.DataAnnotations.ValidationException("
"Nalix.Codec\Security\EnvelopeCipher.cs","125","throw new","CipherSuiteType.None or _ => throw new CipherException($""Unsupported cipher suite '{type}' for nonce length."")"
"Nalix.Codec\Security\EnvelopeCipher.cs","171","throw new","CipherSuiteType.None or _ => throw new CipherException($""Unsupported cipher suite '{type}' for tag length."")"
"Nalix.Codec\Security\EnvelopeCipher.cs","238","throw new","throw new CipherException($""Unsupported cipher type '{algorithm}'."");"
"Nalix.Codec\Security\EnvelopeCipher.cs","295","throw new","throw new CipherException("
"Nalix.Codec\Security\EnvelopeCipher.cs","313","throw new","throw new CipherException($""Unsupported cipher type '{env.AeadType}'."");"
"Nalix.Codec\Security\HandshakeX25519.cs","176","catch\s*\(\s*Exception","catch (Exception ex) when (ExceptionClassifier.IsNonFatal(ex))"
"Nalix.Codec\Security\HandshakeX25519.cs","179","throw;","throw;"
"Nalix.Codec\Security\Aead\ChaCha20Poly1305.cs","101","Throw\.","Throw.InvalidKeyLength();"
"Nalix.Codec\Security\Aead\ChaCha20Poly1305.cs","106","Throw\.","Throw.InvalidNonceLength();"
"Nalix.Codec\Security\Aead\ChaCha20Poly1305.cs","111","Throw\.","Throw.OutputLengthMismatch();"
"Nalix.Codec\Security\Aead\ChaCha20Poly1305.cs","116","Throw\.","Throw.InvalidTagLength();"
"Nalix.Codec\Security\Aead\ChaCha20Poly1305.cs","183","Throw\.","Throw.InvalidKeyLength();"
"Nalix.Codec\Security\Aead\ChaCha20Poly1305.cs","188","Throw\.","Throw.InvalidNonceLength();"
"Nalix.Codec\Security\Aead\ChaCha20Poly1305.cs","193","Throw\.","Throw.InvalidTagLength();"
"Nalix.Codec\Security\Aead\ChaCha20Poly1305.cs","198","Throw\.","Throw.OutputLengthMismatch();"
"Nalix.Codec\Security\Aead\Salsa20Poly1305.cs","86","Throw\.","Throw.InvalidKeyLength();"
"Nalix.Codec\Security\Aead\Salsa20Poly1305.cs","90","Throw\.","Throw.InvalidNonceLength();"
"Nalix.Codec\Security\Aead\Salsa20Poly1305.cs","95","Throw\.","Throw.OutputLengthMismatch();"
"Nalix.Codec\Security\Aead\Salsa20Poly1305.cs","100","Throw\.","Throw.InvalidTagLength();"
"Nalix.Codec\Security\Aead\Salsa20Poly1305.cs","170","Throw\.","Throw.InvalidKeyLength();"
"Nalix.Codec\Security\Aead\Salsa20Poly1305.cs","174","Throw\.","Throw.InvalidNonceLength();"
"Nalix.Codec\Security\Aead\Salsa20Poly1305.cs","179","Throw\.","Throw.InvalidTagLength();"
"Nalix.Codec\Security\Aead\Salsa20Poly1305.cs","184","Throw\.","Throw.OutputLengthMismatch();"
"Nalix.Codec\Security\Asymmetric\X25519.Curve.cs","42","throw new","throw new System.ArgumentException(""Length of scalar must be at least 32"", nameof(scalar));"
"Nalix.Codec\Security\Asymmetric\X25519.Curve.cs","47","throw new","throw new System.ArgumentException(""Length of point must be at least 32"", nameof(point));"
"Nalix.Codec\Security\Asymmetric\X25519.Curve.cs","63","throw new","? throw new System.InvalidOperationException(""Bad input point: low order point"")"
"Nalix.Codec\Security\Asymmetric\X25519.FieldElement.cs","52","throw new","_ => throw new System.ArgumentOutOfRangeException(nameof(i))"
"Nalix.Codec\Security\Asymmetric\X25519.FieldElement.cs","71","throw new","default: throw new System.ArgumentOutOfRangeException(nameof(i));"
"Nalix.Codec\Security\Engine\AeadEngine.cs","91","throw new","throw new System.ArgumentException("
"Nalix.Codec\Security\Engine\AeadEngine.cs","135","Throw\.","Throw.UnsupportedAlgorithm();"
"Nalix.Codec\Security\Engine\AeadEngine.cs","186","throw new","throw new System.ArgumentException(""The destination plaintext buffer is too small for the decrypted payload."", nameof(plaintext));"
"Nalix.Codec\Security\Engine\AeadEngine.cs","221","Throw\.","Throw.UnsupportedAlgorithm();"
"Nalix.Codec\Security\Engine\AeadEngine.cs","227","Throw\.","Throw.AeadAuthenticationFailed();"
"Nalix.Codec\Security\Engine\SymmetricEngine.cs","89","Throw\.","Throw.UnsupportedAlgorithm();"
"Nalix.Codec\Security\Engine\SymmetricEngine.cs","152","throw new","throw new System.ArgumentException("
"Nalix.Codec\Security\Hashing\HmacKeccak256.cs","28","throw new","throw new ArgumentException($""Output buffer must be at least {HashSize} bytes."", nameof(output));"
"Nalix.Codec\Security\Hashing\Keccak256.cs","179","throw new","throw new ArgumentException("
"Nalix.Codec\Security\Hashing\Poly1305.cs","213","throw new","throw new System.ArgumentException("
"Nalix.Codec\Security\Hashing\Poly1305.cs","262","throw new","throw new System.ArgumentException("
"Nalix.Codec\Security\Hashing\Poly1305.cs","268","throw new","throw new System.ArgumentException("
"Nalix.Codec\Security\Hashing\Poly1305.cs","343","throw new","throw new System.ArgumentException("
"Nalix.Codec\Security\Hashing\Poly1305.cs","377","throw new","throw new System.ArgumentException("
"Nalix.Codec\Security\Hashing\Poly1305.cs","438","throw new","throw new System.InvalidOperationException("
"Nalix.Codec\Security\Hashing\Poly1305.cs","493","Throw\.","/// After finalization, further <see cref=""Update""/> calls will throw."
"Nalix.Codec\Security\Hashing\Poly1305.cs","511","throw new","throw new System.ArgumentException("
"Nalix.Codec\Security\Hashing\Poly1305.cs","517","throw new","throw new System.InvalidOperationException("
"Nalix.Codec\Security\Hashing\Poly1305.cs","653","throw new","throw new System.ObjectDisposedException("
"Nalix.Codec\Security\Internal\EnvelopeFormat.cs","54","throw new","throw new CipherException($""Envelope too short: length={blob.Length}, required>={HeaderSize} (header)."");"
"Nalix.Codec\Security\Internal\EnvelopeFormat.cs","59","throw new","throw new CipherException($""Invalid envelope header: unable to decode (length={blob.Length})."");"
"Nalix.Codec\Security\Internal\EnvelopeFormat.cs","66","throw new","throw new CipherException($""Invalid nonce length: {nonceLen}."");"
"Nalix.Codec\Security\Internal\EnvelopeFormat.cs","71","throw new","throw new CipherException("
"Nalix.Codec\Security\Internal\EnvelopeFormat.cs","86","throw new","throw new CipherException("
"Nalix.Codec\Security\Internal\EnvelopeFormat.cs","93","throw new","throw new CipherException($""Invalid ciphertext length: {ctLen}."");"
"Nalix.Codec\Security\Internal\EnvelopeFormat.cs","141","throw new","throw new CipherException("
"Nalix.Codec\Security\Internal\EnvelopeFormat.cs","179","throw new","throw new CipherException("
"Nalix.Codec\Security\Internal\EnvelopeHeader.cs","83","throw new","throw new System.ArgumentException(""Destination too small for AEAD header."");"
"Nalix.Codec\Security\Internal\PBKDF2.cs","64","throw new","throw new System.ArgumentException(""Salt must be at least 8 bytes."", nameof(salt));"
"Nalix.Codec\Security\Internal\PBKDF2.cs","131","throw new","throw new System.ArgumentException(""Output buffer is too small."", nameof(output));"
"Nalix.Codec\Security\Symmetric\ChaCha20.cs","165","Throw\.","Throw.OutputLengthMismatch();"
"Nalix.Codec\Security\Symmetric\ChaCha20.cs","218","throw new","throw new System.ObjectDisposedException(nameof(ChaCha20), $""This {nameof(ChaCha20)} instance has been cleared."");"
"Nalix.Codec\Security\Symmetric\ChaCha20.cs","235","throw new","throw new CipherException($""Key length must be {KeySize}. Actual: {key.Length}"");"
"Nalix.Codec\Security\Symmetric\ChaCha20.cs","254","throw new","throw new CipherException($""Nonce length must be {NonceSize}. Actual: {nonce.Length}"");"
"Nalix.Codec\Security\Symmetric\ChaCha20.cs","306","throw new","throw new Abstractions.Exceptions.CipherException(""ChaCha20 block counter overflow. Maximum data limit (256 GiB) reached for a single key/nonce pair."");"
"Nalix.Codec\Security\Symmetric\ChaCha20.cs","342","throw new","throw new System.ArgumentOutOfRangeException(nameof(numBytes));"
"Nalix.Codec\Security\Symmetric\Salsa20.cs","52","throw new","throw new System.ArgumentException(""Output buffer is too small."", nameof(ciphertext));"
"Nalix.Codec\Security\Symmetric\Salsa20.cs","95","throw new","throw new System.ArgumentException(""Key must be 16 or 32 bytes (128 or 256 bits)."", nameof(key));"
"Nalix.Codec\Security\Symmetric\Salsa20.cs","100","throw new","throw new System.ArgumentException($""Nonce must be {NonceSize} bytes (64 bits). For 24-byte nonces, use XSalsa20."", nameof(nonce));"
"Nalix.Codec\Serialization\FormatterProvider.cs","189","throw new","?? throw new SerializationFailureException("
"Nalix.Codec\Serialization\FormatterProvider.cs","325","throw new","throw new SerializationFailureException($""Unsupported type: {type.FullName}"");"
"Nalix.Codec\Serialization\FormatterProvider.cs","429","throw new","throw new SerializationFailureException("
"Nalix.Codec\Serialization\FormatterProvider.cs","455","throw new","throw new SerializationFailureException($""No formatter registered for type {type}."");"
"Nalix.Codec\Serialization\FormatterProvider.cs","673","throw new","throw new SerializationFailureException("
"Nalix.Codec\Serialization\FormatterProvider.cs","705","throw new","throw new SerializationFailureException("
"Nalix.Codec\Serialization\LiteSerializer.cs","103","Throw\.","Throw.Overflow();"
"Nalix.Codec\Serialization\LiteSerializer.cs","149","throw new","throw new SerializationFailureException($""TYPE {typeof(T).FullName} is not serializable."");"
"Nalix.Codec\Serialization\LiteSerializer.cs","184","Throw\.","Throw.BufferTooSmall();"
"Nalix.Codec\Serialization\LiteSerializer.cs","202","Throw\.","Throw.BufferTooSmall();"
"Nalix.Codec\Serialization\LiteSerializer.cs","219","throw new","throw new SerializationFailureException("
"Nalix.Codec\Serialization\LiteSerializer.cs","254","Throw\.","Throw.BufferTooSmall();"
"Nalix.Codec\Serialization\LiteSerializer.cs","277","Throw\.","Throw.BufferTooSmall();"
"Nalix.Codec\Serialization\LiteSerializer.cs","292","Throw\.","Throw.BufferTooSmall();"
"Nalix.Codec\Serialization\LiteSerializer.cs","302","Throw\.","Throw.BufferTooSmall();"
"Nalix.Codec\Serialization\LiteSerializer.cs","329","Throw\.","Throw.BufferTooSmall();"
"Nalix.Codec\Serialization\LiteSerializer.cs","364","throw new","throw new SerializationFailureException("
"Nalix.Codec\Serialization\LiteSerializer.cs","397","Throw\.","Throw.EmptyBuffer();"
"Nalix.Codec\Serialization\LiteSerializer.cs","439","Throw\.","Throw.EmptyBuffer();"
"Nalix.Codec\Serialization\LiteSerializer.cs","469","Throw\.","Throw.EmptyBuffer();"
"Nalix.Codec\Serialization\LiteSerializer.cs","509","Throw\.","Throw.EmptyBuffer();"
"Nalix.Codec\Serialization\LiteSerializer.cs","534","Throw\.","Throw.EmptyBuffer();"
"Nalix.Codec\Serialization\LiteSerializer.cs","541","Throw\.","Throw.EndOfStream();"
"Nalix.Codec\Serialization\LiteSerializer.cs","560","throw new","?? throw new SerializationFailureException("
"Nalix.Codec\Serialization\LiteSerializer.cs","572","Throw\.","Throw.EndOfStream();"
"Nalix.Codec\Serialization\LiteSerializer.cs","580","throw new","throw new SerializationFailureException("
"Nalix.Codec\Serialization\LiteSerializer.cs","589","Throw\.","Throw.EndOfStream();"
"Nalix.Codec\Serialization\LiteSerializer.cs","656","Throw\.","Throw.EmptyBuffer();"
"Nalix.Codec\Serialization\LiteSerializer.cs","663","Throw\.","Throw.EndOfStream();"
"Nalix.Codec\Serialization\LiteSerializer.cs","682","throw new","?? throw new SerializationFailureException("
"Nalix.Codec\Serialization\LiteSerializer.cs","694","Throw\.","Throw.EndOfStream();"
"Nalix.Codec\Serialization\LiteSerializer.cs","702","throw new","throw new SerializationFailureException("
"Nalix.Codec\Serialization\LiteSerializer.cs","711","Throw\.","Throw.EndOfStream();"
"Nalix.Codec\Serialization\LiteSerializer.cs","776","Throw\.","Throw.EmptyBuffer();"
"Nalix.Codec\Serialization\LiteSerializer.cs","779","throw new","IFillableFormatter<T>? fillable = RootFormatterCache<T>.Fillable ?? throw new SerializationFailureException("
"Nalix.Codec\Serialization\LiteSerializer.cs","785","throw new","throw new SerializationFailureException("
"Nalix.Codec\Serialization\LiteSerializer.cs","806","Throw\.","Throw.EmptyBuffer();"
"Nalix.Codec\Serialization\LiteSerializer.cs","809","throw new","IFillableFormatter<T>? fillable = RootFormatterCache<T>.Fillable ?? throw new SerializationFailureException("
"Nalix.Codec\Serialization\LiteSerializer.cs","813","throw new","throw new SerializationFailureException("
"Nalix.Codec\Serialization\LiteSerializer.cs","859","throw new","?? throw new SerializationFailureException($""Type '{typeof(T).FullName}' is not an array.""), length)"
"Nalix.Codec\Serialization\LiteSerializer.cs","880","throw new","throw new SerializationFailureException("
"Nalix.Codec\Serialization\Formatters\Collections\ArrayFormatter.cs","56","throw new","throw new SerializationFailureException("
"Nalix.Codec\Serialization\Formatters\Collections\DictionaryFormatter.cs","94","throw new","throw new SerializationFailureException("
"Nalix.Codec\Serialization\Formatters\Collections\EnumArrayFormatter.cs","58","throw new","throw new SerializationFailureException("
"Nalix.Codec\Serialization\Formatters\Collections\EnumListFormatter.cs","64","throw new","throw new SerializationFailureException("
"Nalix.Codec\Serialization\Formatters\Collections\HashSetFormatter.cs","82","throw new","throw new SerializationFailureException("
"Nalix.Codec\Serialization\Formatters\Collections\ListFormatter.cs","57","throw new","throw new Abstractions.Exceptions.SerializationFailureException("
"Nalix.Codec\Serialization\Formatters\Collections\QueueFormatter.cs","81","throw new","throw new SerializationFailureException("
"Nalix.Codec\Serialization\Formatters\Collections\StackFormatter.cs","78","throw new","throw new SerializationFailureException("
"Nalix.Codec\Serialization\Formatters\Primitives\EnumFormatter.cs","197","throw new","_ => throw new SerializationFailureException($""Enum underlying type '{s_underlyingTypeCode}' is not supported.""),"
"Nalix.Codec\Serialization\Formatters\Primitives\MemoryFormatter.cs","97","Throw\.","Throw.LengthOutOfRange();"
"Nalix.Codec\Serialization\Formatters\Primitives\MemoryFormatter.cs","108","Throw\.","Throw.LengthOutOfRange();"
"Nalix.Codec\Serialization\Formatters\Primitives\NullableFormatter.cs","95","throw new","throw new SerializationFailureException(""Invalid nullable data!"");"
"Nalix.Codec\Serialization\Formatters\Primitives\StringArrayFormatter.cs","65","throw new","throw new SerializationFailureException(""The string array exceeds the maximum encodable length."");"
"Nalix.Codec\Serialization\Formatters\Primitives\StringArrayFormatter.cs","108","throw new","throw new SerializationFailureException("
"Nalix.Codec\Serialization\Formatters\Primitives\StringFormatter.cs","64","throw new","throw new SerializationFailureException($""String encoded size {byteCount} exceeds the allowed limit of {limit} (Config: Serialization.MaxStringLength)"");"
"Nalix.Codec\Serialization\Formatters\Primitives\StringFormatter.cs","116","throw new","throw new SerializationFailureException($""String length {length} out of range (Config: Serialization.MaxStringLength)"");"
"Nalix.Codec\Serialization\Formatters\Primitives\UnmanagedFormatter.cs","116","throw new","throw new SerializationFailureException("
"Nalix.Codec\Serialization\Formatters\Primitives\UnmanagedFormatter.cs","192","throw new","throw new SerializationFailureException("
"Nalix.Codec\Serialization\Internal\CollectionGuard.cs","17","Throw\.","Throw.LengthOutOfRange();"
"Nalix.Codec\Serialization\Internal\CollectionGuard.cs","23","Throw\.","Throw.Overflow();"
"Nalix.Codec\Serialization\Internal\CollectionGuard.cs","28","Throw\.","Throw.EndOfStream();"
"Nalix.Codec\Serialization\Internal\CollectionGuard.cs","38","Throw\.","Throw.LengthOutOfRange();"
"Nalix.Codec\Serialization\Internal\CollectionGuard.cs","44","Throw\.","Throw.Overflow();"
"Nalix.Codec\Serialization\Internal\CollectionGuard.cs","50","Throw\.","Throw.EndOfStream();"
"Nalix.Codec\Serialization\Internal\Types\TypeMetadata.Cache.cs","75","catch\s*\(\s*Exception","catch (Exception ex) when (ExceptionClassifier.IsNonFatal(ex))"
"Nalix.Codec\Transforms\FrameCipher.cs","38","Throw\.","Throw.CiphertextFrameTooShort();"
"Nalix.Codec\Transforms\FrameCipher.cs","52","catch\s*\(\s*Exception","catch (Exception ex) when (ExceptionClassifier.IsNonFatal(ex))"
"Nalix.Codec\Transforms\FrameCipher.cs","55","throw;","throw;"
"Nalix.Codec\Transforms\FrameCipher.cs","78","catch\s*\(\s*Exception","catch (Exception ex) when (ExceptionClassifier.IsNonFatal(ex))"
"Nalix.Codec\Transforms\FrameCipher.cs","81","throw;","throw;"
"Nalix.Codec\Transforms\FrameCompression.cs","34","Throw\.","Throw.BufferTooSmallForPacket();"
"Nalix.Codec\Transforms\FrameCompression.cs","48","catch\s*\(\s*Exception","catch (Exception ex) when (ExceptionClassifier.IsNonFatal(ex))"
"Nalix.Codec\Transforms\FrameCompression.cs","51","throw;","throw;"
"Nalix.Codec\Transforms\FrameCompression.cs","65","Throw\.","Throw.BufferTooSmallForPacket();"
"Nalix.Codec\Transforms\FrameCompression.cs","80","catch\s*\(\s*Exception","catch (Exception ex) when (ExceptionClassifier.IsNonFatal(ex))"
"Nalix.Codec\Transforms\FrameCompression.cs","83","throw;","throw;"
"Nalix.Codec\Transforms\FramePipeline.cs","45","Throw\.","Throw.EncryptedButNoCipher();"
"Nalix.Codec\Transforms\FramePipeline.cs","50","Throw\.","Throw.EncryptedButNoKey();"
"Nalix.Codec\Transforms\FramePipeline.cs","62","Throw\.","Throw.EncryptedButNoCipher();"
"Nalix.Codec\Transforms\FramePipeline.cs","67","Throw\.","Throw.EncryptedButNoKey();"
"Nalix.Codec\Transforms\FramePipeline.cs","132","catch\s*\(\s*Exception","catch (Exception ex) when (ExceptionClassifier.IsNonFatal(ex))"
"Nalix.Codec\Transforms\FramePipeline.cs","135","throw;","throw;"
"Nalix.Codec\Transforms\FramePipeline.cs","164","Throw\.","Throw.EncryptRequestedButNoCipher();"
"Nalix.Codec\Transforms\FramePipeline.cs","171","Throw\.","Throw.EncryptRequestedButNoSeq();"
"Nalix.Codec\Transforms\FramePipeline.cs","239","catch\s*\(\s*Exception","catch (Exception ex) when (ExceptionClassifier.IsNonFatal(ex))"
"Nalix.Codec\Transforms\FramePipeline.cs","242","throw;","throw;"
"Nalix.Codec\Transforms\FrameTransformer.cs","103","Throw\.","Throw.SourceTooSmallForLZ4Header();"
"Nalix.Codec\Transforms\FrameTransformer.cs","115","Throw\.","Throw.InvalidDecompressedLength();"
"Nalix.Codec\Transforms\FrameTransformer.cs","146","Throw\.","Throw.EncryptionKeyEmpty();"
"Nalix.Codec\Transforms\FrameTransformer.cs","151","Throw\.","Throw.SourceTooSmall();"
"Nalix.Codec\Transforms\FrameTransformer.cs","156","Throw\.","Throw.DestinationTooSmall();"
"Nalix.Codec\Transforms\FrameTransformer.cs","194","Throw\.","Throw.EncryptionKeyEmpty();"
"Nalix.Codec\Transforms\FrameTransformer.cs","199","Throw\.","Throw.SourceTooSmall();"
"Nalix.Codec\Transforms\FrameTransformer.cs","204","Throw\.","Throw.DestinationTooSmall();"
"Nalix.Codec\Transforms\FrameTransformer.cs","234","Throw\.","Throw.BufferTooSmallForPacket();"
"Nalix.Codec\Transforms\FrameTransformer.cs","264","Throw\.","Throw.BufferTooSmallForPacket();"
"Nalix.Environment\Configuration\ConfigurationManager.cs","148","throw new","throw new InvalidOperationException("
"Nalix.Environment\Configuration\ConfigurationManager.cs","196","throw new","throw new ArgumentException("
"Nalix.Environment\Configuration\ConfigurationManager.cs","206","throw new","throw new TimeoutException("
"Nalix.Environment\Configuration\ConfigurationManager.cs","219","throw new","throw new ArgumentException("
"Nalix.Environment\Configuration\ConfigurationManager.cs","230","catch\s*\(\s*Exception","catch (Exception ex) when (ExceptionClassifier.IsNonFatal(ex))"
"Nalix.Environment\Configuration\ConfigurationManager.cs","259","catch\s*\(\s*Exception","catch (Exception ex) when (ExceptionClassifier.IsNonFatal(ex))"
"Nalix.Environment\Configuration\ConfigurationManager.cs","268","throw new","throw new InvalidOperationException("
"Nalix.Environment\Configuration\ConfigurationManager.cs","418","throw new","throw new TimeoutException(""Another configuration reload/path-change operation is already in progress."");"
"Nalix.Environment\Configuration\ConfigurationManager.cs","440","catch\s*\(\s*Exception","catch (Exception ex) when (ExceptionClassifier.IsNonFatal(ex))"
"Nalix.Environment\Configuration\ConfigurationManager.cs","458","throw new","throw new InvalidOperationException("
"Nalix.Environment\Configuration\ConfigurationManager.cs","467","catch\s*\(\s*ObjectDisposedException","catch (ObjectDisposedException) when (_isDisposed)"
"Nalix.Environment\Configuration\ConfigurationManager.cs","586","catch\s*\(\s*Exception","catch (Exception ex) when (ExceptionClassifier.IsNonFatal(ex))"
"Nalix.Environment\Configuration\ConfigurationManager.cs","588","throw;","throw;"
"Nalix.Environment\Configuration\ConfigurationManager.cs","609","catch\s*\(\s*Exception","catch (Exception ex) when (ExceptionClassifier.IsNonFatal(ex))"
"Nalix.Environment\Configuration\ConfigurationManager.cs","636","catch\s*\(\s*ObjectDisposedException","catch (ObjectDisposedException)"
"Nalix.Environment\Configuration\ConfigurationManager.cs","729","catch\s*\(\s*Exception","catch (Exception ex) when (ExceptionClassifier.IsNonFatal(ex))"
"Nalix.Environment\Configuration\ConfigurationManager.cs","772","throw new","throw new InternalErrorException("
"Nalix.Environment\Configuration\ConfigurationManager.cs","800","throw new","throw new InvalidOperationException("
"Nalix.Environment\Configuration\ConfigurationManager.cs","817","throw new","throw new InvalidOperationException($""Directory creation reported success but directory does not exist: {directory}"");"
"Nalix.Environment\Configuration\ConfigurationManager.cs","822","throw new","throw new UnauthorizedAccessException("
"Nalix.Environment\Configuration\ConfigurationManager.cs","827","throw new","throw new PathTooLongException("
"Nalix.Environment\Configuration\ConfigurationManager.cs","832","throw new","throw new IOException("
"Nalix.Environment\Configuration\ConfigurationManager.cs","835","catch\s*\(\s*Exception","catch (Exception ex) when (ex is not InvalidOperationException)"
"Nalix.Environment\Configuration\ConfigurationManager.cs","837","throw new","throw new InvalidOperationException("
"Nalix.Environment\Configuration\ConfigurationManager.cs","885","catch\s*\(\s*Exception","catch (Exception ex) when (ExceptionClassifier.IsNonFatal(ex))"
"Nalix.Environment\Configuration\Binding\IniConfig.cs","97","throw new","throw new ArgumentNullException(nameof(path), ""Configuration file path cannot be null."");"
"Nalix.Environment\Configuration\Binding\IniConfig.cs","102","throw new","throw new ArgumentException(""Configuration file path cannot be empty or whitespace."", nameof(path));"
"Nalix.Environment\Configuration\Binding\IniConfig.cs","112","throw new","throw new ArgumentException($""Invalid configuration file path: {path}"", nameof(path), ex);"
"Nalix.Environment\Configuration\Binding\IniConfig.cs","116","throw new","throw new InternalErrorException($""Security error accessing path: {path}"", ex);"
"Nalix.Environment\Configuration\Binding\IniConfig.cs","120","throw new","throw new ArgumentException($""Unsupported path format: {path}"", nameof(path), ex);"
"Nalix.Environment\Configuration\Binding\IniConfig.cs","126","throw new","throw new ArgumentException("
"Nalix.Environment\Configuration\Binding\IniConfig.cs","175","throw new","throw new ArgumentException("
"Nalix.Environment\Configuration\Binding\IniConfig.cs","181","throw new","throw new ArgumentException("
"Nalix.Environment\Configuration\Binding\IniConfig.cs","350","throw new","throw new ArgumentException(""Configuration key cannot be empty or whitespace."", nameof(key));"
"Nalix.Environment\Configuration\Binding\IniConfig.cs","355","throw new","throw new ArgumentException(""Configuration section cannot be empty or whitespace."", nameof(section));"
"Nalix.Environment\Configuration\Binding\IniConfig.cs","976","catch\s*\(\s*Exception","catch (Exception ex) when (ExceptionClassifier.IsNonFatal(ex))"
"Nalix.Environment\Configuration\Binding\IniConfig.cs","1089","throw;","throw;"
"Nalix.Environment\Configuration\Binding\IniConfig.cs","1198","throw new","throw new InvalidDataException("
"Nalix.Environment\Configuration\Binding\IniConfig.cs","1219","throw new","throw new IOException($""Configuration file not found: {_path}"", ex);"
"Nalix.Environment\Configuration\Binding\IniConfig.cs","1223","throw new","throw new UnauthorizedAccessException($""Access denied to configuration file: {_path}"", ex);"
"Nalix.Environment\Configuration\Binding\IniConfig.cs","1228","throw;","throw;"
"Nalix.Environment\Configuration\Binding\IniConfig.cs","1230","catch\s*\(\s*Exception","catch (Exception ex) when (ExceptionClassifier.IsNonFatal(ex))"
"Nalix.Environment\Configuration\Binding\IniConfig.cs","1232","throw new","throw new IOException($""Error reading configuration file: {_path}"", ex);"
"Nalix.Environment\Configuration\Binding\IniConfig.cs","1381","throw new","throw new InvalidOperationException("
"Nalix.Environment\Configuration\Binding\IniConfig.cs","1393","throw new","throw new UnauthorizedAccessException("
"Nalix.Environment\Configuration\Binding\IniConfig.cs","1530","throw new","throw new UnauthorizedAccessException($""Access denied when writing configuration file: {_path}"", ex);"
"Nalix.Environment\Configuration\Binding\IniConfig.cs","1534","throw new","throw new IOException($""Configuration file path is too long: {_path}"", ex);"
"Nalix.Environment\Configuration\Binding\IniConfig.cs","1538","throw new","throw new IOException($""I/O error writing configuration file: {_path}"", ex);"
"Nalix.Environment\Configuration\Binding\IniConfig.cs","1549","catch\s*\(\s*Exception","catch (Exception ex) when (ExceptionClassifier.IsNonFatal(ex))"
"Nalix.Environment\Extensions\HeaderExtensions.cs","28","throw new","throw new ArgumentException("
"Nalix.Environment\Extensions\HeaderExtensions.cs","43","throw new","throw new ArgumentException("
"Nalix.Environment\Fragments\FragmentAssembler.cs","142","throw new","throw new InvalidDataException("
"Nalix.Environment\Fragments\FragmentAssembler.cs","159","throw new","throw new InvalidDataException("
"Nalix.Environment\Fragments\FragmentAssembler.cs","193","throw new","throw new InvalidDataException("
"Nalix.Environment\Fragments\FragmentAssembler.cs","200","throw new","throw new InvalidDataException("
"Nalix.Environment\Fragments\FragmentHeader.cs","94","throw new","throw new InternalErrorException("
"Nalix.Environment\Fragments\FragmentHeader.cs","141","throw new","private static void THROW_INVALID_MAGIC() => throw new InvalidDataException(""Invalid fragment magic"");"
"Nalix.Environment\IO\Directories.Lazy.cs","89","catch\s*\(\s*Exception","catch (Exception ex) when (ExceptionClassifier.IsNonFatal(ex))"
"Nalix.Environment\IO\Directories.PublicMethods.cs","28","throw new","throw new ArgumentNullException(nameof(directoryPath));"
"Nalix.Environment\IO\Directories.PublicMethods.cs","33","throw new","throw new ArgumentNullException(nameof(fileName));"
"Nalix.Environment\IO\Directories.PublicMethods.cs","50","throw new","throw new ArgumentNullException(nameof(directoryPath));"
"Nalix.Environment\IO\Directories.PublicMethods.cs","94","catch\s*\(\s*Exception","catch (Exception ex) when (ExceptionClassifier.IsNonFatal(ex))"
"Nalix.Environment\IO\Directories.PublicMethods.cs","100","catch\s*\(\s*Exception","catch (Exception ex) when (ExceptionClassifier.IsNonFatal(ex))"
"Nalix.Environment\IO\Directories.PublicMethods.cs","156","throw new","throw new ArgumentNullException(nameof(path));"
"Nalix.Environment\IO\Directories.PublicMethods.cs","176","throw new","throw new ArgumentNullException(nameof(path));"
"Nalix.Environment\IO\Directories.UnixDirPerms.cs","70","throw new","throw new ArgumentNullException(nameof(path));"
"Nalix.Environment\IO\Directories.UnixDirPerms.cs","101","catch\s*\(\s*Exception","catch (Exception ex) when (ExceptionClassifier.IsNonFatal(ex))"
"Nalix.Environment\IO\Directories.UnixDirPerms.cs","106","throw new","throw new IOException(msg, ex);"
"Nalix.Environment\IO\Directories.UnixDirPerms.cs","192","throw new","_ => throw new ArgumentOutOfRangeException(nameof(perms), perms, ""Unknown UnixDirPerms value"")"
"Nalix.Environment\IO\Directories.UnixDirPerms.cs","198","catch\s*\(\s*Exception","catch (Exception ex) when (ExceptionClassifier.IsNonFatal(ex))"
"Nalix.Environment\IO\Directories.UnixDirPerms.cs","260","catch\s*\(\s*Exception","catch (Exception ex) when (ExceptionClassifier.IsNonFatal(ex))"
"Nalix.Environment\IO\Directories.UnixDirPerms.cs","320","throw new","=> throw new UnauthorizedAccessException($""Absolute path '{name}' is not allowed."");"
"Nalix.Environment\IO\Directories.UnixDirPerms.cs","325","throw new","=> throw new UnauthorizedAccessException($""Path '{name}' escapes base directory."");"
"Nalix.Environment\IO\Directories.UnixDirPerms.cs","343","catch\s*\(\s*Exception","catch (Exception ex) when (ExceptionClassifier.IsNonFatal(ex))"
"Nalix.Environment\IO\Directories.UnixDirPerms.cs","359","catch\s*\(\s*Exception","catch (Exception ex) when (ExceptionClassifier.IsNonFatal(ex))"
"Nalix.Environment\Memory\BufferLease.cs","216","throw new","throw new ArgumentOutOfRangeException(nameof(start));"
"Nalix.Environment\Memory\BufferLease.cs","221","throw new","throw new ArgumentOutOfRangeException(nameof(length));"
"Nalix.Environment\Memory\BufferLease.cs","368","throw new","=> throw new InternalErrorException("
"Nalix.Environment\Memory\BufferLease.cs","390","throw new","private static void THROW_OUT_OF_RANGE() => throw new ArgumentOutOfRangeException(""length"");"
"Nalix.Environment\Memory\DataReader.cs","64","throw new","_buffer = buffer ?? throw new ArgumentNullException(nameof(buffer));"
"Nalix.Environment\Memory\DataReader.cs","120","Throw\.","Throw.EndOfStream();"
"Nalix.Environment\Memory\DataReader.cs","138","Throw\.","Throw.EndOfStream();"
"Nalix.Environment\Memory\DataWriter.cs","60","throw new","throw new ArgumentOutOfRangeException(nameof(size), ""SIZE must be greater than zero."");"
"Nalix.Environment\Memory\DataWriter.cs","83","throw new","throw new ArgumentOutOfRangeException(nameof(buffer), ""SIZE must be greater than zero."");"
"Nalix.Environment\Memory\DataWriter.cs","102","throw new","throw new ArgumentOutOfRangeException(nameof(span), ""SIZE must be greater than zero."");"
"Nalix.Environment\Memory\DataWriter.cs","147","Throw\.","Throw.AdvanceOutOfBound();"
"Nalix.Environment\Memory\DataWriter.cs","176","throw new","throw new ArgumentOutOfRangeException("
"Nalix.Environment\Memory\DataWriter.cs","187","Throw\.","Throw.FixedBufferExpansion();"
"Nalix.Environment\Memory\DataWriter.cs","208","throw new","throw new Abstractions.Exceptions.SerializationFailureException("
"Nalix.Environment\Memory\DataWriter.cs","214","throw new","throw new Abstractions.Exceptions.SerializationFailureException("
"Nalix.Environment\Memory\DataWriter.cs","267","throw new","private static void THROW_OUT_OF_RANGE() => throw new ArgumentOutOfRangeException(""count"");"
"Nalix.Environment\Memory\Leb128.cs","134","Throw\.","Throw.OverlongLeb128();"
"Nalix.Environment\Memory\Leb128.cs","179","Throw\.","Throw.OverlongLeb128();"
"Nalix.Environment\Options\FragmentOptions.cs","76","throw new","throw new ValidationException("
"Nalix.Environment\Options\FragmentOptions.cs","83","throw new","throw new ValidationException("
"Nalix.Environment\Options\FragmentOptions.cs","90","throw new","throw new ValidationException("
"Nalix.Environment\Options\MemoryOptions.cs","50","throw new","throw new ValidationException($""BufferLeaseSharedPoolSize must be a positive power of 2."");"
"Nalix.Environment\Options\SequenceOptions.cs","41","throw new","throw new ValidationException(""UdpWindow should be greater than or equal to TcpWindow."");"
"Nalix.Environment\Random\Csprng.cs","49","catch\s*\(\s*Exception","catch (Exception ex) when (!IsFatal(ex))"
"Nalix.Environment\Random\Csprng.cs","108","throw new","throw new ArgumentOutOfRangeException("
"Nalix.Environment\Random\Csprng.cs","114","throw new","throw new ArgumentOutOfRangeException("
"Nalix.Environment\Random\Csprng.cs","161","throw new","=> throw new ArgumentOutOfRangeException(nameof(length), length, ""Length cannot be negative."");"
"Nalix.Environment\Random\Csprng.cs","166","throw new","=> throw new ArgumentOutOfRangeException(nameof(length), length, $""Length cannot exceed {MaxByteArrayLength} bytes."");"
"Nalix.Environment\Random\Csprng.cs","186","throw new","throw new ArgumentOutOfRangeException(nameof(max), max, ""Max must be greater than min."");"
"Nalix.Environment\Random\OsCsprng.cs","140","throw new","throw new CipherException($""BCryptGenRandom failed: status=0x{status:X}."");"
"Nalix.Environment\Random\OsCsprng.cs","194","throw new","throw new CipherException($""OS CSPRNG unavailable (getrandom failed with errno={errno})."");"
"Nalix.Environment\Random\OsCsprng.cs","200","throw new","throw new CipherException(""OS CSPRNG unavailable (getrandom returned 0 bytes)."");"
"Nalix.Environment\Random\OsCsprng.cs","259","throw new","throw new CipherException(""OS CSPRNG unavailable (/dev/urandom returned 0 bytes)."");"
"Nalix.Environment\Time\Clock.Unix.cs","81","throw new","private static void THROW_OVERFLOW_MAX() => throw new OverflowException(""Unix timestamp exceeds UInt32.MaxValue. This typically occurs after year 2106."");"
"Nalix.Environment\Time\Clock.Unix.cs","85","throw new","private static void THROW_OVERFLOW_MIN() => throw new OverflowException(""Unix timestamp is negative, indicating time before Unix epoch."");"
"Nalix.Framework\Extensions\ReportExtensions.cs","134","catch\s*\(\s*Exception","catch (Exception ex) when (ExceptionClassifier.IsNonFatal(ex))"
"Nalix.Framework\Identifiers\Snowflake.cs","280","catch\s*\(\s*Exception","catch (Exception ex) when (ExceptionClassifier.IsNonFatal(ex))"
"Nalix.Framework\Identifiers\Snowflake.Serialization.cs","142","throw new","private static void THROW_INVALID_BUFFER_SIZE(int length) => throw new SerializationFailureException($""Input buffer must be exactly {Size} bytes. Received {length} bytes."");"
"Nalix.Framework\Identifiers\Snowflake.Serialization.cs","146","throw new","private static Snowflake THROW_NULL_BYTE_ARRAY() => throw new SerializationFailureException(""Byte array cannot be null."");"
"Nalix.Framework\Injection\InstanceManager.Activators.cs","73","catch\s*\(\s*ObjectDisposedException","catch (ObjectDisposedException)"
"Nalix.Framework\Injection\InstanceManager.Activators.cs","77","catch\s*\(\s*Exception","catch (Exception ex) when (ExceptionClassifier.IsNonFatal(ex))"
"Nalix.Framework\Injection\InstanceManager.Activators.cs","125","catch\s*\(\s*Exception","catch (Exception ex) when (ExceptionClassifier.IsNonFatal(ex))"
"Nalix.Framework\Injection\InstanceManager.Activators.cs","168","catch\s*\(\s*Exception","catch (Exception ex) when (ExceptionClassifier.IsNonFatal(ex))"
"Nalix.Framework\Injection\InstanceManager.Activators.cs","206","catch\s*\(\s*ObjectDisposedException","catch (ObjectDisposedException)"
"Nalix.Framework\Injection\InstanceManager.Activators.cs","210","catch\s*\(\s*Exception","catch (Exception dex) when (ExceptionClassifier.IsNonFatal(dex))"
"Nalix.Framework\Injection\InstanceManager.Activators.cs","235","throw;","throw;"
"Nalix.Framework\Injection\InstanceManager.Activators.cs","237","catch\s*\(\s*Exception","catch (Exception ex) when (ExceptionClassifier.IsNonFatal(ex))"
"Nalix.Framework\Injection\InstanceManager.Activators.cs","241","throw new","throw new InternalErrorException($""Failed to create instance for type {type.Name}."", ex);"
"Nalix.Framework\Injection\InstanceManager.Activators.cs","283","throw new","throw new InvalidOperationException("
"Nalix.Framework\Injection\InstanceManager.Activators.cs","364","throw new","return best ?? throw new InternalErrorException($""Type {type.Name} does not have a suitable constructor for the provided arguments."");"
"Nalix.Framework\Injection\InstanceManager.Activators.cs","501","throw new","throw new InternalErrorException("
"Nalix.Framework\Injection\InstanceManager.cs","120","catch\s*\(\s*Exception","catch (Exception ex) when (ExceptionClassifier.IsNonFatal(ex))"
"Nalix.Framework\Injection\InstanceManager.cs","156","catch\s*\(\s*Exception","catch (Exception ex) when (ExceptionClassifier.IsNonFatal(ex))"
"Nalix.Framework\Injection\InstanceManager.cs","217","throw new","throw new InvalidOperationException(""InstanceManager is locked. Further registrations are not permitted."");"
"Nalix.Framework\Injection\InstanceManager.cs","261","catch\s*\(\s*Exception","catch (Exception ex) when (ExceptionClassifier.IsNonFatal(ex))"
"Nalix.Framework\Injection\InstanceManager.cs","348","catch\s*\(\s*ObjectDisposedException","catch (ObjectDisposedException)"
"Nalix.Framework\Injection\InstanceManager.cs","353","catch\s*\(\s*Exception","catch (Exception ex) when (ExceptionClassifier.IsNonFatal(ex))"
"Nalix.Framework\Injection\InstanceManager.cs","432","throw new","throw new InvalidOperationException(""InstanceManager is locked. Dynamic instance creation is not permitted."");"
"Nalix.Framework\Injection\InstanceManager.cs","526","catch\s*\(\s*ObjectDisposedException","catch (ObjectDisposedException)"
"Nalix.Framework\Injection\InstanceManager.cs","530","catch\s*\(\s*Exception","catch (Exception ex) when (ExceptionClassifier.IsNonFatal(ex))"
"Nalix.Framework\Injection\InstanceManager.cs","560","catch\s*\(\s*ObjectDisposedException","catch (ObjectDisposedException)"
"Nalix.Framework\Injection\InstanceManager.cs","564","catch\s*\(\s*Exception","catch (Exception ex) when (ExceptionClassifier.IsNonFatal(ex))"
"Nalix.Framework\Injection\InstanceManager.cs","679","catch\s*\(\s*ObjectDisposedException","catch (ObjectDisposedException)"
"Nalix.Framework\Injection\InstanceManager.cs","683","catch\s*\(\s*Exception","catch (Exception ex) when (ExceptionClassifier.IsNonFatal(ex))"
"Nalix.Framework\Injection\InstanceManager.cs","729","catch\s*\(\s*ObjectDisposedException","catch (ObjectDisposedException)"
"Nalix.Framework\Injection\InstanceManager.cs","733","catch\s*\(\s*Exception","catch (Exception ex) when (ExceptionClassifier.IsNonFatal(ex))"
"Nalix.Framework\Injection\InstanceManager.cs","745","catch\s*\(\s*Exception","catch (Exception ex) when (ExceptionClassifier.IsNonFatal(ex)) { this.Emit(DiagnosticsEvents.Injection.Failure, ""FW.InstanceManager:DisposeManaged"", ""mutex-release-failed"", ex); }"
"Nalix.Framework\Injection\DI\Singleton.cs","101","throw new","throw new InvalidOperationException($""Service already registered: type={type.FullName}."");"
"Nalix.Framework\Injection\DI\Singleton.cs","134","throw new","throw new InvalidOperationException($""Type {interfaceType.Name} has been registered."");"
"Nalix.Framework\Injection\DI\Singleton.cs","317","throw new","?? throw new InvalidOperationException("
"Nalix.Framework\Injection\DI\Singleton.cs","327","catch\s*\(\s*Exception","catch (Exception ex) when (ExceptionClassifier.IsNonFatal(ex))"
"Nalix.Framework\Injection\DI\Singleton.cs","329","throw new","throw new InvalidOperationException("
"Nalix.Framework\Injection\DI\Singleton.cs","336","throw new","return !createIfNotExists ? null : throw new System.InvalidOperationException($""No registration found for type {type.Name}"");"
"Nalix.Framework\Injection\DI\Singleton.cs","373","catch\s*\(\s*Exception","catch (Exception ex) when (ExceptionClassifier.IsNonFatal(ex))"
"Nalix.Framework\Injection\DI\SingletonBase.cs","127","catch\s*\(\s*Exception","catch (Exception ex) when (ExceptionClassifier.IsNonFatal(ex))"
"Nalix.Framework\Injection\DI\SingletonBase.cs","129","throw new","throw new InternalErrorException("
"Nalix.Framework\Injection\DI\SingletonBase.cs","149","throw new","?? throw new MissingMethodException("
"Nalix.Framework\Memory\Buffers\BufferPoolManager.cs","285","throw new","throw new ArgumentException(""No suitable bucket found."");"
"Nalix.Framework\Memory\Buffers\BufferPoolManager.cs","354","ExceptionDispatchInfo","ExceptionDispatchInfo.Capture(ex).Throw();"
"Nalix.Framework\Memory\Buffers\BufferPoolManager.cs","355","throw new","throw new InvalidOperationException(""Unreachable"");"
"Nalix.Framework\Memory\Internal\Buffers\SlabBucket.cs","395","throw new","private void THROW_ALLOCATION_FAILED() => throw new InvalidOperationException(""SlabBucket: failed to allocate standalone buffer."");"
"Nalix.Framework\Memory\Objects\ObjectMap.cs","112","throw new","throw new ArgumentException($""An element with the same key already exists: {key}"");"
"Nalix.Framework\Memory\Objects\ObjectMap.cs","126","throw new","throw new ArgumentException($""An element with the same key already exists: {item.Key}"");"
"Nalix.Framework\Memory\Objects\ObjectPoolManager.Cleanup.cs","54","catch\s*\(\s*Exception","catch (Exception ex) when (ExceptionClassifier.IsNonFatal(ex))"
"Nalix.Framework\Memory\Objects\ObjectPoolManager.cs","410","throw new","throw new ArgumentOutOfRangeException(nameof(count), ""Count must be greater than zero."");"
"Nalix.Framework\Memory\Objects\ObjectPoolManager.cs","735","throw new","private static void THROW_NULL_OBJECT() => throw new ArgumentNullException(""obj"", ""Object cannot be null."");"
"Nalix.Framework\Memory\Objects\TypedObjectPool.cs","181","throw;","throw;"
"Nalix.Framework\Memory\Pools\ObjectPool.cs","508","throw new","throw new ArgumentException(""Count must be greater than zero."", nameof(count));"
"Nalix.Framework\Memory\Pools\ObjectPool.cs","525","throw;","throw;"
"Nalix.Framework\Memory\Pools\ObjectPool.cs","565","throw new","private static void THROW_NULL_OBJECT() => throw new ArgumentNullException(""obj"");"
"Nalix.Framework\Options\BufferOptions.cs","198","throw new","throw new ValidationException("
"Nalix.Framework\Options\BufferOptions.cs","218","throw new","throw new ValidationException("
"Nalix.Framework\Options\BufferOptions.cs","224","throw new","throw new ValidationException("
"Nalix.Framework\Options\BufferOptions.cs","228","catch\s*\(\s*Exception","catch (Exception ex) when (ExceptionClassifier.IsNonFatal(ex))"
"Nalix.Framework\Options\BufferOptions.cs","230","throw new","throw new ValidationException("
"Nalix.Framework\Options\BufferOptions.cs","236","throw new","throw new ValidationException("
"Nalix.Framework\Options\BufferOptions.cs","242","throw new","throw new ValidationException("
"Nalix.Framework\Options\BufferOptions.cs","262","throw new","? throw new ArgumentException("
"Nalix.Framework\Options\BufferOptions.cs","271","throw new","? throw new ArgumentException("
"Nalix.Framework\Options\BufferOptions.cs","275","catch\s*\(\s*Exception","catch (Exception ex) when (ex is FormatException or ArgumentException"
"Nalix.Framework\Options\BufferOptions.cs","278","throw new","throw new ArgumentException("
"Nalix.Framework\Options\BufferOptions.cs","297","throw new","throw new FormatException($""[{nameof(BufferOptions)}] Incorrectly formatted pair: '{pair}'."");"
"Nalix.Framework\Options\BufferOptions.cs","302","throw new","throw new ArgumentOutOfRangeException(nameof(bufferAllocationsString), $""[{nameof(BufferOptions)}] SIZE must be > 0."");"
"Nalix.Framework\Options\BufferOptions.cs","307","throw new","throw new ArgumentOutOfRangeException(nameof(bufferAllocationsString), $""[{nameof(BufferOptions)}] Ratio must be (0,1]."");"
"Nalix.Framework\Options\TaskManagerOptions.cs","124","throw new","throw new System.ComponentModel.DataAnnotations.ValidationException("
"Nalix.Framework\Options\TaskManagerOptions.cs","130","throw new","throw new System.ComponentModel.DataAnnotations.ValidationException(""CleanupInterval must be at least 1 second."");"
"Nalix.Framework\Options\TaskManagerOptions.cs","135","throw new","throw new System.ComponentModel.DataAnnotations.ValidationException(""BusyWaitThreshold cannot be negative."");"
"Nalix.Framework\Options\TaskManagerOptions.cs","140","throw new","throw new System.ComponentModel.DataAnnotations.ValidationException(""BackoffBaseInterval must be at least 10ms."");"
"Nalix.Framework\Options\TaskManagerOptions.cs","145","throw new","throw new System.ComponentModel.DataAnnotations.ValidationException(""CpuWarmupDuration cannot be negative."");"
"Nalix.Framework\Options\TaskManagerOptions.cs","150","throw new","throw new System.ComponentModel.DataAnnotations.ValidationException(""MaxWorkers must be positive."");"
"Nalix.Framework\Options\TaskManagerOptions.cs","155","throw new","throw new System.ComponentModel.DataAnnotations.ValidationException(""ObservingInterval must be positive."");"
"Nalix.Framework\Tasks\TaskManager.Cleanup.cs","59","catch\s*\(\s*Exception","catch (Exception ex) when (ExceptionClassifier.IsNonFatal(ex))"
"Nalix.Framework\Tasks\TaskManager.Cleanup.cs","80","catch\s*\(\s*Exception","catch (Exception ex) when (ExceptionClassifier.IsNonFatal(ex))"
"Nalix.Framework\Tasks\TaskManager.Cleanup.cs","99","catch\s*\(\s*Exception","catch (Exception ex) when (ExceptionClassifier.IsNonFatal(ex))"
"Nalix.Framework\Tasks\TaskManager.Cleanup.cs","107","catch\s*\(\s*Exception","catch (Exception ex) when (ExceptionClassifier.IsNonFatal(ex))"
"Nalix.Framework\Tasks\TaskManager.Cleanup.cs","126","catch\s*\(\s*Exception","catch (Exception ex) when (ExceptionClassifier.IsNonFatal(ex))"
"Nalix.Framework\Tasks\TaskManager.Cleanup.cs","137","catch\s*\(\s*Exception","catch (Exception ex) when (ExceptionClassifier.IsNonFatal(ex))"
"Nalix.Framework\Tasks\TaskManager.Cleanup.cs","159","catch\s*\(\s*Exception","catch (Exception ex) when (ExceptionClassifier.IsNonFatal(ex))"
"Nalix.Framework\Tasks\TaskManager.Cleanup.cs","175","catch\s*\(\s*Exception","catch (Exception ex) when (ExceptionClassifier.IsNonFatal(ex))"
"Nalix.Framework\Tasks\TaskManager.Cleanup.cs","192","catch\s*\(\s*Exception","catch (Exception ex) when (ExceptionClassifier.IsNonFatal(ex))"
"Nalix.Framework\Tasks\TaskManager.Cleanup.cs","210","catch\s*\(\s*Exception","catch (Exception ex) when (ExceptionClassifier.IsNonFatal(ex))"
"Nalix.Framework\Tasks\TaskManager.Cleanup.cs","225","catch\s*\(\s*Exception","catch (Exception ex) when (ExceptionClassifier.IsNonFatal(ex))"
"Nalix.Framework\Tasks\TaskManager.Cleanup.cs","237","catch\s*\(\s*Exception","catch (Exception ex) when (ExceptionClassifier.IsNonFatal(ex))"
"Nalix.Framework\Tasks\TaskManager.Cleanup.cs","249","catch\s*\(\s*Exception","catch (Exception ex) when (ExceptionClassifier.IsNonFatal(ex))"
"Nalix.Framework\Tasks\TaskManager.cs","201","catch\s*\(\s*Exception","catch (Exception ex) when (ExceptionClassifier.IsNonFatal(ex))"
"Nalix.Framework\Tasks\TaskManager.cs","274","throw new","throw new InternalErrorException($""[{nameof(TaskManager)}:{nameof(ScheduleWorker)}] cannot add worker"");"
"Nalix.Framework\Tasks\TaskManager.cs","360","throw new","throw new InternalErrorException($""[{nameof(TaskManager)}] duplicate recurring name: {name}"");"
"Nalix.Framework\Tasks\TaskManager.cs","393","throw;","throw;"
"Nalix.Framework\Tasks\TaskManager.cs","395","catch\s*\(\s*Exception","catch (Exception ex) when (ExceptionClassifier.IsNonFatal(ex))"
"Nalix.Framework\Tasks\TaskManager.cs","401","throw;","throw;"
"Nalix.Framework\Tasks\TaskManager.cs","532","catch\s*\(\s*ObjectDisposedException","catch (ObjectDisposedException) { } // Ignore if already disposed"
"Nalix.Framework\Tasks\TaskManager.cs","533","catch\s*\(\s*Exception","catch (Exception ex) when (ExceptionClassifier.IsNonFatal(ex))"
"Nalix.Framework\Tasks\TaskManager.cs","598","catch\s*\(\s*ObjectDisposedException","catch (ObjectDisposedException) { }"
"Nalix.Framework\Tasks\TaskManager.cs","599","catch\s*\(\s*Exception","catch (Exception ex) when (ExceptionClassifier.IsNonFatal(ex))"
"Nalix.Framework\Tasks\TaskManager.cs","607","catch\s*\(\s*ObjectDisposedException","catch (ObjectDisposedException) { }"
"Nalix.Framework\Tasks\TaskManager.cs","608","catch\s*\(\s*Exception","catch (Exception ex) when (ExceptionClassifier.IsNonFatal(ex))"
"Nalix.Framework\Tasks\TaskManager.cs","627","catch\s*\(\s*Exception","catch (Exception ex) when (ExceptionClassifier.IsNonFatal(ex))"
"Nalix.Framework\Tasks\TaskManager.cs","638","catch\s*\(\s*Exception","catch (Exception ex) when (ExceptionClassifier.IsNonFatal(ex))"
"Nalix.Framework\Tasks\TaskManager.cs","748","throw;","throw;"
"Nalix.Framework\Tasks\TaskManager.cs","750","catch\s*\(\s*Exception","catch (Exception ex) when (ExceptionClassifier.IsNonFatal(ex))"
"Nalix.Framework\Tasks\TaskManager.PrivateMethods.cs","155","catch\s*\(\s*Exception","catch (Exception ex) when (ExceptionClassifier.IsNonFatal(ex))"
"Nalix.Framework\Tasks\TaskManager.PrivateMethods.cs","187","catch\s*\(\s*Exception","catch (Exception ex) when (ExceptionClassifier.IsNonFatal(ex))"
"Nalix.Framework\Tasks\TaskManager.PrivateMethods.cs","307","catch\s*\(\s*Exception","catch (Exception ex) when (ExceptionClassifier.IsNonFatal(ex))"
"Nalix.Framework\Tasks\TaskManager.PrivateMethods.cs","328","catch\s*\(\s*Exception","catch (Exception ex) when (ExceptionClassifier.IsNonFatal(ex))"
"Nalix.Framework\Tasks\TaskManager.PrivateMethods.cs","376","throw new","throw new InvalidOperationException("
"Nalix.Framework\Tasks\TaskManager.PrivateMethods.cs","420","catch\s*\(\s*Exception","catch (Exception ex) when (ExceptionClassifier.IsNonFatal(ex))"
"Nalix.Framework\Tasks\TaskManager.PrivateMethods.cs","492","catch\s*\(\s*ObjectDisposedException","catch (ObjectDisposedException) { }"
"Nalix.Framework\Tasks\TaskManager.PrivateMethods.cs","493","catch\s*\(\s*Exception","catch (Exception ex) when (ExceptionClassifier.IsNonFatal(ex))"
"Nalix.Framework\Tasks\TaskManager.PrivateMethods.cs","552","catch\s*\(\s*Exception","catch (Exception ex) when (ExceptionClassifier.IsNonFatal(ex))"
"Nalix.Framework\Tasks\TaskManager.PrivateMethods.cs","584","catch\s*\(\s*Exception","catch (Exception cbex) when (ExceptionClassifier.IsNonFatal(cbex))"
"Nalix.Framework\Tasks\TaskManager.PrivateMethods.cs","600","catch\s*\(\s*Exception","catch (Exception ex) when (ExceptionClassifier.IsNonFatal(ex))"
"Nalix.Framework\Tasks\TaskManager.PrivateMethods.cs","771","catch\s*\(\s*Exception","catch (Exception ex) when (ExceptionClassifier.IsNonFatal(ex))"
"Nalix.Framework\Tasks\TaskManager.PrivateMethods.cs","796","catch\s*\(\s*Exception","catch (Exception ex) when (ExceptionClassifier.IsNonFatal(ex))"
"Nalix.Framework\Tasks\TaskManager.PrivateMethods.cs","808","catch\s*\(\s*Exception","catch (Exception ex) when (ExceptionClassifier.IsNonFatal(ex))"
"Nalix.Framework\Tasks\TaskManager.PrivateMethods.cs","894","catch\s*\(\s*ObjectDisposedException","catch (ObjectDisposedException) { }"
"Nalix.Framework\Tasks\TaskManager.PrivateMethods.cs","895","catch\s*\(\s*Exception","catch (Exception ex) when (ExceptionClassifier.IsNonFatal(ex))"
"Nalix.Framework\Tasks\TaskManager.PrivateMethods.cs","930","catch\s*\(\s*Exception","catch (Exception ex) when (ExceptionClassifier.IsNonFatal(ex))"
"Nalix.Framework\Tasks\TaskManager.PrivateMethods.cs","1009","catch\s*\(\s*Exception","catch (Exception ex) when (ExceptionClassifier.IsNonFatal(ex))"
"Nalix.Framework\Tasks\TaskManager.PrivateMethods.cs","1141","catch\s*\(\s*Exception","catch (Exception ex) when (ExceptionClassifier.IsNonFatal(ex))"
"Nalix.Framework\Tasks\TaskManager.Report.cs","63","catch\s*\(\s*Exception","catch (Exception ex) when (ExceptionClassifier.IsNonFatal(ex))"
"Nalix.Framework\Tasks\TaskManager.Report.cs","92","catch\s*\(\s*Exception","catch (Exception ex) when (ExceptionClassifier.IsNonFatal(ex))"
"Nalix.Framework\Tasks\TaskManager.Report.cs","297","catch\s*\(\s*Exception","catch (Exception ex) when (ExceptionClassifier.IsNonFatal(ex))"
"Nalix.Framework\Tasks\TaskManager.State.cs","247","catch\s*\(\s*ObjectDisposedException","catch (ObjectDisposedException) { }"
"Nalix.Hosting\Bootstrap.cs","274","catch\s*\(\s*Exception","catch (Exception ex) when (ExceptionClassifier.IsNonFatal(ex))"
"Nalix.Hosting\NetworkApplication.cs","101","throw new","_logger = logger ?? throw new ArgumentNullException(nameof(logger));"
"Nalix.Hosting\NetworkApplication.cs","102","throw new","_prepareCallbacks = prepareCallbacks ?? throw new ArgumentNullException(nameof(prepareCallbacks));"
"Nalix.Hosting\NetworkApplication.cs","103","throw new","_dispatchFactory = dispatchFactory ?? throw new ArgumentNullException(nameof(dispatchFactory));"
"Nalix.Hosting\NetworkApplication.cs","104","throw new","_serverFactories = serverFactories ?? throw new ArgumentNullException(nameof(serverFactories));"
"Nalix.Hosting\NetworkApplication.cs","187","catch\s*\(\s*Exception","catch (Exception ex) when (ExceptionClassifier.IsNonFatal(ex)) { }"
"Nalix.Hosting\NetworkApplication.cs","197","catch\s*\(\s*Exception","catch (Exception ex) when (ExceptionClassifier.IsNonFatal(ex))"
"Nalix.Hosting\NetworkApplication.cs","235","throw;","throw;"
"Nalix.Hosting\NetworkApplication.cs","251","catch\s*\(\s*Exception","catch (Exception ex) when (ExceptionClassifier.IsNonFatal(ex)) { }"
"Nalix.Hosting\NetworkApplication.cs","253","catch\s*\(\s*Exception","catch (Exception ex) when (ExceptionClassifier.IsNonFatal(ex)) { }"
"Nalix.Hosting\NetworkApplication.cs","260","catch\s*\(\s*Exception","catch (Exception ex) when (ExceptionClassifier.IsNonFatal(ex)) { }"
"Nalix.Hosting\NetworkApplication.cs","265","catch\s*\(\s*Exception","catch (Exception ex) when (ExceptionClassifier.IsNonFatal(ex)) { }"
"Nalix.Hosting\NetworkApplication.cs","287","catch\s*\(\s*Exception","catch (Exception ex) when (ExceptionClassifier.IsNonFatal(ex))"
"Nalix.Hosting\NetworkApplication.cs","301","catch\s*\(\s*Exception","catch (Exception ex) when (ExceptionClassifier.IsNonFatal(ex))"
"Nalix.Hosting\NetworkApplication.cs","313","catch\s*\(\s*Exception","catch (Exception ex) when (ExceptionClassifier.IsNonFatal(ex))"
"Nalix.Hosting\NetworkApplication.cs","337","catch\s*\(\s*Exception","catch (Exception ex) when (ExceptionClassifier.IsNonFatal(ex))"
"Nalix.Hosting\NetworkApplication.cs","361","catch\s*\(\s*Exception","catch (Exception ex) when (ExceptionClassifier.IsNonFatal(ex))"
"Nalix.Hosting\NetworkApplication.cs","398","catch\s*\(\s*Exception","catch (Exception ex) when (ExceptionClassifier.IsNonFatal(ex))"
"Nalix.Hosting\NetworkApplicationBuilder.cs","47","throw new","?? throw new MissingMethodException(typeof(NetworkApplicationBuilder).FullName, nameof(ApplyOptionsCore));"
"Nalix.Hosting\NetworkApplicationBuilder.cs","50","throw new","?? throw new MissingMethodException(typeof(ServiceRegistrar).FullName, nameof(ServiceRegistrar.RegisterHandler));"
"Nalix.Hosting\NetworkApplicationBuilder.cs","53","throw new","internal NetworkApplicationBuilder(HostingBuilderContext state) => _state = state ?? throw new ArgumentNullException(nameof(state));"
"Nalix.Hosting\NetworkApplicationBuilder.cs","322","throw new","?? throw new InvalidOperationException(""IConnectionHub is not registered. Call ConfigureConnectionHub or ensure Build() is invoked."");"
"Nalix.Hosting\NetworkApplicationBuilder.cs","348","throw new","?? throw new InvalidOperationException(""IConnectionHub is not registered. Call ConfigureConnectionHub or ensure Build() is invoked."");"
"Nalix.Hosting\NetworkApplicationBuilder.cs","368","throw new","throw new InvalidOperationException("
"Nalix.Hosting\NetworkApplicationBuilder.cs","398","throw new","?? throw new InvalidOperationException(""IConnectionHub is not registered. Call ConfigureConnectionHub or ensure Build() is invoked."");"
"Nalix.Hosting\Internal\ServiceRegistrar.cs","74","throw;","throw;"
"Nalix.Hosting\Internal\ServiceRegistrar.cs","110","throw;","throw;"
"Nalix.Hosting\Internal\ServiceRegistrar.cs","134","throw;","throw;"
"Nalix.Hosting\Protocols\DefaultFrameProcessor.cs","104","Throw\.","Throw.EventArgsMustHaveLease();"
"Nalix.Hosting\Protocols\DefaultFrameProcessor.cs","157","catch\s*\(\s*Exception","catch (Exception ex) when (ExceptionClassifier.IsNonFatal(ex))"
"Nalix.Logging\NLogix.cs","81","throw new","throw new ArgumentNullException(nameof(state));"
"Nalix.Logging\NLogix.cs","126","catch\s*\(\s*Exception","catch (Exception ex) when (ExceptionClassifier.IsNonFatal(ex))"
"Nalix.Logging\NLogix.cs","159","catch\s*\(\s*Exception","catch (Exception ex) when (ExceptionClassifier.IsNonFatal(ex))"
"Nalix.Logging\NLogix.cs","183","catch\s*\(\s*Exception","catch (Exception ex) when (ExceptionClassifier.IsNonFatal(ex))"
"Nalix.Logging\Exceptions\FileError.cs","38","throw new","public Exception Exception { get; } = ex ?? throw new ArgumentNullException(nameof(ex));"
"Nalix.Logging\Extensions\NLogixFx.Internal.cs","73","catch\s*\(\s*Exception","catch (Exception ex) when (ExceptionClassifier.IsNonFatal(ex))"
"Nalix.Logging\Internal\Console\ConsoleLoggerProvider.cs","227","catch\s*\(\s*Exception","catch (Exception ex) when (ExceptionClassifier.IsNonFatal(ex))"
"Nalix.Logging\Internal\File\FileLoggerProvider.cs","132","catch\s*\(\s*Exception","catch (Exception ex) when (ExceptionClassifier.IsNonFatal(ex))"
"Nalix.Logging\Internal\File\FileLoggerProvider.cs","227","catch\s*\(\s*Exception","catch (Exception ex) when (ExceptionClassifier.IsNonFatal(ex))"
"Nalix.Logging\Internal\File\FileLoggerProvider.cs","283","catch\s*\(\s*Exception","catch (Exception ex) when (ExceptionClassifier.IsNonFatal(ex))"
"Nalix.Logging\Internal\File\FileWriter.cs","66","throw new","_provider = provider ?? throw new ArgumentNullException(nameof(provider));"
"Nalix.Logging\Internal\File\FileWriter.cs","155","catch\s*\(\s*Exception","catch (Exception ex) when (ExceptionClassifier.IsNonFatal(ex))"
"Nalix.Logging\Internal\File\FileWriter.cs","163","catch\s*\(\s*Exception","catch (Exception closeEx) when (ExceptionClassifier.IsNonFatal(closeEx))"
"Nalix.Logging\Internal\File\FileWriter.cs","179","catch\s*\(\s*Exception","catch (Exception ex) when (ExceptionClassifier.IsNonFatal(ex))"
"Nalix.Logging\Internal\File\FileWriter.cs","212","catch\s*\(\s*Exception","catch (Exception ex) when (ExceptionClassifier.IsNonFatal(ex))"
"Nalix.Logging\Internal\File\FileWriter.cs","222","catch\s*\(\s*Exception","catch (Exception ex) when (ExceptionClassifier.IsNonFatal(ex))"
"Nalix.Logging\Internal\File\FileWriter.cs","232","catch\s*\(\s*Exception","catch (Exception ex) when (ExceptionClassifier.IsNonFatal(ex))"
"Nalix.Logging\Internal\File\FileWriter.cs","246","Throw\.","/// Không bao giờ throw."
"Nalix.Logging\Internal\File\FileWriter.cs","256","catch\s*\(\s*Exception","catch (Exception ex) when (ExceptionClassifier.IsNonFatal(ex))"
"Nalix.Logging\Internal\File\FileWriter.cs","310","catch\s*\(\s*Exception","catch (Exception ex) when (ExceptionClassifier.IsNonFatal(ex))"
"Nalix.Logging\Internal\File\FileWriter.cs","349","catch\s*\(\s*Exception","catch (Exception ex) when (ExceptionClassifier.IsNonFatal(ex))"
"Nalix.Logging\Internal\File\FileWriter.cs","358","Throw\.","/// Nếu cần thì roll file. Không throw."
"Nalix.Network\Connections\Connection.cs","88","throw new",": this(socket, packetClassifier, socket?.RemoteEndPoint ?? throw new InternalErrorException(""Socket does not expose a remote endpoint.""))"
"Nalix.Network\Connections\Connection.cs","372","catch\s*\(\s*Exception","catch (Exception handlerEx) when (ExceptionClassifier.IsNonFatal(handlerEx))"
"Nalix.Network\Connections\Connection.cs","388","catch\s*\(\s*Exception","catch (Exception ex) when (ExceptionClassifier.IsNonFatal(ex))"
"Nalix.Network\Connections\Connection.cs","437","catch\s*\(\s*Exception","catch (Exception ex) when (ExceptionClassifier.IsNonFatal(ex)) { LOG_ERROR(ex, ""attributes""); }"
"Nalix.Network\Connections\Connection.cs","451","catch\s*\(\s*Exception","catch (Exception ex) when (ExceptionClassifier.IsNonFatal(ex)) { LOG_ERROR(ex, ""socket""); }"
"Nalix.Network\Connections\Connection.cs","460","catch\s*\(\s*Exception","catch (Exception ex) when (ExceptionClassifier.IsNonFatal(ex)) { LOG_ERROR(ex, ""udptransport""); }"
"Nalix.Network\Connections\Connection.cs","468","catch\s*\(\s*Exception","catch (Exception ex) when (ExceptionClassifier.IsNonFatal(ex)) { LOG_ERROR(ex, ""argspool""); }"
"Nalix.Network\Connections\Connection.cs","474","catch\s*\(\s*Exception","catch (Exception ex) when (ExceptionClassifier.IsNonFatal(ex)) { LOG_ERROR(ex, ""contextpool""); }"
"Nalix.Network\Connections\Connection.cs","476","catch\s*\(\s*Exception","catch (Exception ex) when (ExceptionClassifier.IsNonFatal(ex))"
"Nalix.Network\Connections\Connection.cs","650","catch\s*\(\s*Exception","catch (Exception handlerEx) when (ExceptionClassifier.IsNonFatal(handlerEx))"
"Nalix.Network\Connections\Connection.EventArgs.cs","42","Throw\.","Throw.ConnectionNotAvailable();"
"Nalix.Network\Connections\Connection.EventArgs.cs","72","throw new","_connection = connection ?? throw new ArgumentNullException(nameof(connection), ""Connection cannot be null when initializing ConnectionEventArgs"");"
"Nalix.Network\Connections\Connection.EventArgs.cs","83","throw new","_lease = lease ?? throw new ArgumentNullException(nameof(lease), ""Buffer lease cannot be null when initializing ConnectionEventArgs with a buffer"");"
"Nalix.Network\Connections\Connection.EventArgs.cs","84","throw new","_connection = connection ?? throw new ArgumentNullException(nameof(connection), ""Connection cannot be null when initializing ConnectionEventArgs with a buffer"");"
"Nalix.Network\Connections\Connection.Hub.cs","155","throw new","throw new InternalErrorException($""Connection '{connection.ID}' is already registered."");"
"Nalix.Network\Connections\Connection.Hub.cs","583","catch\s*\(\s*Exception","catch (Exception ex) when (ExceptionClassifier.IsNonFatal(ex))"
"Nalix.Network\Connections\Connection.Hub.cs","604","catch\s*\(\s*Exception","catch (Exception ex) when (ExceptionClassifier.IsNonFatal(ex))"
"Nalix.Network\Connections\Connection.Hub.cs","653","catch\s*\(\s*Exception","catch (Exception ex) when (ExceptionClassifier.IsNonFatal(ex))"
"Nalix.Network\Connections\Connection.Hub.cs","705","catch\s*\(\s*Exception","catch (Exception ex) when (ExceptionClassifier.IsNonFatal(ex))"
"Nalix.Network\Connections\Connection.Hub.cs","734","catch\s*\(\s*Exception","catch (Exception ex) when (ExceptionClassifier.IsNonFatal(ex))"
"Nalix.Network\Connections\Connection.Hub.cs","813","catch\s*\(\s*Exception","catch (Exception ex) when (ExceptionClassifier.IsNonFatal(ex))"
"Nalix.Network\Connections\Connection.Hub.cs","871","catch\s*\(\s*Exception","catch (Exception ex) when (ExceptionClassifier.IsNonFatal(ex))"
"Nalix.Network\Connections\PassthroughConnection.cs","243","throw new","public IConnection.ITransport TCP => throw new NotSupportedException(""Passthrough connections have no TCP transport."");"
"Nalix.Network\Connections\PassthroughConnection.cs","256","Throw\.","Internal.Throw.UdpTransportNotCreated();"
"Nalix.Network\Connections\PassthroughConnection.cs","333","catch\s*\(\s*Exception","catch (Exception ex) when (ExceptionClassifier.IsNonFatal(ex))"
"Nalix.Network\Connections\PassthroughConnection.cs","352","catch\s*\(\s*Exception","catch (Exception ex) when (ExceptionClassifier.IsNonFatal(ex))"
"Nalix.Network\Connections\PassthroughConnection.cs","377","catch\s*\(\s*Exception","catch (Exception ex) when (ExceptionClassifier.IsNonFatal(ex)) { }"
"Nalix.Network\Connections\PassthroughConnection.cs","383","catch\s*\(\s*Exception","catch (Exception ex) when (ExceptionClassifier.IsNonFatal(ex)) { }"
"Nalix.Network\Connections\WebSocketConnection.cs","363","catch\s*\(\s*Exception","catch (Exception ex) when (ExceptionClassifier.IsNonFatal(ex))"
"Nalix.Network\Connections\WebSocketConnection.cs","398","catch\s*\(\s*Exception","catch (Exception ex) when (ExceptionClassifier.IsNonFatal(ex)) { }"
"Nalix.Network\Connections\WebSocketConnection.cs","404","catch\s*\(\s*Exception","catch (Exception ex) when (ExceptionClassifier.IsNonFatal(ex)) { }"
"Nalix.Network\Connections\WebSocketConnection.cs","407","catch\s*\(\s*Exception","catch (Exception ex) when (ExceptionClassifier.IsNonFatal(ex)) { }"
"Nalix.Network\Connections\WebSocketConnection.cs","410","catch\s*\(\s*Exception","catch (Exception ex) when (ExceptionClassifier.IsNonFatal(ex)) { }"
"Nalix.Network\Connections\WebSocketConnection.cs","413","catch\s*\(\s*Exception","catch (Exception ex) when (ExceptionClassifier.IsNonFatal(ex)) { }"
"Nalix.Network\Internal\Pooling\PooledAcceptContext.cs","88","Throw\.","Throw.ArgsNotBound();"
"Nalix.Network\Internal\Pooling\PooledAcceptContext.cs","107","Throw\.","Throw.FailedToAcquirePooledArgs();"
"Nalix.Network\Internal\Pooling\PooledSocketReceiveContext.cs","92","Throw\.","owner._receiveSource.SetException(Throw.GetSocketError(e.SocketError));"
"Nalix.Network\Internal\Pooling\PooledSocketReceiveContext.cs","149","Throw\.","Throw.ArgsNotBound();"
"Nalix.Network\Internal\Pooling\PooledSocketReceiveContext.cs","260","Throw\.","? ValueTask.FromException<int>(Throw.GetSocketError(err))"
"Nalix.Network\Internal\Pooling\PooledSocketReceiveContext.cs","282","catch\s*\(\s*Exception","catch (Exception ex) when (ExceptionClassifier.IsNonFatal(ex))"
"Nalix.Network\Internal\Pooling\PooledSocketReceiveContext.cs","286","throw;","throw;"
"Nalix.Network\Internal\Pooling\PooledSocketReceiveContext.cs","326","Throw\.","_receiveSource.SetException(Throw.GetPooledContextDisposed());"
"Nalix.Network\Internal\Pooling\PooledSocketReceiveContext.cs","328","catch\s*\(\s*Exception","catch (Exception ex) when (ExceptionClassifier.IsNonFatal(ex))"
"Nalix.Network\Internal\Pooling\PooledUdpReceiveEventArgs.cs","40","catch\s*\(\s*Exception","catch (Exception ex) when ("
"Nalix.Network\Internal\Security\NetworkAccessList.cs","122","catch\s*\(\s*Exception","catch (Exception ex) when (ExceptionClassifier.IsNonFatal(ex))"
"Nalix.Network\Internal\Security\NetworkAccessList.cs","135","catch\s*\(\s*Exception","catch (Exception ex) when (ExceptionClassifier.IsNonFatal(ex))"
"Nalix.Network\Internal\Security\NetworkAccessList.cs","147","catch\s*\(\s*Exception","catch (Exception ex) when (ExceptionClassifier.IsNonFatal(ex))"
"Nalix.Network\Internal\Security\NetworkBanRepository.cs","63","catch\s*\(\s*Exception","catch (Exception ex) when (ExceptionClassifier.IsNonFatal(ex))"
"Nalix.Network\Internal\Security\NetworkBanRepository.cs","78","catch\s*\(\s*Exception","catch (Exception renameEx) when (ExceptionClassifier.IsNonFatal(renameEx))"
"Nalix.Network\Internal\Security\NetworkBanRepository.cs","164","catch\s*\(\s*Exception","catch (Exception ex) when (ExceptionClassifier.IsNonFatal(ex))"
"Nalix.Network\Internal\Security\NetworkBanStore.cs","46","throw new","throw new InvalidDataException(""File too short for header"");"
"Nalix.Network\Internal\Security\NetworkBanStore.cs","52","throw new","throw new InvalidDataException($""Invalid magic number: {magic}"");"
"Nalix.Network\Internal\Security\NetworkBanStore.cs","58","throw new","throw new InvalidDataException($""Unsupported version: {version}"");"
"Nalix.Network\Internal\Security\NetworkBanStore.cs","64","throw new","throw new InvalidDataException($""Invalid record count: {recordCount}"");"
"Nalix.Network\Internal\Security\NetworkBanStore.cs","154","catch\s*\(\s*Exception","catch (Exception ex) when (ExceptionClassifier.IsNonFatal(ex))"
"Nalix.Network\Internal\Security\NetworkBanStore.cs","166","catch\s*\(\s*Exception","catch (Exception ex) when (ExceptionClassifier.IsNonFatal(ex))"
"Nalix.Network\Internal\Security\NetworkStore.cs","84","catch\s*\(\s*Exception","catch (Exception ex) when (ExceptionClassifier.IsNonFatal(ex))"
"Nalix.Network\Internal\Security\NetworkStore.cs","90","throw;","throw;"
"Nalix.Network\Internal\Security\NetworkStore.cs","146","catch\s*\(\s*Exception","catch (Exception ex) when (ExceptionClassifier.IsNonFatal(ex))"
"Nalix.Network\Internal\Security\NetworkStore.cs","158","catch\s*\(\s*Exception","catch (Exception ex) when (ExceptionClassifier.IsNonFatal(ex))"
"Nalix.Network\Internal\Time\TimingWheel.cs","362","catch\s*\(\s*ObjectDisposedException","catch (ObjectDisposedException ex)"
"Nalix.Network\Internal\Time\TimingWheel.cs","374","catch\s*\(\s*Exception","catch (Exception ex) when (ExceptionClassifier.IsNonFatal(ex))"
"Nalix.Network\Internal\Time\TimingWheel.cs","386","catch\s*\(\s*ObjectDisposedException","catch (ObjectDisposedException ex)"
"Nalix.Network\Internal\Time\TimingWheel.cs","398","catch\s*\(\s*Exception","catch (Exception ex) when (ExceptionClassifier.IsNonFatal(ex))"
"Nalix.Network\Internal\Time\TimingWheel.cs","410","catch\s*\(\s*Exception","catch (Exception ex) when (ExceptionClassifier.IsNonFatal(ex))"
"Nalix.Network\Internal\Time\TimingWheel.cs","489","catch\s*\(\s*Exception","catch (Exception ex) when (ExceptionClassifier.IsNonFatal(ex))"
"Nalix.Network\Internal\Time\TimingWheel.cs","502","throw;","throw;"
"Nalix.Network\Internal\Time\TimingWheel.cs","687","catch\s*\(\s*Exception","catch (Exception ex) when (ExceptionClassifier.IsNonFatal(ex))"
"Nalix.Network\Internal\Time\TimingWheel.cs","734","catch\s*\(\s*Exception","catch (Exception ex) when (ExceptionClassifier.IsNonFatal(ex))"
"Nalix.Network\Internal\Transport\AsyncCallback.cs","296","throw new","throw new InvalidOperationException(""Invalid sender type."");"
"Nalix.Network\Internal\Transport\AsyncCallback.cs","300","throw new","?? throw new InvalidOperationException(""Failed to acquire context."");"
"Nalix.Network\Internal\Transport\AsyncCallback.cs","333","catch\s*\(\s*Exception","catch (Exception ex) when (ExceptionClassifier.IsNonFatal(ex))"
"Nalix.Network\Internal\Transport\AsyncCallback.cs","468","catch\s*\(\s*Exception","catch (Exception ex) when (ExceptionClassifier.IsNonFatal(ex)) { return null; }"
"Nalix.Network\Internal\Transport\AsyncCallback.cs","512","catch\s*\(\s*Exception","catch (Exception ex) when (ExceptionClassifier.IsNonFatal(ex))"
"Nalix.Network\Internal\Transport\SocketConnection.cs","94","throw new","private readonly IConnection _owner = owner ?? throw new ArgumentNullException(nameof(owner));"
"Nalix.Network\Internal\Transport\SocketConnection.cs","95","throw new","private readonly ITransportEventSink _sink = sink ?? throw new ArgumentNullException(nameof(sink));"
"Nalix.Network\Internal\Transport\SocketConnection.cs","269","throw new","throw new InvalidOperationException(""Pre-read bytes exceed receive buffer capacity."");"
"Nalix.Network\Internal\Transport\SocketConnection.cs","310","throw new","throw new InvalidOperationException("
"Nalix.Network\Internal\Transport\SocketConnection.cs","364","Throw\.","Throw.ProtocolNotSupportedNow();"
"Nalix.Network\Internal\Transport\SocketConnection.cs","441","throw Throw\.","throw Throw.GetMessageSize();"
"Nalix.Network\Internal\Transport\SocketConnection.cs","441","Throw\.","throw Throw.GetMessageSize();"
"Nalix.Network\Internal\Transport\SocketConnection.cs","473","catch\s*\(\s*Exception","catch (Exception ex) when (IS_BENIGN_DISCONNECT(ex))"
"Nalix.Network\Internal\Transport\SocketConnection.cs","487","catch\s*\(\s*Exception","catch (Exception ex) when (ExceptionClassifier.IsNonFatal(ex))"
"Nalix.Network\Internal\Transport\SocketConnection.cs","508","AggregateException","Exception e = (ex as AggregateException)?.Flatten() ?? ex;"
"Nalix.Network\Internal\Transport\SocketConnection.cs","534","Throw\.","return ValueTask.FromException(Throw.GetMessageSize());"
"Nalix.Network\Internal\Transport\SocketConnection.cs","550","Throw\.","return ValueTask.FromException(Throw.GetConnectionReset());"
"Nalix.Network\Internal\Transport\SocketConnection.cs","567","Throw\.","Throw.ConnectionResetNow();"
"Nalix.Network\Internal\Transport\SocketConnection.cs","716","catch\s*\(\s*Exception","catch (Exception ex) when (ExceptionClassifier.IsNonFatal(ex))"
"Nalix.Network\Internal\Transport\SocketConnection.cs","768","catch\s*\(\s*ObjectDisposedException","catch (ObjectDisposedException ex)"
"Nalix.Network\Internal\Transport\SocketConnection.cs","778","catch\s*\(\s*SocketException","catch (SocketException ex) when (IS_BENIGN_DISCONNECT(ex))"
"Nalix.Network\Internal\Transport\SocketConnection.cs","792","catch\s*\(\s*Exception","catch (Exception ex) when (ExceptionClassifier.IsNonFatal(ex))"
"Nalix.Network\Internal\Transport\SocketConnection.cs","804","catch\s*\(\s*ObjectDisposedException","catch (ObjectDisposedException ex)"
"Nalix.Network\Internal\Transport\SocketConnection.cs","814","catch\s*\(\s*Exception","catch (Exception ex) when (ExceptionClassifier.IsNonFatal(ex))"
"Nalix.Network\Internal\Transport\SocketConnection.cs","941","AggregateException","if (ex is AggregateException agg)"
"Nalix.Network\Internal\Transport\SocketConnection.Framing.cs","29","throw new","throw new InvalidOperationException(""Framing can only be configured once before receive starts."");"
"Nalix.Network\Internal\Transport\SocketConnection.Framing.cs","38","throw new","throw new InvalidOperationException(""Framing mode has already been locked."");"
"Nalix.Network\Internal\Transport\SocketConnection.Receive.VarInt.cs","50","throw new","throw new InternalErrorException($""VarInt payload size {payloadLen} is invalid or exceeds the maximum allowed size of {_maxVarIntPayloadSize}."");"
"Nalix.Network\Internal\Transport\SocketConnection.Receive.VarInt.cs","112","catch\s*\(\s*Exception","catch (Exception ex) when (IS_BENIGN_DISCONNECT(ex))"
"Nalix.Network\Internal\Transport\SocketConnection.Receive.VarInt.cs","126","catch\s*\(\s*Exception","catch (Exception ex) when (ExceptionClassifier.IsNonFatal(ex))"
"Nalix.Network\Internal\Transport\SocketConnection.Receive.VarInt.cs","130","AggregateException","Exception e = (ex as AggregateException)?.Flatten() ?? ex;"
"Nalix.Network\Internal\Transport\SocketConnection.Send.cs","36","throw new","throw new ArgumentException(""Data must not be empty."", nameof(data));"
"Nalix.Network\Internal\Transport\SocketConnection.Send.cs","55","throw new","throw new ArgumentOutOfRangeException("
"Nalix.Network\Internal\Transport\SocketConnection.Send.cs","121","Throw\.","Throw.SendFailedNow();"
"Nalix.Network\Internal\Transport\SocketConnection.Send.cs","132","catch\s*\(\s*Exception","catch (Exception ex) when (ExceptionClassifier.IsNonFatal(ex))"
"Nalix.Network\Internal\Transport\SocketConnection.Send.cs","162","throw;","throw;"
"Nalix.Network\Internal\Transport\SocketConnection.Send.cs","214","Throw\.","Throw.SendFailedNow();"
"Nalix.Network\Internal\Transport\SocketConnection.Send.cs","225","catch\s*\(\s*Exception","catch (Exception ex) when (ExceptionClassifier.IsNonFatal(ex))"
"Nalix.Network\Internal\Transport\SocketConnection.Send.cs","255","throw;","throw;"
"Nalix.Network\Internal\Transport\SocketConnection.Send.cs","359","catch\s*\(\s*Exception","catch (Exception ex) when (ExceptionClassifier.IsNonFatal(ex))"
"Nalix.Network\Internal\Transport\SocketConnection.Send.cs","393","catch\s*\(\s*Exception","catch (Exception ex) when (ExceptionClassifier.IsNonFatal(ex))"
"Nalix.Network\Internal\Transport\SocketConnection.Send.cs","408","Throw\.","return ValueTask.FromException(Throw.GetSendFailed());"
"Nalix.Network\Internal\Transport\SocketConnection.Send.cs","415","Throw\.","return Throw.GetSendFailed();"
"Nalix.Network\Internal\Transport\SocketConnection.Send.cs","482","throw new","throw new ArgumentOutOfRangeException(nameof(payload),"
"Nalix.Network\Internal\Transport\SocketConnection.Send.cs","492","throw new","throw new InternalErrorException("
"Nalix.Network\Internal\Transport\SocketConnection.Send.cs","528","throw new","throw new InternalErrorException("
"Nalix.Network\Internal\Transport\SocketConnection.Send.cs","587","Throw\.","Throw.SendFailedNow();"
"Nalix.Network\Internal\Transport\SocketConnection.Send.cs","631","throw new","throw new InternalErrorException("
"Nalix.Network\Internal\Transport\SocketConnection.Send.cs","682","Throw\.","return ValueTask.FromException(Throw.GetSendFailed());"
"Nalix.Network\Internal\Transport\SocketConnection.Send.cs","704","Throw\.","Throw.SendFailedNow();"
"Nalix.Network\Internal\Transport\SocketConnection.Send.cs","717","Throw\.","Throw.SendFailedNow();"
"Nalix.Network\Internal\Transport\SocketConnection.Send.VarInt.cs","26","throw new","throw new ArgumentOutOfRangeException("
"Nalix.Network\Internal\Transport\SocketConnection.Send.VarInt.cs","57","Throw\.","Throw.SendFailedNow();"
"Nalix.Network\Internal\Transport\SocketConnection.Send.VarInt.cs","66","catch\s*\(\s*Exception","catch (Exception ex) when (ExceptionClassifier.IsNonFatal(ex))"
"Nalix.Network\Internal\Transport\SocketConnection.Send.VarInt.cs","82","throw;","throw;"
"Nalix.Network\Internal\Transport\SocketConnection.Send.VarInt.cs","101","Throw\.","Throw.SendFailedNow();"
"Nalix.Network\Internal\Transport\SocketConnection.Send.VarInt.cs","111","catch\s*\(\s*Exception","catch (Exception ex) when (ExceptionClassifier.IsNonFatal(ex))"
"Nalix.Network\Internal\Transport\SocketConnection.Send.VarInt.cs","127","throw;","throw;"
"Nalix.Network\Internal\Transport\SocketConnection.Send.VarInt.cs","167","Throw\.","return ValueTask.FromException(Throw.GetSendFailed());"
"Nalix.Network\Internal\Transport\SocketConnection.Send.VarInt.cs","182","catch\s*\(\s*Exception","catch (Exception ex) when (ExceptionClassifier.IsNonFatal(ex))"
"Nalix.Network\Internal\Transport\SocketConnection.Send.VarInt.cs","229","catch\s*\(\s*Exception","catch (Exception ex) when (ExceptionClassifier.IsNonFatal(ex))"
"Nalix.Network\Internal\Transport\SocketConnection.Send.VarInt.cs","245","throw;","throw;"
"Nalix.Network\Internal\Transport\SocketConnection.Send.VarInt.cs","257","Throw\.","return Throw.GetSendFailed();"
"Nalix.Network\Internal\Transport\SocketEndpoint.cs","227","throw new","private static Exception ThrowInvalidEndpointType() => throw new ArgumentException(""Endpoint must be of type IPEndPoint."", ""endpoint"");"
"Nalix.Network\Internal\Transport\SocketTcpTransport.cs","120","throw new","throw new ArgumentException(""Message must not be empty."", nameof(message));"
"Nalix.Network\Internal\Transport\SocketTcpTransport.cs","133","throw new","throw new ArgumentException(""Message must not be empty."", nameof(message));"
"Nalix.Network\Internal\Transport\SocketUdpTransport.cs","164","catch\s*\(\s*Exception","catch (Exception ex) when (ex is SocketException or NotSupportedException or ObjectDisposedException or InvalidOperationException)"
"Nalix.Network\Internal\Transport\SocketUdpTransport.cs","185","catch\s*\(\s*SocketException","catch (SocketException ex)"
"Nalix.Network\Internal\Transport\SocketUdpTransport.cs","209","catch\s*\(\s*ObjectDisposedException","catch (ObjectDisposedException ex)"
"Nalix.Network\Internal\Transport\SocketUdpTransport.cs","241","catch\s*\(\s*Exception","catch (Exception ex) when (ex is SocketException or NotSupportedException or ObjectDisposedException)"
"Nalix.Network\Internal\Transport\SocketUdpTransport.cs","271","Throw\.","Throw.UdpPayloadTooLargeNow();"
"Nalix.Network\Internal\Transport\SocketUdpTransport.cs","279","Throw\.","Throw.UdpPartialSendNow();"
"Nalix.Network\Internal\Transport\SocketUdpTransport.cs","283","catch\s*\(\s*Exception","catch (Exception ex) when (ex is not NetworkException)"
"Nalix.Network\Internal\Transport\SocketUdpTransport.cs","285","Throw\.","Throw.UdpSendFailedNow();"
"Nalix.Network\Internal\Transport\SocketUdpTransport.cs","299","Throw\.","Throw.UdpPayloadTooLargeNow();"
"Nalix.Network\Internal\Transport\SocketUdpTransport.cs","307","Throw\.","Throw.UdpPartialSendNow();"
"Nalix.Network\Internal\Transport\SocketUdpTransport.cs","311","throw;","catch (OperationCanceledException) { throw; }"
"Nalix.Network\Internal\Transport\SocketUdpTransport.cs","312","catch\s*\(\s*Exception","catch (Exception ex) when (ExceptionClassifier.IsNonFatal(ex))"
"Nalix.Network\Internal\Transport\SocketUdpTransport.cs","314","Throw\.","Throw.UdpSendFailedNow();"
"Nalix.Network\Internal\Transport\WebSocketTransport.cs","49","throw new","_owner = owner ?? throw new ArgumentNullException(nameof(owner));"
"Nalix.Network\Internal\Transport\WebSocketTransport.cs","71","Throw\.","public void Send(ReadOnlySpan<byte> message) => Throw.WebSocketSyncSendNotSupported();"
"Nalix.Network\Internal\Transport\WebSocketTransport.cs","79","Throw\.","Throw.WebSocketClosed();"
"Nalix.Network\Internal\Transport\WebSocketTransport.cs","127","Throw\.","Throw.WebSocketInvalidReceiveBuffer();"
"Nalix.Network\Internal\Transport\WebSocketTransport.cs","158","Throw\.","Throw.WebSocketMessageTooLarge();"
"Nalix.Network\Internal\Transport\WebSocketTransport.cs","187","catch\s*\(\s*Exception","catch (Exception ex) when (ExceptionClassifier.IsNonFatal(ex))"
"Nalix.Network\Internal\Transport\WebSocketTransport.cs","205","Throw\.","Throw.WebSocketMessageTooLarge();"
"Nalix.Network\Internal\Transport\WebSocketTransport.cs","230","Throw\.","Throw.WebSocketMessageTooLarge();"
"Nalix.Network\Listeners\TcpListener\TcpListener.Core.cs","179","catch\s*\(\s*ObjectDisposedException","catch (ObjectDisposedException ex)"
"Nalix.Network\Listeners\TcpListener\TcpListener.Core.cs","186","catch\s*\(\s*Exception","catch (Exception ex) when (ExceptionClassifier.IsNonFatal(ex))"
"Nalix.Network\Listeners\TcpListener\TcpListener.Core.cs","199","catch\s*\(\s*ObjectDisposedException","catch (ObjectDisposedException ex)"
"Nalix.Network\Listeners\TcpListener\TcpListener.Core.cs","206","catch\s*\(\s*Exception","catch (Exception ex) when (ExceptionClassifier.IsNonFatal(ex))"
"Nalix.Network\Listeners\TcpListener\TcpListener.Core.cs","226","catch\s*\(\s*Exception","catch (Exception ex) when (ExceptionClassifier.IsNonFatal(ex))"
"Nalix.Network\Listeners\TcpListener\TcpListener.Core.cs","241","catch\s*\(\s*Exception","catch (Exception ex) when (ExceptionClassifier.IsNonFatal(ex))"
"Nalix.Network\Listeners\TcpListener\TcpListener.Core.cs","254","catch\s*\(\s*ObjectDisposedException","catch (ObjectDisposedException ex)"
"Nalix.Network\Listeners\TcpListener\TcpListener.Core.cs","261","catch\s*\(\s*Exception","catch (Exception ex) when (ExceptionClassifier.IsNonFatal(ex))"
"Nalix.Network\Listeners\TcpListener\TcpListener.Core.cs","289","catch\s*\(\s*ObjectDisposedException","catch (ObjectDisposedException ex)"
"Nalix.Network\Listeners\TcpListener\TcpListener.Core.cs","300","catch\s*\(\s*Exception","catch (Exception ex) when (ExceptionClassifier.IsNonFatal(ex))"
"Nalix.Network\Listeners\TcpListener\TcpListener.Core.cs","359","catch\s*\(\s*ObjectDisposedException","catch (ObjectDisposedException ex)"
"Nalix.Network\Listeners\TcpListener\TcpListener.Core.cs","366","catch\s*\(\s*Exception","catch (Exception ex) when (ExceptionClassifier.IsNonFatal(ex))"
"Nalix.Network\Listeners\TcpListener\TcpListener.Core.cs","378","catch\s*\(\s*ObjectDisposedException","catch (ObjectDisposedException ex)"
"Nalix.Network\Listeners\TcpListener\TcpListener.Core.cs","385","catch\s*\(\s*Exception","catch (Exception ex) when (ExceptionClassifier.IsNonFatal(ex))"
"Nalix.Network\Listeners\TcpListener\TcpListener.Core.cs","397","catch\s*\(\s*ObjectDisposedException","catch (ObjectDisposedException ex)"
"Nalix.Network\Listeners\TcpListener\TcpListener.Core.cs","404","catch\s*\(\s*Exception","catch (Exception ex) when (ExceptionClassifier.IsNonFatal(ex))"
"Nalix.Network\Listeners\TcpListener\TcpListener.Core.cs","419","catch\s*\(\s*ObjectDisposedException","catch (ObjectDisposedException ex)"
"Nalix.Network\Listeners\TcpListener\TcpListener.Core.cs","426","catch\s*\(\s*Exception","catch (Exception ex) when (ExceptionClassifier.IsNonFatal(ex))"
"Nalix.Network\Listeners\TcpListener\TcpListener.Core.cs","438","catch\s*\(\s*Exception","catch (Exception ex) when (ExceptionClassifier.IsNonFatal(ex))"
"Nalix.Network\Listeners\TcpListener\TcpListener.Handle.cs","61","catch\s*\(\s*Exception","catch (Exception ex) when (ExceptionClassifier.IsNonFatal(ex))"
"Nalix.Network\Listeners\TcpListener\TcpListener.Handle.cs","200","catch\s*\(\s*Exception","catch (Exception ex) when (ExceptionClassifier.IsNonFatal(ex))"
"Nalix.Network\Listeners\TcpListener\TcpListener.Handle.cs","210","throw;","throw;"
"Nalix.Network\Listeners\TcpListener\TcpListener.Handle.cs","247","catch\s*\(\s*Exception","catch (Exception ex) when (ExceptionClassifier.IsNonFatal(ex))"
"Nalix.Network\Listeners\TcpListener\TcpListener.Handle.cs","257","throw;","throw;"
"Nalix.Network\Listeners\TcpListener\TcpListener.Handle.cs","282","catch\s*\(\s*Exception","catch (Exception ex) when (ExceptionClassifier.IsNonFatal(ex))"
"Nalix.Network\Listeners\TcpListener\TcpListener.Handle.cs","377","Throw\.","Throw.TryAcceptContextNotBound();"
"Nalix.Network\Listeners\TcpListener\TcpListener.Handle.cs","434","catch\s*\(\s*ObjectDisposedException","catch (ObjectDisposedException)"
"Nalix.Network\Listeners\TcpListener\TcpListener.Handle.cs","453","catch\s*\(\s*NetworkException","catch (NetworkException)"
"Nalix.Network\Listeners\TcpListener\TcpListener.Handle.cs","466","catch\s*\(\s*Exception","catch (Exception ex) when (ExceptionClassifier.IsNonFatal(ex))"
"Nalix.Network\Listeners\TcpListener\TcpListener.Handle.cs","630","catch\s*\(\s*ObjectDisposedException","catch (ObjectDisposedException)"
"Nalix.Network\Listeners\TcpListener\TcpListener.Handle.cs","635","catch\s*\(\s*SocketException","catch (SocketException ex) when (ex.SocketErrorCode is"
"Nalix.Network\Listeners\TcpListener\TcpListener.Handle.cs","643","catch\s*\(\s*Exception","catch (Exception ex) when (!cancellationToken.IsCancellationRequested)"
"Nalix.Network\Listeners\TcpListener\TcpListener.Handle.cs","740","catch\s*\(\s*NetworkException","catch (NetworkException)"
"Nalix.Network\Listeners\TcpListener\TcpListener.Handle.cs","753","catch\s*\(\s*SocketException","catch (SocketException ex) when (IsIgnorableAcceptError(ex.SocketErrorCode, cancellationToken))"
"Nalix.Network\Listeners\TcpListener\TcpListener.Handle.cs","772","catch\s*\(\s*Exception","catch (Exception ex) when (!cancellationToken.IsCancellationRequested)"
"Nalix.Network\Listeners\TcpListener\TcpListener.Handle.cs","868","throw new","throw new InternalErrorException(""Socket is not initialized."");"
"Nalix.Network\Listeners\TcpListener\TcpListener.Handle.cs","879","Throw\.","Throw.ProcessChannelFull();"
"Nalix.Network\Listeners\TcpListener\TcpListener.Handle.cs","888","Throw\.","Throw.InvalidSocket();"
"Nalix.Network\Listeners\TcpListener\TcpListener.Handle.cs","897","Throw\.","Throw.ConnectionRejectedByLimiter();"
"Nalix.Network\Listeners\TcpListener\TcpListener.Handle.cs","905","Throw\.","Throw.ConnectionRejectedByLimiter();"
"Nalix.Network\Listeners\TcpListener\TcpListener.Handle.cs","920","Throw\.","Throw.ConnectionRejectedByLimiter();"
"Nalix.Network\Listeners\TcpListener\TcpListener.Handle.cs","929","catch\s*\(\s*SocketException","catch (SocketException ex)"
"Nalix.Network\Listeners\TcpListener\TcpListener.Handle.cs","931","throw new","throw new NetworkException($""Socket error while accepting. Code={ex.SocketErrorCode}"", ex);"
"Nalix.Network\Listeners\TcpListener\TcpListener.Handle.cs","935","throw;","throw;"
"Nalix.Network\Listeners\TcpListener\TcpListener.Handle.cs","937","catch\s*\(\s*NetworkException","catch (NetworkException)"
"Nalix.Network\Listeners\TcpListener\TcpListener.Handle.cs","939","throw;","throw;"
"Nalix.Network\Listeners\TcpListener\TcpListener.Handle.cs","941","catch\s*\(\s*Exception","catch (Exception ex) when (ExceptionClassifier.IsNonFatal(ex))"
"Nalix.Network\Listeners\TcpListener\TcpListener.Handle.cs","948","catch\s*\(\s*ObjectDisposedException","catch (ObjectDisposedException ode)"
"Nalix.Network\Listeners\TcpListener\TcpListener.Handle.cs","955","catch\s*\(\s*Exception","catch (Exception lookupEx) when (ExceptionClassifier.IsNonFatal(lookupEx))"
"Nalix.Network\Listeners\TcpListener\TcpListener.Handle.cs","962","throw new","throw new NetworkException($""TryAccept failed. Listener={remote}"", ex);"
"Nalix.Network\Listeners\TcpListener\TcpListener.Handle.cs","1026","Throw\.","Throw.InvalidSocket();"
"Nalix.Network\Listeners\TcpListener\TcpListener.Handle.cs","1035","Throw\.","Throw.ConnectionRejectedByLimiter();"
"Nalix.Network\Listeners\TcpListener\TcpListener.ProcessChannel.cs","219","catch\s*\(\s*Exception","catch (Exception ex) when (ExceptionClassifier.IsNonFatal(ex))"
"Nalix.Network\Listeners\TcpListener\TcpListener.ProcessChannel.cs","263","catch\s*\(\s*Exception","catch (Exception ex) when (ExceptionClassifier.IsNonFatal(ex))"
"Nalix.Network\Listeners\TcpListener\TcpListener.ProxyProtocol.cs","221","catch\s*\(\s*Exception","catch (Exception ex) when (ExceptionClassifier.IsNonFatal(ex))"
"Nalix.Network\Listeners\TcpListener\TcpListener.ProxyProtocol.cs","260","catch\s*\(\s*ObjectDisposedException","catch (ObjectDisposedException)"
"Nalix.Network\Listeners\TcpListener\TcpListener.ProxyProtocol.cs","267","catch\s*\(\s*SocketException","catch (SocketException ex) when ("
"Nalix.Network\Listeners\TcpListener\TcpListener.ProxyProtocol.cs","278","catch\s*\(\s*Exception","catch (Exception ex) when (ExceptionClassifier.IsNonFatal(ex))"
"Nalix.Network\Listeners\TcpListener\TcpListener.ProxyProtocol.cs","336","catch\s*\(\s*Exception","catch (Exception ex) when (ExceptionClassifier.IsNonFatal(ex))"
"Nalix.Network\Listeners\TcpListener\TcpListener.PublicMethods.cs","48","throw new","throw new InternalErrorException(""_config.MaxParallel must be at least 1."");"
"Nalix.Network\Listeners\TcpListener\TcpListener.PublicMethods.cs","108","catch\s*\(\s*Exception","catch (Exception ex) when (ExceptionClassifier.IsNonFatal(ex))"
"Nalix.Network\Listeners\TcpListener\TcpListener.PublicMethods.cs","163","catch\s*\(\s*SocketException","catch (SocketException ex)"
"Nalix.Network\Listeners\TcpListener\TcpListener.PublicMethods.cs","172","catch\s*\(\s*Exception","catch (Exception ex) when (ExceptionClassifier.IsNonFatal(ex))"
"Nalix.Network\Listeners\TcpListener\TcpListener.PublicMethods.cs","236","catch\s*\(\s*ObjectDisposedException","catch (ObjectDisposedException ex)"
"Nalix.Network\Listeners\TcpListener\TcpListener.PublicMethods.cs","243","catch\s*\(\s*Exception","catch (Exception ex) when (ExceptionClassifier.IsNonFatal(ex))"
"Nalix.Network\Listeners\TcpListener\TcpListener.PublicMethods.cs","255","catch\s*\(\s*ObjectDisposedException","catch (ObjectDisposedException ex)"
"Nalix.Network\Listeners\TcpListener\TcpListener.PublicMethods.cs","262","catch\s*\(\s*Exception","catch (Exception ex) when (ExceptionClassifier.IsNonFatal(ex))"
"Nalix.Network\Listeners\TcpListener\TcpListener.PublicMethods.cs","274","catch\s*\(\s*ObjectDisposedException","catch (ObjectDisposedException ex)"
"Nalix.Network\Listeners\TcpListener\TcpListener.PublicMethods.cs","281","catch\s*\(\s*Exception","catch (Exception ex) when (ExceptionClassifier.IsNonFatal(ex))"
"Nalix.Network\Listeners\TcpListener\TcpListener.PublicMethods.cs","319","catch\s*\(\s*ObjectDisposedException","catch (ObjectDisposedException ex)"
"Nalix.Network\Listeners\TcpListener\TcpListener.PublicMethods.cs","326","catch\s*\(\s*Exception","catch (Exception ex) when (ExceptionClassifier.IsNonFatal(ex))"
"Nalix.Network\Listeners\TcpListener\TcpListener.SocketConfig.cs","82","catch\s*\(\s*Exception","catch (Exception ex) when (ExceptionClassifier.IsNonFatal(ex))"
"Nalix.Network\Listeners\TcpListener\TcpListener.SocketConfig.cs","95","catch\s*\(\s*ObjectDisposedException","catch (ObjectDisposedException closeEx)"
"Nalix.Network\Listeners\TcpListener\TcpListener.SocketConfig.cs","102","catch\s*\(\s*Exception","catch (Exception closeEx) when (ExceptionClassifier.IsNonFatal(closeEx))"
"Nalix.Network\Listeners\TcpListener\TcpListener.SocketConfig.cs","114","catch\s*\(\s*Exception","catch (Exception disposeEx) when (ExceptionClassifier.IsNonFatal(disposeEx))"
"Nalix.Network\Listeners\TcpListener\TcpListener.SocketConfig.cs","273","catch\s*\(\s*Exception","catch (Exception ex) when (ExceptionClassifier.IsNonFatal(ex))"
"Nalix.Network\Listeners\TcpListener\TcpListener.SocketConfig.cs","311","catch\s*\(\s*SocketException","catch (SocketException ex) when (ex.SocketErrorCode is SocketError.OperationNotSupported or SocketError.ProtocolNotSupported)"
"Nalix.Network\Listeners\TcpListener\TcpListener.SocketConfig.cs","319","catch\s*\(\s*Exception","catch (Exception ex) when (ExceptionClassifier.IsNonFatal(ex)) { /* Ignore if not supported. */ }"
"Nalix.Network\Listeners\TcpListener\TcpListener.SocketConfig.cs","329","catch\s*\(\s*Exception","catch (Exception ex) when (ExceptionClassifier.IsNonFatal(ex)) { /* Ignore if not supported. */ }"
"Nalix.Network\Listeners\TcpListener\TcpListener.SocketConfig.cs","339","catch\s*\(\s*Exception","catch (Exception ex) when (ExceptionClassifier.IsNonFatal(ex)) { /* Ignore if not supported. */ }"
"Nalix.Network\Listeners\UdpListener\UdpListener.Core.cs","190","catch\s*\(\s*ObjectDisposedException","catch (ObjectDisposedException ex)"
"Nalix.Network\Listeners\UdpListener\UdpListener.Core.cs","197","catch\s*\(\s*Exception","catch (Exception ex) when (ExceptionClassifier.IsNonFatal(ex))"
"Nalix.Network\Listeners\UdpListener\UdpListener.Core.cs","213","catch\s*\(\s*ObjectDisposedException","catch (ObjectDisposedException ex)"
"Nalix.Network\Listeners\UdpListener\UdpListener.Core.cs","220","catch\s*\(\s*Exception","catch (Exception ex) when (ExceptionClassifier.IsNonFatal(ex))"
"Nalix.Network\Listeners\UdpListener\UdpListener.PublicMethods.cs","138","catch\s*\(\s*SocketException","catch (SocketException ex)"
"Nalix.Network\Listeners\UdpListener\UdpListener.PublicMethods.cs","147","catch\s*\(\s*Exception","catch (Exception ex) when (ExceptionClassifier.IsNonFatal(ex))"
"Nalix.Network\Listeners\UdpListener\UdpListener.PublicMethods.cs","208","catch\s*\(\s*ObjectDisposedException","catch (ObjectDisposedException)"
"Nalix.Network\Listeners\UdpListener\UdpListener.PublicMethods.cs","215","catch\s*\(\s*Exception","catch (Exception ex) when (ExceptionClassifier.IsNonFatal(ex))"
"Nalix.Network\Listeners\UdpListener\UdpListener.PublicMethods.cs","228","catch\s*\(\s*ObjectDisposedException","catch (ObjectDisposedException)"
"Nalix.Network\Listeners\UdpListener\UdpListener.PublicMethods.cs","235","catch\s*\(\s*Exception","catch (Exception ex) when (ExceptionClassifier.IsNonFatal(ex))"
"Nalix.Network\Listeners\UdpListener\UdpListener.PublicMethods.cs","259","catch\s*\(\s*Exception","catch (Exception ex) when (ExceptionClassifier.IsNonFatal(ex))"
"Nalix.Network\Listeners\UdpListener\UdpListener.PublicMethods.cs","272","catch\s*\(\s*ObjectDisposedException","catch (ObjectDisposedException)"
"Nalix.Network\Listeners\UdpListener\UdpListener.PublicMethods.cs","279","catch\s*\(\s*Exception","catch (Exception ex) when (ExceptionClassifier.IsNonFatal(ex))"
"Nalix.Network\Listeners\UdpListener\UdpListener.PublicMethods.cs","291","catch\s*\(\s*ObjectDisposedException","catch (ObjectDisposedException)"
"Nalix.Network\Listeners\UdpListener\UdpListener.PublicMethods.cs","298","catch\s*\(\s*Exception","catch (Exception ex) when (ExceptionClassifier.IsNonFatal(ex))"
"Nalix.Network\Listeners\UdpListener\UdpListener.Receive.cs","104","catch\s*\(\s*ObjectDisposedException","catch (ObjectDisposedException ex) when (Volatile.Read(ref _isDisposed) != 0 || cancellationToken.IsCancellationRequested)"
"Nalix.Network\Listeners\UdpListener\UdpListener.Receive.cs","111","catch\s*\(\s*ObjectDisposedException","catch (ObjectDisposedException ex)"
"Nalix.Network\Listeners\UdpListener\UdpListener.Receive.cs","120","catch\s*\(\s*Exception","catch (Exception ex) when (!cancellationToken.IsCancellationRequested)"
"Nalix.Network\Listeners\UdpListener\UdpListener.Receive.cs","197","catch\s*\(\s*SocketException","catch (SocketException ex)"
"Nalix.Network\Listeners\UdpListener\UdpListener.Receive.cs","204","catch\s*\(\s*ObjectDisposedException","catch (ObjectDisposedException ex)"
"Nalix.Network\Listeners\UdpListener\UdpListener.Receive.cs","269","catch\s*\(\s*Exception","catch (Exception ex) when (ExceptionClassifier.IsNonFatal(ex))"
"Nalix.Network\Listeners\UdpListener\UdpListener.SocketConfig.cs","39","catch\s*\(\s*Exception","catch (Exception ex) when (ex is SocketException or NotSupportedException or ObjectDisposedException or InvalidOperationException)"
"Nalix.Network\Listeners\UdpListener\UdpListener.SocketConfig.cs","97","catch\s*\(\s*SocketException","catch (SocketException)"
"Nalix.Network\Listeners\UdpListener\UdpListener.SocketConfig.cs","101","catch\s*\(\s*ObjectDisposedException","catch (ObjectDisposedException)"
"Nalix.Network\Listeners\UdpListener\UdpListener.SocketConfig.cs","119","catch\s*\(\s*SocketException","catch (SocketException ex)"
"Nalix.Network\Listeners\UdpListener\UdpPassthroughListener.cs","251","catch\s*\(\s*Exception","catch (Exception ex) when (ExceptionClassifier.IsNonFatal(ex))"
"Nalix.Network\Listeners\WebListener\WebSocketListener.Core.cs","161","catch\s*\(\s*Exception","catch (Exception ex) when (ExceptionClassifier.IsNonFatal(ex)) { }"
"Nalix.Network\Listeners\WebListener\WebSocketListener.Core.cs","171","catch\s*\(\s*Exception","catch (Exception ex) when (ExceptionClassifier.IsNonFatal(ex)) { }"
"Nalix.Network\Listeners\WebListener\WebSocketListener.Core.cs","185","catch\s*\(\s*Exception","catch (Exception ex) when (ExceptionClassifier.IsNonFatal(ex)) { }"
"Nalix.Network\Listeners\WebListener\WebSocketListener.Core.cs","194","catch\s*\(\s*Exception","catch (Exception ex) when (ExceptionClassifier.IsNonFatal(ex)) { }"
"Nalix.Network\Listeners\WebListener\WebSocketListener.Core.cs","198","catch\s*\(\s*Exception","catch (Exception ex) when (ExceptionClassifier.IsNonFatal(ex)) { }"
"Nalix.Network\Listeners\WebListener\WebSocketListener.Core.cs","206","catch\s*\(\s*Exception","catch (Exception ex) when (ExceptionClassifier.IsNonFatal(ex)) { }"
"Nalix.Network\Listeners\WebListener\WebSocketListener.Core.cs","243","catch\s*\(\s*Exception","try { _cancelReg.Dispose(); } catch (Exception ex) when (ExceptionClassifier.IsNonFatal(ex)) { }"
"Nalix.Network\Listeners\WebListener\WebSocketListener.Core.cs","244","catch\s*\(\s*Exception","try { _cts?.Cancel(); } catch (Exception ex) when (ExceptionClassifier.IsNonFatal(ex)) { }"
"Nalix.Network\Listeners\WebListener\WebSocketListener.Core.cs","245","catch\s*\(\s*Exception","try { _cts?.Dispose(); } catch (Exception ex) when (ExceptionClassifier.IsNonFatal(ex)) { }"
"Nalix.Network\Listeners\WebListener\WebSocketListener.Core.cs","257","catch\s*\(\s*Exception","catch (Exception ex) when (ExceptionClassifier.IsNonFatal(ex)) { }"
"Nalix.Network\Listeners\WebListener\WebSocketListener.Handle.cs","89","catch\s*\(\s*Exception","catch (Exception ex) when (ExceptionClassifier.IsNonFatal(ex))"
"Nalix.Network\Listeners\WebListener\WebSocketListener.Handle.cs","183","catch\s*\(\s*Exception","catch (Exception ex) when (ExceptionClassifier.IsNonFatal(ex))"
"Nalix.Network\Listeners\WebListener\WebSocketListener.Handle.cs","203","catch\s*\(\s*Exception","catch (Exception ex) when (ExceptionClassifier.IsNonFatal(ex))"
"Nalix.Network\Listeners\WebListener\WebSocketListener.Handle.cs","295","catch\s*\(\s*Exception","catch (Exception ex) when (ExceptionClassifier.IsNonFatal(ex))"
"Nalix.Network\Listeners\WebListener\WebSocketListener.Handle.cs","323","catch\s*\(\s*Exception","catch (Exception ex) when (ExceptionClassifier.IsNonFatal(ex))"
"Nalix.Network\Listeners\WebListener\WebSocketListener.PublicMethods.cs","95","throw new","throw new InternalErrorException(""_config.MaxParallel must be at least 1."");"
"Nalix.Network\Listeners\WebListener\WebSocketListener.PublicMethods.cs","128","catch\s*\(\s*Exception","catch (Exception ex) when (ExceptionClassifier.IsNonFatal(ex))"
"Nalix.Network\Listeners\WebListener\WebSocketListener.PublicMethods.cs","172","catch\s*\(\s*Exception","try { _cancelReg.Dispose(); } catch (Exception ex) when (ExceptionClassifier.IsNonFatal(ex)) { }"
"Nalix.Network\Listeners\WebListener\WebSocketListener.PublicMethods.cs","173","catch\s*\(\s*Exception","try { cts?.Cancel(); } catch (Exception ex) when (ExceptionClassifier.IsNonFatal(ex)) { }"
"Nalix.Network\Listeners\WebListener\WebSocketListener.PublicMethods.cs","182","catch\s*\(\s*Exception","catch (Exception ex) when (ExceptionClassifier.IsNonFatal(ex)) { }"
"Nalix.Network\Listeners\WebListener\WebSocketListener.PublicMethods.cs","208","catch\s*\(\s*Exception","try { cts?.Dispose(); } catch (Exception ex) when (ExceptionClassifier.IsNonFatal(ex)) { }"
"Nalix.Network\Listeners\WebListener\WebSocketListener.PublicMethods.cs","220","catch\s*\(\s*Exception","try { _listener.Close(); } catch (Exception ex) when (ExceptionClassifier.IsNonFatal(ex)) { }"
"Nalix.Network\Options\ConnectionGuardOptions.cs","69","throw new","throw new System.ArgumentOutOfRangeException(nameof(this.MaxConnections), ""MaxConnections must be -1 (unlimited) or positive."");"
"Nalix.Network\Options\ConnectionGuardOptions.cs","74","throw new","throw new System.ArgumentOutOfRangeException(nameof(this.BanDuration), ""BanDuration must be at least 1 second and at most 1 day."");"
"Nalix.Network\Options\ConnectionGuardOptions.cs","79","throw new","throw new System.ArgumentOutOfRangeException(nameof(this.DDoSLogSuppressWindow), ""DDoSLogSuppressWindow must be between 1 second and 1 hour."");"
"Nalix.Network\Options\ConnectionGuardOptions.cs","84","throw new","throw new System.ArgumentOutOfRangeException(nameof(this.MaxErrorThreshold), ""MaxErrorThreshold must be at least 1."");"
"Nalix.Network\Options\ConnectionGuardOptions.cs","89","throw new","throw new System.ArgumentOutOfRangeException(nameof(this.MaxPacketPerSecond), ""MaxPacketPerSecond must be between 1 and 10,000,000."");"
"Nalix.Network\Options\ConnectionHubOptions.cs","56","throw new","throw new System.ArgumentOutOfRangeException(nameof(this.ParallelDisconnectDegree), ""ParallelDisconnectDegree cannot be zero. Use -1 for default or a positive value."");"
"Nalix.Network\Options\NetworkCallbackOptions.cs","149","throw new","throw new System.ArgumentException("
"Nalix.Network\Options\NetworkCallbackOptions.cs","156","throw new","throw new System.ArgumentException("
"Nalix.Network\Options\NetworkCallbackOptions.cs","163","throw new","throw new System.ArgumentException("
"Nalix.Network\Options\NetworkSocketOptions.cs","37","throw new","throw new System.ArgumentOutOfRangeException(nameof(value), ""Port must be at least 1 (0 is not allowed)."");"
"Nalix.Network\Options\PoolingOptions.cs","194","throw new","throw new System.ArgumentException("
"Nalix.Network\Protocols\Protocol.Core.cs","81","catch\s*\(\s*Exception","catch (Exception ex) when (ExceptionClassifier.IsNonFatal(ex))"
"Nalix.Network\Protocols\Protocol.PublicMethods.cs","106","catch\s*\(\s*ObjectDisposedException","catch (ObjectDisposedException ex)"
"Nalix.Network\Protocols\Protocol.PublicMethods.cs","119","catch\s*\(\s*Exception","catch (Exception ex) when (ExceptionClassifier.IsNonFatal(ex))"
"Nalix.Network\RateLimiting\Connection.Guard.Cleanup.cs","233","catch\s*\(\s*Exception","catch (Exception ex) when (ex is not ObjectDisposedException)"
"Nalix.Network\RateLimiting\Connection.Guard.Cleanup.cs","340","catch\s*\(\s*Exception","catch (Exception ex) when (ExceptionClassifier.IsNonFatal(ex))"
"Nalix.Network\RateLimiting\Connection.Guard.Cleanup.cs","369","catch\s*\(\s*Exception","catch (Exception ex) when (ExceptionClassifier.IsNonFatal(ex))"
"Nalix.Network\RateLimiting\Connection.Guard.Cleanup.cs","422","catch\s*\(\s*Exception","catch (Exception ex) when (ExceptionClassifier.IsNonFatal(ex))"
"Nalix.Network\RateLimiting\Connection.Guard.cs","843","catch\s*\(\s*Exception","catch (Exception ex) when (ExceptionClassifier.IsNonFatal(ex))"
"Nalix.Network\RateLimiting\Datagram.Guard.cs","246","catch\s*\(\s*ObjectDisposedException","catch (ObjectDisposedException ex)"
"Nalix.Network\RateLimiting\Datagram.Guard.cs","253","catch\s*\(\s*Exception","catch (Exception ex) when (ExceptionClassifier.IsNonFatal(ex))"
"Nalix.Runtime\Dispatching\InlinePacketDispatcher.cs","178","catch\s*\(\s*Exception","catch (Exception ex) when (ExceptionClassifier.IsNonFatal(ex))"
"Nalix.Runtime\Dispatching\InlinePacketDispatcher.cs","211","catch\s*\(\s*Exception","catch (Exception ex) when (ExceptionClassifier.IsNonFatal(ex))"
"Nalix.Runtime\Dispatching\PacketDispatchChannel.cs","186","catch\s*\(\s*Exception","catch (Exception ex) when (ExceptionClassifier.IsNonFatal(ex))"
"Nalix.Runtime\Dispatching\PacketDispatchChannel.cs","201","catch\s*\(\s*Exception","catch (Exception ex) when (ExceptionClassifier.IsNonFatal(ex))"
"Nalix.Runtime\Dispatching\PacketDispatchChannel.cs","215","catch\s*\(\s*Exception","catch (Exception ex) when (ExceptionClassifier.IsNonFatal(ex))"
"Nalix.Runtime\Dispatching\PacketDispatchChannel.cs","523","catch\s*\(\s*Exception","catch (Exception ex) when (ExceptionClassifier.IsNonFatal(ex))"
"Nalix.Runtime\Dispatching\PacketDispatchChannel.cs","603","catch\s*\(\s*Exception","catch (Exception ex) when (ExceptionClassifier.IsNonFatal(ex))"
"Nalix.Runtime\Dispatching\PacketDispatchChannel.cs","645","catch\s*\(\s*Exception","catch (Exception ex) when (ExceptionClassifier.IsNonFatal(ex))"
"Nalix.Runtime\Dispatching\PacketDispatchChannel.cs","678","catch\s*\(\s*Exception","catch (Exception ex) when (ExceptionClassifier.IsNonFatal(ex))"
"Nalix.Runtime\Dispatching\PacketDispatcherBase.cs","46","throw new","throw new ArgumentNullException(nameof(options));"
"Nalix.Runtime\Dispatching\PacketMetadataBuilder.cs","98","throw new","? throw new InternalErrorException(""PacketMetadata requires a non-null Opcode. Ensure that a PacketOpcodeAttribute is present."")"
"Nalix.Runtime\Dispatching\PacketSender.cs","159","throw new","NetworkTransport.UDP => connection.UDP ?? throw new InvalidOperationException(""UDP companion transport is not created on this connection.""),"
"Nalix.Runtime\Dispatching\PacketSender.cs","162","throw new","_ => throw new InvalidOperationException($""Unsupported transport type: {transport}"")"
"Nalix.Runtime\Dispatching\PacketSender.cs","167","throw new","=> _connection ?? throw new InternalErrorException($""{nameof(PacketSender)} must be initialized before sending."");"
"Nalix.Runtime\Dispatching\Options\PacketDispatchOptions.Execution.cs","141","catch\s*\(\s*Exception","catch (Exception ex) when (ExceptionClassifier.IsNonFatal(ex))"
"Nalix.Runtime\Dispatching\Options\PacketDispatchOptions.Execution.cs","246","throw new","private static T ThrowIfNull<T>(T value, string param) where T : class => value ?? throw new ArgumentNullException(param);"
"Nalix.Runtime\Dispatching\Options\PacketDispatchOptions.Execution.cs","267","catch\s*\(\s*Exception","catch (Exception ex) when (IsConnectionTeardownException(ex))"
"Nalix.Runtime\Dispatching\Options\PacketDispatchOptions.PublicMethods.cs","188","throw new","?? throw new InternalErrorException($""The controller '{controllerType.Name}' is missing the [PacketController] attribute."");"
"Nalix.Runtime\Dispatching\Options\PacketDispatchOptions.PublicMethods.cs","212","throw new","throw new InternalErrorException($""OpCode '{descriptor.OpCode}' has already been registered."");"
"Nalix.Runtime\Dispatching\Options\PacketDispatchOptions.PublicMethods.cs","282","catch\s*\(\s*Exception","catch (Exception ex) when (ExceptionClassifier.IsNonFatal(ex))"
"Nalix.Runtime\Dispatching\Options\PacketDispatchOptions.PublicMethods.cs","285","throw;","throw;"
"Nalix.Runtime\Dispatching\Options\PacketDispatchOptions.PublicMethods.cs","346","throw new","private static void THROW_LOOP_COUNT_OUT_OF_RANGE() => throw new ArgumentOutOfRangeException(""loopCount"", ""Dispatch loop count must be between 1 and 64."");"
"Nalix.Runtime\Extensions\ConnectionExtensions.cs","89","throw new","throw new ArgumentNullException(nameof(packet));"
"Nalix.Runtime\Extensions\ConnectionExtensions.cs","94","throw new","NetworkTransport.UDP => connection.UDP ?? throw new InvalidOperationException(""UDP companion transport is not created on this connection.""),"
"Nalix.Runtime\Handlers\HandshakeHandlers.cs","292","catch\s*\(\s*Exception","catch (Exception ex) when (ex is not InternalErrorException)"
"Nalix.Runtime\Handlers\HandshakeHandlers.cs","294","throw new","throw new InternalErrorException($""Handshake failed: Unable to load server identity from '{certPath}'. Exception detail: "" + ex.Message, ex);"
"Nalix.Runtime\Internal\Compilation\PacketHandlerCompiler.AotInvokers.cs","33","throw new","_ => throw new ArgumentOutOfRangeException(nameof(kind), kind, null),"
"Nalix.Runtime\Internal\Compilation\PacketHandlerCompiler.Bridge.cs","40","throw new","throw new InvalidOperationException("
"Nalix.Runtime\Internal\Compilation\PacketHandlerCompiler.Bridge.cs","55","throw new","throw new InternalErrorException("
"Nalix.Runtime\Internal\Compilation\PacketHandlerCompiler.cs","65","throw new","?? throw new InternalErrorException($""Controller '{controllerType.Name}' is missing the [PacketController] attribute."");"
"Nalix.Runtime\Internal\Compilation\PacketHandlerCompiler.Helpers.cs","62","throw new","?? throw new InternalErrorException($""Required property '{type.FullName}.{name}' was not found."");"
"Nalix.Runtime\Internal\Compilation\PacketHandlerCompiler.Helpers.cs","68","throw new","?? throw new InternalErrorException($""Required method '{type.FullName}.{name}' was not found."");"
"Nalix.Runtime\Internal\Compilation\PacketHandlerCompiler.Helpers.cs","74","throw new","throw new InternalErrorException("
"Nalix.Runtime\Internal\Compilation\PacketHandlerCompiler.Helpers.cs","84","throw new","throw new InternalErrorException("
"Nalix.Runtime\Internal\Compilation\PacketHandlerCompiler.Helpers.cs","94","throw new","throw new InternalErrorException("
"Nalix.Runtime\Internal\Compilation\PacketHandlerCompiler.Helpers.cs","103","throw new","throw new InternalErrorException("
"Nalix.Runtime\Internal\Compilation\PacketHandlerCompiler.Helpers.cs","113","throw new","throw new InternalErrorException("
"Nalix.Runtime\Internal\Compilation\PacketHandlerCompiler.Helpers.cs","122","throw new","throw new InternalErrorException("
"Nalix.Runtime\Internal\Compilation\PacketHandlerCompiler.Helpers.cs","138","throw new","private static void THROW_KIND_OUT_OF_RANGE(SignatureKind kind) => throw new ArgumentOutOfRangeException(nameof(kind), kind, null);"
"Nalix.Runtime\Internal\Compilation\PacketHandlerCompiler.Scanning.cs","103","catch\s*\(\s*Exception","catch (Exception ex) when (ExceptionClassifier.IsNonFatal(ex))"
"Nalix.Runtime\Internal\Compilation\PacketHandlerCompiler.Scanning.cs","117","throw;","throw; // BUG-78: Fail-fast instead of continuing with incomplete handlers"
"Nalix.Runtime\Internal\Compilation\PacketHandlerCompiler.Scanning.cs","206","throw new","?? throw new InternalErrorException($""Handler method '{x22.Name}' is missing a declaring type."")), x22, x09);"
"Nalix.Runtime\Internal\Pooling\CancellableValueTaskSource.cs","148","catch\s*\(\s*Exception","catch (Exception ex) when (ExceptionClassifier.IsNonFatal(ex))"
"Nalix.Runtime\Internal\Pooling\CancellableValueTaskSource`1.cs","221","catch\s*\(\s*Exception","catch (Exception ex) when (ExceptionClassifier.IsNonFatal(ex))"
"Nalix.Runtime\Internal\Results\ReturnTypeHandlerFactory.cs","37","throw new","throw new ArgumentException($""TPacket must implement {nameof(IPacket)}."");"
"Nalix.Runtime\Internal\Results\ReturnTypeHandlerFactory.cs","89","throw new","?? throw new InternalErrorException($""Failed to create return handler for '{handlerType.FullName}'.""));"
"Nalix.Runtime\Internal\Results\ReturnTypeHandlerFactory.cs","97","throw new","?? throw new InternalErrorException($""Failed to create return handler for '{handlerType.FullName}'.""));"
"Nalix.Runtime\Internal\Results\UnsupportedReturnHandler.cs","17","throw new","public ValueTask HandleAsync(object? result, PacketContext<TPacket> context) => throw new InvalidOperationException($""Unsupported return type: type={returnType.FullName}."");"
"Nalix.Runtime\Middleware\MiddlewarePipeline.cs","108","throw new","throw new InternalErrorException("
"Nalix.Runtime\Middleware\MiddlewarePipeline.cs","129","throw new","throw new ArgumentOutOfRangeException(nameof(middleware));"
"Nalix.Runtime\Middleware\MiddlewarePipeline.cs","516","throw new","PipelineStage.None => throw new NotImplementedException(),"
"Nalix.Runtime\Middleware\MiddlewarePipeline.cs","517","throw new","PipelineStage.Mid => throw new NotImplementedException(),"
"Nalix.Runtime\Middleware\MiddlewarePipeline.cs","518","throw new","PipelineStage.Finished => throw new NotImplementedException(),"
"Nalix.Runtime\Middleware\MiddlewarePipeline.cs","589","catch\s*\(\s*Exception","catch (Exception ex) when (ExceptionClassifier.IsNonFatal(ex))"
"Nalix.Runtime\Middleware\MiddlewarePipeline.cs","691","catch\s*\(\s*Exception","catch (Exception ex) when (ExceptionClassifier.IsNonFatal(ex))"
"Nalix.Runtime\Middleware\Standard\ConcurrencyMiddleware.cs","33","throw new","public ConcurrencyMiddleware(ConcurrencyGate concurrencyGate) => _concurrencyGate = concurrencyGate ?? throw new ArgumentNullException(nameof(concurrencyGate));"
"Nalix.Runtime\Middleware\Standard\PermissionMiddleware.cs","84","catch\s*\(\s*Exception","catch (Exception ex) when (ExceptionClassifier.IsNonFatal(ex))"
"Nalix.Runtime\Middleware\Standard\RateLimitMiddleware.cs","48","throw new","_policy = policyRate ?? throw new ArgumentNullException(nameof(policyRate));"
"Nalix.Runtime\Middleware\Standard\RateLimitMiddleware.cs","49","throw new","_global = tokenBucket ?? throw new ArgumentNullException(nameof(tokenBucket));"
"Nalix.Runtime\Middleware\Standard\RateLimitMiddleware.cs","80","catch\s*\(\s*ObjectDisposedException","catch (ObjectDisposedException)"
"Nalix.Runtime\Options\DispatchOptions.cs","88","throw new","throw new System.ComponentModel.DataAnnotations.ValidationException("
"Nalix.Runtime\Options\DispatchOptions.cs","94","throw new","throw new System.ComponentModel.DataAnnotations.ValidationException(""PriorityWeights must not be empty."");"
"Nalix.Runtime\Options\DispatchOptions.cs","100","throw new","throw new System.ComponentModel.DataAnnotations.ValidationException("
"Nalix.Runtime\Options\DispatchOptions.cs","108","throw new","throw new System.ComponentModel.DataAnnotations.ValidationException("
"Nalix.Runtime\Options\DispatchOptions.cs","115","throw new","throw new System.ComponentModel.DataAnnotations.ValidationException(""BlockTimeout cannot be negative."");"
"Nalix.Runtime\Options\PacketDrainOptions.cs","79","throw new","throw new System.ComponentModel.DataAnnotations.ValidationException("
"Nalix.Runtime\Options\PacketDrainOptions.cs","85","throw new","throw new System.ComponentModel.DataAnnotations.ValidationException("
"Nalix.Runtime\Options\PoolingOptions.cs","70","throw new","throw new ValidationException("
"Nalix.Runtime\Options\SessionStoreOptions.cs","47","throw new","throw new ArgumentOutOfRangeException(nameof(this.SessionTtl), ""SessionTtl must be a positive time duration."");"
"Nalix.Runtime\Options\SessionStoreOptions.cs","52","throw new","throw new ArgumentOutOfRangeException(nameof(this.MinAttributesForPersistence), ""MinAttributesForPersistence cannot be negative."");"
"Nalix.Runtime\Options\TokenBucketOptions.cs","128","throw new","throw new System.ComponentModel.DataAnnotations.ValidationException("
"Nalix.Runtime\Options\TokenBucketOptions.cs","135","throw new","throw new System.ComponentModel.DataAnnotations.ValidationException(""ShardCount must be a power of two (e.g., 16, 32, 64) to ensure correct shard distribution."");"
"Nalix.Runtime\Options\TokenBucketOptions.cs","140","throw new","throw new System.ComponentModel.DataAnnotations.ValidationException(""CapacityTokens * TokenScale is too large and may overflow Int64. Reduce values."");"
"Nalix.Runtime\Options\TokenBucketOptions.cs","145","throw new","throw new System.ComponentModel.DataAnnotations.ValidationException("
"Nalix.Runtime\Security\FileCertificateStore.cs","56","throw new","throw new InternalErrorException("
"Nalix.Runtime\Security\FileCertificateStore.cs","64","throw new","throw new InternalErrorException("
"Nalix.Runtime\Security\FileCertificateStore.cs","69","throw new","throw new InternalErrorException("
"Nalix.Runtime\Security\FileCertificateStore.cs","74","throw new","throw new InternalErrorException("
"Nalix.Runtime\Sessions\InMemorySessionStore.cs","49","catch\s*\(\s*Exception","catch (Exception ex) when (ExceptionClassifier.IsNonFatal(ex))"
"Nalix.Runtime\Sessions\SessionPersistenceObserver.cs","28","throw new","_hub = hub ?? throw new ArgumentNullException(nameof(hub));"
"Nalix.Runtime\Sessions\SessionPersistenceObserver.cs","29","throw new","_sessionService = sessionService ?? throw new ArgumentNullException(nameof(sessionService));"
"Nalix.Runtime\Sessions\SessionPersistenceObserver.cs","48","catch\s*\(\s*Exception","catch (Exception ex) when (ExceptionClassifier.IsNonFatal(ex))"
"Nalix.Runtime\Sessions\SessionService.cs","100","catch\s*\(\s*Exception","catch (Exception)"
"Nalix.Runtime\Sessions\SessionService.cs","104","throw;","throw;"
"Nalix.Runtime\Sessions\SessionService.cs","114","catch\s*\(\s*Exception","catch (Exception)"
"Nalix.Runtime\Sessions\SessionService.cs","118","throw;","throw;"
"Nalix.Runtime\Sessions\SessionService.cs","146","catch\s*\(\s*Exception","catch (Exception)"
"Nalix.Runtime\Sessions\SessionService.cs","149","throw;","throw;"
"Nalix.Runtime\Sessions\SessionService.cs","167","catch\s*\(\s*Exception","catch (Exception)"
"Nalix.Runtime\Sessions\SessionService.cs","170","throw;","throw;"
"Nalix.Runtime\Sessions\SessionService.cs","186","catch\s*\(\s*ObjectDisposedException","catch (ObjectDisposedException) { }"
"Nalix.Runtime\Sessions\SessionService.cs","187","catch\s*\(\s*Exception","catch (Exception ex) when (ExceptionClassifier.IsNonFatal(ex)) { /* Safety catch for disposal races */ }"
"Nalix.Runtime\Throttling\ConcurrencyGate.Cleanup.cs","133","throw new","throw new ConcurrencyFailureException("
"Nalix.Runtime\Throttling\ConcurrencyGate.Cleanup.cs","145","throw new","throw new TimeoutException("
"Nalix.Runtime\Throttling\ConcurrencyGate.Cleanup.cs","157","throw;","throw;"
"Nalix.Runtime\Throttling\ConcurrencyGate.Cleanup.cs","215","catch\s*\(\s*Exception","catch (Exception ex) when (ExceptionClassifier.IsNonFatal(ex))"
"Nalix.Runtime\Throttling\ConcurrencyGate.Cleanup.cs","231","throw new","private static void THROW_MAX_OUT_OF_RANGE(int max) => throw new ArgumentException($""Concurrency max must be > 0, got {max}"", ""attr"");"
"Nalix.Runtime\Throttling\ConcurrencyGate.Cleanup.cs","235","throw new","private static void THROW_QUEUE_MAX_NEGATIVE(int queueMax) => throw new ArgumentException($""Queue max cannot be negative, got {queueMax}"", ""attr"");"
"Nalix.Runtime\Throttling\ConcurrencyGate.cs","74","catch\s*\(\s*Exception","catch (Exception ex) when (ExceptionClassifier.IsNonFatal(ex))"
"Nalix.Runtime\Throttling\ConcurrencyGate.cs","76","throw new","throw new InternalErrorException($""[RT.{nameof(ConcurrencyGate)}] initialization-error: {ex.Message}"", ex);"
"Nalix.Runtime\Throttling\ConcurrencyGate.cs","136","catch\s*\(\s*ObjectDisposedException","catch (ObjectDisposedException)"
"Nalix.Runtime\Throttling\ConcurrencyGate.cs","143","catch\s*\(\s*Exception","catch (Exception ex) when (ExceptionClassifier.IsNonFatal(ex))"
"Nalix.Runtime\Throttling\ConcurrencyGate.cs","180","throw new","throw new ConcurrencyFailureException("
"Nalix.Runtime\Throttling\ConcurrencyGate.cs","190","throw new","throw new ConcurrencyFailureException("
"Nalix.Runtime\Throttling\ConcurrencyGate.cs","202","throw new","throw new ConcurrencyFailureException("
"Nalix.Runtime\Throttling\ConcurrencyGate.cs","215","catch\s*\(\s*Exception","catch (Exception ex) when (ExceptionClassifier.IsNonFatal(ex))"
"Nalix.Runtime\Throttling\ConcurrencyGate.cs","218","throw;","throw;"
"Nalix.Runtime\Throttling\ConcurrencyGate.Types.cs","62","throw new","throw new ArgumentOutOfRangeException(nameof(max), ""Capacity must be positive"");"
"Nalix.Runtime\Throttling\ConcurrencyGate.Types.cs","256","catch\s*\(\s*ObjectDisposedException","catch (ObjectDisposedException)"
"Nalix.Runtime\Throttling\ConcurrencyGate.Types.cs","260","catch\s*\(\s*Exception","catch (Exception ex) when (ExceptionClassifier.IsNonFatal(ex))"
"Nalix.Runtime\Throttling\ConcurrencyGate.Types.cs","362","catch\s*\(\s*ObjectDisposedException","catch (ObjectDisposedException)"
"Nalix.Runtime\Throttling\ConcurrencyGate.Types.cs","366","catch\s*\(\s*Exception","catch (Exception ex) when (ExceptionClassifier.IsNonFatal(ex))"
"Nalix.Runtime\Throttling\PolicyRateLimiter.cs","81","throw new","_inner = inner ?? throw new ArgumentNullException(nameof(inner));"
"Nalix.Runtime\Throttling\TokenBucketLimiter.Cleanup.cs","67","catch\s*\(\s*Exception","catch (Exception ex) when (ex is not ObjectDisposedException)"
"Nalix.Runtime\Throttling\TokenBucketLimiter.cs","962","throw new","private static void THROW_KEY_ADDRESS_EMPTY() => throw new ArgumentException(""Endpoint address cannot be null or empty"", ""key"");"
"Nalix.Runtime\Timekeeping\TimeSynchronizer.cs","102","throw new","throw new ArgumentOutOfRangeException(nameof(value), ""Period must be positive."");"
"Nalix.Runtime\Timekeeping\TimeSynchronizer.cs","215","catch\s*\(\s*ObjectDisposedException","catch (ObjectDisposedException)"
"Nalix.Runtime\Timekeeping\TimeSynchronizer.cs","267","catch\s*\(\s*ObjectDisposedException","catch (ObjectDisposedException)"
"Nalix.Runtime\Timekeeping\TimeSynchronizer.cs","353","catch\s*\(\s*Exception","catch (Exception ex) when (ExceptionClassifier.IsNonFatal(ex))"
"Nalix.Runtime\Timekeeping\TimeSynchronizer.cs","370","catch\s*\(\s*Exception","catch (Exception ex) when (ExceptionClassifier.IsNonFatal(ex))"
"Nalix.Runtime\Timekeeping\TimeSynchronizer.cs","400","catch\s*\(\s*Exception","catch (Exception ex) when (ExceptionClassifier.IsNonFatal(ex))"
"Nalix.Runtime\Timekeeping\TimeSynchronizer.cs","447","catch\s*\(\s*ObjectDisposedException","catch (ObjectDisposedException)"
"Nalix.Runtime\Timekeeping\TimeSynchronizer.cs","456","catch\s*\(\s*ObjectDisposedException","catch (ObjectDisposedException)"
"Nalix.SDK\TimeSyncCalculator.cs","41","throw new","throw new ArgumentException(""Server Unix timestamp cannot be negative"", nameof(serverUnixMs));"
"Nalix.SDK\TimeSyncCalculator.cs","46","throw new","throw new ArgumentException(""RTT cannot be negative"", nameof(rttMs));"
"Nalix.SDK\TimeSyncCalculator.cs","51","throw new","throw new ArgumentException(""Max allowed drift must be positive"", nameof(maxAllowedDriftMs));"
"Nalix.SDK\TimeSyncCalculator.cs","56","throw new","throw new ArgumentException(""Max hard adjust must be positive"", nameof(maxHardAdjustMs));"
"Nalix.SDK\TimeSyncCalculator.cs","64","throw new","throw new ArgumentException(""Server Unix timestamp is outside reasonable range"", nameof(serverUnixMs));"
"Nalix.SDK\Options\RequestOptions.cs","83","throw new","throw new ArgumentOutOfRangeException("
"Nalix.SDK\Options\RequestOptions.cs","88","throw new","throw new ArgumentOutOfRangeException("
"Nalix.SDK\Transport\TcpSession.cs","75","throw new","this.Options = options ?? throw new ArgumentNullException(nameof(options));"
"Nalix.SDK\Transport\TcpSession.cs","128","catch\s*\(\s*Exception","catch (Exception ex) when (ExceptionClassifier.IsNonFatal(ex))"
"Nalix.SDK\Transport\TcpSession.cs","132","throw new","throw new NetworkException($""Connection failed: {ex.Message}"", ex);"
"Nalix.SDK\Transport\TcpSession.cs","190","catch\s*\(\s*Exception","catch (Exception ex) when (ExceptionClassifier.IsNonFatal(ex))"
"Nalix.SDK\Transport\TcpSession.cs","194","throw new","throw new NetworkException($""Connection failed: {ex.Message}"", ex);"
"Nalix.SDK\Transport\TcpSession.cs","232","catch\s*\(\s*ObjectDisposedException","catch (ObjectDisposedException ex)"
"Nalix.SDK\Transport\TcpSession.cs","253","catch\s*\(\s*SocketException","catch (SocketException ex)"
"Nalix.SDK\Transport\TcpSession.cs","260","catch\s*\(\s*ObjectDisposedException","catch (ObjectDisposedException ex)"
"Nalix.SDK\Transport\TcpSession.cs","303","throw new","throw new NetworkException(""Failed to send TCP packet: the frame was not delivered to the socket."");"
"Nalix.SDK\Transport\TcpSession.cs","355","catch\s*\(\s*Exception","catch (Exception ex) when (ExceptionClassifier.IsNonFatal(ex))"
"Nalix.SDK\Transport\TcpSession.cs","392","catch\s*\(\s*Exception","catch (Exception ex) when (ExceptionClassifier.IsNonFatal(ex))"
"Nalix.SDK\Transport\UdpSession.cs","96","throw new","this.Options = options ?? throw new ArgumentNullException(nameof(options));"
"Nalix.SDK\Transport\UdpSession.cs","137","throw new","throw new NetworkException($""Could not resolve host: {effectiveHost}"");"
"Nalix.SDK\Transport\UdpSession.cs","166","catch\s*\(\s*Exception","catch (Exception ex) when (ExceptionClassifier.IsNonFatal(ex))"
"Nalix.SDK\Transport\UdpSession.cs","170","throw new","throw new NetworkException($""UDP Connection failed: {ex.Message}"", ex);"
"Nalix.SDK\Transport\UdpSession.cs","194","catch\s*\(\s*ObjectDisposedException","catch (ObjectDisposedException) { /* ignored */ }"
"Nalix.SDK\Transport\UdpSession.cs","202","catch\s*\(\s*ObjectDisposedException","catch (ObjectDisposedException) { /* ignored */ }"
"Nalix.SDK\Transport\UdpSession.cs","232","throw new","throw new NetworkException(""Failed to send UDP packet: the datagram was not delivered to the socket."");"
"Nalix.SDK\Transport\UdpSession.cs","275","catch\s*\(\s*Exception","catch (Exception ex) when (ExceptionClassifier.IsNonFatal(ex))"
"Nalix.SDK\Transport\WebSocketSession.cs","78","throw new","this.Options = options ?? throw new ArgumentNullException(nameof(options));"
"Nalix.SDK\Transport\WebSocketSession.cs","137","catch\s*\(\s*Exception","catch (Exception ex) when (ExceptionClassifier.IsNonFatal(ex))"
"Nalix.SDK\Transport\WebSocketSession.cs","141","throw new","throw new NetworkException($""WebSocket Connection failed: {ex.Message}"", ex);"
"Nalix.SDK\Transport\WebSocketSession.cs","179","catch\s*\(\s*ObjectDisposedException","catch (ObjectDisposedException ex)"
"Nalix.SDK\Transport\WebSocketSession.cs","201","catch\s*\(\s*Exception","catch (Exception ex) when (ExceptionClassifier.IsNonFatal(ex))"
"Nalix.SDK\Transport\WebSocketSession.cs","239","throw new","throw new NetworkException(""Failed to send WebSocket packet: the frame was not delivered to the socket."");"
"Nalix.SDK\Transport\WebSocketSession.cs","297","catch\s*\(\s*Exception","catch (Exception ex) when (ExceptionClassifier.IsNonFatal(ex))"
"Nalix.SDK\Transport\WebSocketSession.cs","334","catch\s*\(\s*Exception","catch (Exception ex) when (ExceptionClassifier.IsNonFatal(ex))"
"Nalix.SDK\Transport\Extensions\CipherExtensions.cs","71","catch\s*\(\s*Exception","catch (Exception ex) when (ExceptionClassifier.IsNonFatal(ex))"
"Nalix.SDK\Transport\Extensions\CipherExtensions.cs","74","throw;","throw;"
"Nalix.SDK\Transport\Extensions\ControlExtensions.cs","130","throw new","throw new NetworkException(""Client not connected."");"
"Nalix.SDK\Transport\Extensions\ControlExtensions.cs","189","throw new","throw new NetworkException(""Client not connected."");"
"Nalix.SDK\Transport\Extensions\DisconnectExtensions.cs","49","catch\s*\(\s*ObjectDisposedException","catch (ObjectDisposedException)"
"Nalix.SDK\Transport\Extensions\HandshakeExtensions.cs","52","throw new","throw new InvalidOperationException(""Session must be connected to perform handshake."");"
"Nalix.SDK\Transport\Extensions\HandshakeExtensions.cs","72","throw new","throw new NetworkException($""Malformed SessionChallenge packet: {reason}"");"
"Nalix.SDK\Transport\Extensions\HandshakeExtensions.cs","79","throw new","throw new NetworkException(""Handshake key agreement failed: Ephemeral shared secret is all zero."");"
"Nalix.SDK\Transport\Extensions\HandshakeExtensions.cs","95","throw new","throw new NetworkException($""Malformed SessionTofu response: {keyReason}"");"
"Nalix.SDK\Transport\Extensions\HandshakeExtensions.cs","111","throw new","throw new NetworkException(""Handshake key agreement failed: Static shared secret is all zero."");"
"Nalix.SDK\Transport\Extensions\HandshakeExtensions.cs","125","throw new","throw new NetworkException(""SessionChallenge proof is invalid. Possible Man-in-the-Middle attack."");"
"Nalix.SDK\Transport\Extensions\HandshakeExtensions.cs","152","throw new","throw new NetworkException($""Malformed SessionEstablished packet: {finishReason}"");"
"Nalix.SDK\Transport\Extensions\HandshakeExtensions.cs","158","throw new","throw new NetworkException(""SessionEstablished proof is invalid."");"
"Nalix.SDK\Transport\Extensions\HandshakeExtensions.cs","170","throw;","throw;"
"Nalix.SDK\Transport\Extensions\RequestExtensions.cs","116","throw new","throw new NetworkException("
"Nalix.SDK\Transport\Extensions\RequestExtensions.cs","150","throw new","throw new TimeoutException("
"Nalix.SDK\Transport\Extensions\ResumeExtensions.cs","35","throw new","throw new InvalidOperationException(""Session must be connected to perform resume."");"
"Nalix.SDK\Transport\Extensions\ResumeExtensions.cs","69","throw new","throw new NetworkException($""Malformed SessionResume response packet: {validationReason}"");"
"Nalix.SDK\Transport\Extensions\ResumeExtensions.cs","89","throw new","throw new NetworkException(""Session resume response proof is invalid. Possible Man-in-the-Middle attack or clock skew."");"
"Nalix.SDK\Transport\Extensions\ResumeExtensions.cs","104","catch\s*\(\s*NetworkException","catch (NetworkException)"
"Nalix.SDK\Transport\Extensions\ResumeExtensions.cs","142","throw new","throw new NetworkException($""Session resume failed: {reason}"");"
"Nalix.SDK\Transport\Extensions\TransportSessionSubscriptions.cs","89","catch\s*\(\s*Exception","catch (Exception ex) when (ExceptionClassifier.IsNonFatal(ex))"
"Nalix.SDK\Transport\Extensions\TransportSessionSubscriptions.cs","140","catch\s*\(\s*Exception","catch (Exception ex) when (ExceptionClassifier.IsNonFatal(ex))"
"Nalix.SDK\Transport\Extensions\TransportSessionSubscriptions.cs","177","catch\s*\(\s*Exception","catch (Exception ex) when (ExceptionClassifier.IsNonFatal(ex))"
"Nalix.SDK\Transport\Extensions\TransportSessionSubscriptions.cs","253","catch\s*\(\s*Exception","catch (Exception ex) when (ExceptionClassifier.IsNonFatal(ex))"
"Nalix.SDK\Transport\Extensions\TransportSessionSubscriptions.cs","308","catch\s*\(\s*Exception","catch (Exception callbackEx) when (ExceptionClassifier.IsNonFatal(callbackEx))"
"Nalix.SDK\Transport\Extensions\TransportSessionSubscriptions.cs","356","catch\s*\(\s*Exception","catch (Exception callbackEx) when (ExceptionClassifier.IsNonFatal(callbackEx))"
"Nalix.SDK\Transport\Extensions\TransportSessionSubscriptions.cs","456","catch\s*\(\s*Exception","catch (Exception ex) when (ExceptionClassifier.IsNonFatal(ex))"
"Nalix.SDK\Transport\Internal\PacketAwaiter.cs","48","throw new","throw new ArgumentOutOfRangeException(nameof(timeoutMs), ""timeoutMs must be >= 0 (0 = infinite)"");"
"Nalix.SDK\Transport\Internal\PacketAwaiter.cs","72","catch\s*\(\s*Exception","catch (Exception ex) when (ExceptionClassifier.IsNonFatal(ex))"
"Nalix.SDK\Transport\Internal\PacketAwaiter.cs","105","throw new","throw new TimeoutException($""No {typeof(TPkt).Name} received within {timeoutMs} ms (send phase)."");"
"Nalix.SDK\Transport\Internal\PacketAwaiter.cs","107","catch\s*\(\s*Exception","catch (Exception sendEx) when (ExceptionClassifier.IsNonFatal(sendEx))"
"Nalix.SDK\Transport\Internal\PacketAwaiter.cs","119","throw;","throw;"
"Nalix.SDK\Transport\Internal\PacketAwaiter.cs","128","throw new","throw new OperationCanceledException(ct);"
"Nalix.SDK\Transport\Internal\PacketAwaiter.cs","132","throw new","throw new TimeoutException($""No {typeof(TPkt).Name} received within {timeoutMs} ms."");"
"Nalix.SDK\Transport\Internal\Tcp\TcpFrameReader.cs","54","throw new","_options = options ?? throw new ArgumentNullException(nameof(options));"
"Nalix.SDK\Transport\Internal\Tcp\TcpFrameReader.cs","55","throw new","_state = state ?? throw new ArgumentNullException(nameof(state));"
"Nalix.SDK\Transport\Internal\Tcp\TcpFrameReader.cs","56","throw new","_onError = onError ?? throw new ArgumentNullException(nameof(onError));"
"Nalix.SDK\Transport\Internal\Tcp\TcpFrameReader.cs","57","throw new","_getSocket = getSocket ?? throw new ArgumentNullException(nameof(getSocket));"
"Nalix.SDK\Transport\Internal\Tcp\TcpFrameReader.cs","58","throw new","_onMessage = onMessage ?? throw new ArgumentNullException(nameof(onMessage));"
"Nalix.SDK\Transport\Internal\Tcp\TcpFrameReader.cs","110","catch\s*\(\s*Exception","catch (Exception ex) when (ExceptionClassifier.IsNonFatal(ex))"
"Nalix.SDK\Transport\Internal\Tcp\TcpFrameReader.cs","117","throw;","throw;"
"Nalix.SDK\Transport\Internal\Tcp\TcpFrameReader.cs","120","catch\s*\(\s*Exception","catch (Exception ex) when (ex is not OperationCanceledException)"
"Nalix.SDK\Transport\Internal\Tcp\TcpFrameReader.cs","133","catch\s*\(\s*Exception","catch (Exception ex) when (ExceptionClassifier.IsNonFatal(ex))"
"Nalix.SDK\Transport\Internal\Tcp\TcpFrameReader.cs","200","throw new","throw new SocketException((int)SocketError.ConnectionReset);"
"Nalix.SDK\Transport\Internal\Tcp\TcpFrameSender.cs","45","throw new","_options = options ?? throw new ArgumentNullException(nameof(options));"
"Nalix.SDK\Transport\Internal\Tcp\TcpFrameSender.cs","46","throw new","_state = state ?? throw new ArgumentNullException(nameof(state));"
"Nalix.SDK\Transport\Internal\Tcp\TcpFrameSender.cs","48","throw new","_getSocket = getSocket ?? throw new ArgumentNullException(nameof(getSocket));"
"Nalix.SDK\Transport\Internal\Tcp\TcpFrameSender.cs","49","throw new","_onError = onError ?? throw new ArgumentNullException(nameof(onError));"
"Nalix.SDK\Transport\Internal\Tcp\TcpFrameSender.cs","88","catch\s*\(\s*Exception","catch (Exception ex) when (ExceptionClassifier.IsNonFatal(ex))"
"Nalix.SDK\Transport\Internal\Tcp\TcpFrameSender.cs","109","throw new","throw new ArgumentOutOfRangeException(nameof(payload), $""Frame too large: {totalLen}"");"
"Nalix.SDK\Transport\Internal\Tcp\TcpFrameSender.cs","132","throw new","throw new ArgumentOutOfRangeException(nameof(payload));"
"Nalix.SDK\Transport\Internal\Tcp\TcpFrameSender.cs","206","throw new","throw new SocketException((int)SocketError.ConnectionReset);"
"Nalix.SDK\Transport\Internal\Tcp\TcpFrameSender.cs","223","throw new","throw new SocketException((int)SocketError.ConnectionReset);"
"Nalix.SDK\Transport\Internal\Udp\UdpFrameReader.cs","52","throw new","_getSocket = getSocket ?? throw new ArgumentNullException(nameof(getSocket));"
"Nalix.SDK\Transport\Internal\Udp\UdpFrameReader.cs","53","throw new","_options = options ?? throw new ArgumentNullException(nameof(options));"
"Nalix.SDK\Transport\Internal\Udp\UdpFrameReader.cs","54","throw new","_state = state ?? throw new ArgumentNullException(nameof(state));"
"Nalix.SDK\Transport\Internal\Udp\UdpFrameReader.cs","55","throw new","_onMessageReceived = onMessageReceived ?? throw new ArgumentNullException(nameof(onMessageReceived));"
"Nalix.SDK\Transport\Internal\Udp\UdpFrameReader.cs","57","throw new","_onError = onError ?? throw new ArgumentNullException(nameof(onError));"
"Nalix.SDK\Transport\Internal\Udp\UdpFrameReader.cs","100","catch\s*\(\s*Exception","catch (Exception ex) when (ExceptionClassifier.IsNonFatal(ex))"
"Nalix.SDK\Transport\Internal\Udp\UdpFrameReader.cs","118","catch\s*\(\s*Exception","catch (Exception ex) when (ExceptionClassifier.IsNonFatal(ex))"
"Nalix.SDK\Transport\Internal\Udp\UdpFrameReader.cs","181","catch\s*\(\s*Exception","catch (Exception ex) when (ExceptionClassifier.IsNonFatal(ex))"
"Nalix.SDK\Transport\Internal\Udp\UdpFrameSender.cs","37","throw new","_getSocket = getSocket ?? throw new ArgumentNullException(nameof(getSocket));"
"Nalix.SDK\Transport\Internal\Udp\UdpFrameSender.cs","38","throw new","_options = options ?? throw new ArgumentNullException(nameof(options));"
"Nalix.SDK\Transport\Internal\Udp\UdpFrameSender.cs","39","throw new","_state = state ?? throw new ArgumentNullException(nameof(state));"
"Nalix.SDK\Transport\Internal\Udp\UdpFrameSender.cs","40","throw new","_onError = onError ?? throw new ArgumentNullException(nameof(onError));"
"Nalix.SDK\Transport\Internal\Udp\UdpFrameSender.cs","69","throw new","throw new NetworkException("
"Nalix.SDK\Transport\Internal\Udp\UdpFrameSender.cs","81","catch\s*\(\s*Exception","catch (Exception ex) when (ExceptionClassifier.IsNonFatal(ex))"
"Nalix.SDK\Transport\Internal\Udp\UdpFrameSender.cs","98","throw new","Socket? socket = _getSocket() ?? throw new NetworkException(""Cannot send: UDP socket is null."");"
"Nalix.SDK\Transport\Internal\Udp\UdpFrameSender.cs","106","catch\s*\(\s*Exception","catch (Exception ex) when (ExceptionClassifier.IsNonFatal(ex))"
"Nalix.SDK\Transport\Internal\Ws\WsFrameReader.cs","40","throw new","_options = options ?? throw new ArgumentNullException(nameof(options));"
"Nalix.SDK\Transport\Internal\Ws\WsFrameReader.cs","41","throw new","_state = state ?? throw new ArgumentNullException(nameof(state));"
"Nalix.SDK\Transport\Internal\Ws\WsFrameReader.cs","42","throw new","_webSocketOptions = webSocketOptions ?? throw new ArgumentNullException(nameof(webSocketOptions));"
"Nalix.SDK\Transport\Internal\Ws\WsFrameReader.cs","43","throw new","_getSocket = getSocket ?? throw new ArgumentNullException(nameof(getSocket));"
"Nalix.SDK\Transport\Internal\Ws\WsFrameReader.cs","44","throw new","_onMessage = onMessage ?? throw new ArgumentNullException(nameof(onMessage));"
"Nalix.SDK\Transport\Internal\Ws\WsFrameReader.cs","45","throw new","_onError = onError ?? throw new ArgumentNullException(nameof(onError));"
"Nalix.SDK\Transport\Internal\Ws\WsFrameReader.cs","71","throw new","throw new InvalidOperationException("
"Nalix.SDK\Transport\Internal\Ws\WsFrameReader.cs","89","catch\s*\(\s*Exception","catch (Exception ex) when (ExceptionClassifier.IsNonFatal(ex))"
"Nalix.SDK\Transport\Internal\Ws\WsFrameReader.cs","114","throw new","throw new InvalidOperationException("
"Nalix.SDK\Transport\Internal\Ws\WsFrameReader.cs","134","throw new","throw new InvalidOperationException("
"Nalix.SDK\Transport\Internal\Ws\WsFrameReader.cs","182","catch\s*\(\s*Exception","catch (Exception ex) when (ExceptionClassifier.IsNonFatal(ex))"
"Nalix.SDK\Transport\Internal\Ws\WsFrameSender.cs","32","throw new","_options = options ?? throw new ArgumentNullException(nameof(options));"
"Nalix.SDK\Transport\Internal\Ws\WsFrameSender.cs","33","throw new","_state = state ?? throw new ArgumentNullException(nameof(state));"
"Nalix.SDK\Transport\Internal\Ws\WsFrameSender.cs","34","throw new","_getSocket = getSocket ?? throw new ArgumentNullException(nameof(getSocket));"
"Nalix.SDK\Transport\Internal\Ws\WsFrameSender.cs","35","throw new","_onError = onError ?? throw new ArgumentNullException(nameof(onError));"
"Nalix.SDK\Transport\Internal\Ws\WsFrameSender.cs","76","catch\s*\(\s*Exception","catch (Exception ex) when (ExceptionClassifier.IsNonFatal(ex))"
"Nalix.SDK\Transport\Internal\Ws\WsFrameSender.cs","106","catch\s*\(\s*Exception","catch (Exception ex) when (ExceptionClassifier.IsNonFatal(ex))"
"Nalix.SDK\Transport\Internal\Ws\WsFrameSender.cs","131","catch\s*\(\s*Exception","catch (Exception ex) when (ExceptionClassifier.IsNonFatal(ex))"
