Timestamp,Provider,Counter Name,Counter Type,Mean/Increment
06/06/2026 21:42:24,System.Runtime,dotnet.process.memory.working_set (By),Metric,231505920
06/06/2026 21:42:24,System.Runtime,dotnet.gc.last_collection.heap.size (By)[gc.heap.generation=loh],Metric,524344
06/06/2026 21:42:24,System.Runtime,dotnet.gc.last_collection.heap.size (By)[gc.heap.generation=gen2],Metric,2919200
06/06/2026 21:42:24,System.Runtime,dotnet.gc.last_collection.heap.size (By)[gc.heap.generation=gen1],Metric,59688
06/06/2026 21:42:24,System.Runtime,dotnet.gc.last_collection.heap.size (By)[gc.heap.generation=poh],Metric,157895840
06/06/2026 21:42:24,System.Runtime,dotnet.gc.last_collection.heap.size (By)[gc.heap.generation=gen0],Metric,843064
06/06/2026 21:42:24,System.Runtime,dotnet.assembly.count ({assembly}),Metric,54
06/06/2026 21:42:24,System.Runtime,dotnet.gc.last_collection.heap.fragmentation.size (By)[gc.heap.generation=loh],Metric,32
06/06/2026 21:42:24,System.Runtime,dotnet.gc.last_collection.heap.fragmentation.size (By)[gc.heap.generation=gen2],Metric,24848
06/06/2026 21:42:24,System.Runtime,dotnet.gc.last_collection.heap.fragmentation.size (By)[gc.heap.generation=gen1],Metric,264
06/06/2026 21:42:24,System.Runtime,dotnet.gc.last_collection.heap.fragmentation.size (By)[gc.heap.generation=poh],Metric,0
06/06/2026 21:42:24,System.Runtime,dotnet.gc.last_collection.heap.fragmentation.size (By)[gc.heap.generation=gen0],Metric,834800
06/06/2026 21:42:24,System.Runtime,dotnet.gc.last_collection.memory.committed_size (By),Metric,182796288
06/06/2026 21:42:24,System.Runtime,dotnet.process.cpu.count ({cpu}),Metric,4
06/06/2026 21:42:24,System.Runtime,dotnet.timer.count ({timer}),Metric,28
06/06/2026 21:42:25,System.Runtime,dotnet.jit.compilation.time (s / 1 sec),Rate,0.0471241
06/06/2026 21:42:25,System.Runtime,dotnet.jit.compiled_il.size (By / 1 sec),Rate,4020
06/06/2026 21:42:25,System.Runtime,dotnet.process.memory.working_set (By),Metric,231505920
06/06/2026 21:42:25,System.Runtime,dotnet.jit.compiled_methods ({method} / 1 sec),Rate,74
06/06/2026 21:42:25,System.Runtime,dotnet.gc.last_collection.heap.size (By)[gc.heap.generation=loh],Metric,524344
06/06/2026 21:42:25,System.Runtime,dotnet.gc.last_collection.heap.size (By)[gc.heap.generation=gen2],Metric,2919200
06/06/2026 21:42:25,System.Runtime,dotnet.gc.last_collection.heap.size (By)[gc.heap.generation=gen1],Metric,59688
06/06/2026 21:42:25,System.Runtime,dotnet.gc.last_collection.heap.size (By)[gc.heap.generation=poh],Metric,157895840
06/06/2026 21:42:25,System.Runtime,dotnet.gc.last_collection.heap.size (By)[gc.heap.generation=gen0],Metric,843064
06/06/2026 21:42:25,System.Runtime,dotnet.monitor.lock_contentions ({contention} / 1 sec),Rate,7
06/06/2026 21:42:25,System.Runtime,dotnet.process.cpu.time (s / 1 sec)[cpu.mode=system],Rate,0
06/06/2026 21:42:25,System.Runtime,dotnet.process.cpu.time (s / 1 sec)[cpu.mode=user],Rate,0.054605000000000015
06/06/2026 21:42:25,System.Runtime,dotnet.thread_pool.thread.count ({thread} / 1 sec),Rate,0
06/06/2026 21:42:25,System.Runtime,dotnet.assembly.count ({assembly}),Metric,54
06/06/2026 21:42:25,System.Runtime,dotnet.thread_pool.work_item.count ({work_item} / 1 sec),Rate,316
06/06/2026 21:42:25,System.Runtime,dotnet.gc.heap.total_allocated (By / 1 sec),Rate,292976
06/06/2026 21:42:25,System.Runtime,dotnet.gc.last_collection.heap.fragmentation.size (By)[gc.heap.generation=loh],Metric,32
06/06/2026 21:42:25,System.Runtime,dotnet.gc.last_collection.heap.fragmentation.size (By)[gc.heap.generation=gen2],Metric,24848
06/06/2026 21:42:25,System.Runtime,dotnet.gc.last_collection.heap.fragmentation.size (By)[gc.heap.generation=gen1],Metric,264
06/06/2026 21:42:25,System.Runtime,dotnet.gc.last_collection.heap.fragmentation.size (By)[gc.heap.generation=poh],Metric,0
06/06/2026 21:42:25,System.Runtime,dotnet.gc.last_collection.heap.fragmentation.size (By)[gc.heap.generation=gen0],Metric,834800
06/06/2026 21:42:25,System.Runtime,dotnet.thread_pool.queue.length ({work_item} / 1 sec),Rate,0
06/06/2026 21:42:25,System.Runtime,dotnet.gc.last_collection.memory.committed_size (By),Metric,182796288
06/06/2026 21:42:25,System.Runtime,dotnet.process.cpu.count ({cpu}),Metric,4
06/06/2026 21:42:25,System.Runtime,dotnet.timer.count ({timer}),Metric,28
06/06/2026 21:42:25,System.Runtime,dotnet.gc.collections ({collection} / 1 sec)[gc.heap.generation=gen2],Rate,0
06/06/2026 21:42:25,System.Runtime,dotnet.gc.collections ({collection} / 1 sec)[gc.heap.generation=gen1],Rate,0
06/06/2026 21:42:25,System.Runtime,dotnet.gc.collections ({collection} / 1 sec)[gc.heap.generation=gen0],Rate,0
06/06/2026 21:42:25,System.Runtime,dotnet.gc.pause.time (s / 1 sec),Rate,0
06/06/2026 21:42:26,System.Runtime,dotnet.jit.compilation.time (s / 1 sec),Rate,0
06/06/2026 21:42:26,System.Runtime,dotnet.jit.compiled_il.size (By / 1 sec),Rate,0
06/06/2026 21:42:26,System.Runtime,dotnet.process.memory.working_set (By),Metric,231505920
06/06/2026 21:42:26,System.Runtime,dotnet.jit.compiled_methods ({method} / 1 sec),Rate,0
06/06/2026 21:42:26,System.Runtime,dotnet.gc.last_collection.heap.size (By)[gc.heap.generation=loh],Metric,524344
06/06/2026 21:42:26,System.Runtime,dotnet.gc.last_collection.heap.size (By)[gc.heap.generation=gen2],Metric,2919200
06/06/2026 21:42:26,System.Runtime,dotnet.gc.last_collection.heap.size (By)[gc.heap.generation=gen1],Metric,59688
06/06/2026 21:42:26,System.Runtime,dotnet.gc.last_collection.heap.size (By)[gc.heap.generation=poh],Metric,157895840
06/06/2026 21:42:26,System.Runtime,dotnet.gc.last_collection.heap.size (By)[gc.heap.generation=gen0],Metric,843064
06/06/2026 21:42:26,System.Runtime,dotnet.monitor.lock_contentions ({contention} / 1 sec),Rate,10
06/06/2026 21:42:26,System.Runtime,dotnet.process.cpu.time (s / 1 sec)[cpu.mode=system],Rate,0
06/06/2026 21:42:26,System.Runtime,dotnet.process.cpu.time (s / 1 sec)[cpu.mode=user],Rate,0.008621999999999908
06/06/2026 21:42:26,System.Runtime,dotnet.thread_pool.thread.count ({thread} / 1 sec),Rate,0
06/06/2026 21:42:26,System.Runtime,dotnet.assembly.count ({assembly}),Metric,54
06/06/2026 21:42:26,System.Runtime,dotnet.thread_pool.work_item.count ({work_item} / 1 sec),Rate,315
06/06/2026 21:42:26,System.Runtime,dotnet.gc.heap.total_allocated (By / 1 sec),Rate,293264
06/06/2026 21:42:26,System.Runtime,dotnet.gc.last_collection.heap.fragmentation.size (By)[gc.heap.generation=loh],Metric,32
06/06/2026 21:42:26,System.Runtime,dotnet.gc.last_collection.heap.fragmentation.size (By)[gc.heap.generation=gen2],Metric,24848
06/06/2026 21:42:26,System.Runtime,dotnet.gc.last_collection.heap.fragmentation.size (By)[gc.heap.generation=gen1],Metric,264
06/06/2026 21:42:26,System.Runtime,dotnet.gc.last_collection.heap.fragmentation.size (By)[gc.heap.generation=poh],Metric,0
06/06/2026 21:42:26,System.Runtime,dotnet.gc.last_collection.heap.fragmentation.size (By)[gc.heap.generation=gen0],Metric,834800
06/06/2026 21:42:26,System.Runtime,dotnet.thread_pool.queue.length ({work_item} / 1 sec),Rate,0
06/06/2026 21:42:26,System.Runtime,dotnet.gc.last_collection.memory.committed_size (By),Metric,182796288
06/06/2026 21:42:26,System.Runtime,dotnet.process.cpu.count ({cpu}),Metric,4
06/06/2026 21:42:26,System.Runtime,dotnet.timer.count ({timer}),Metric,28
06/06/2026 21:42:26,System.Runtime,dotnet.gc.collections ({collection} / 1 sec)[gc.heap.generation=gen2],Rate,0
06/06/2026 21:42:26,System.Runtime,dotnet.gc.collections ({collection} / 1 sec)[gc.heap.generation=gen1],Rate,0
06/06/2026 21:42:26,System.Runtime,dotnet.gc.collections ({collection} / 1 sec)[gc.heap.generation=gen0],Rate,0
06/06/2026 21:42:26,System.Runtime,dotnet.gc.pause.time (s / 1 sec),Rate,0
06/06/2026 21:42:27,System.Runtime,dotnet.jit.compilation.time (s / 1 sec),Rate,0
06/06/2026 21:42:27,System.Runtime,dotnet.jit.compiled_il.size (By / 1 sec),Rate,0
06/06/2026 21:42:27,System.Runtime,dotnet.process.memory.working_set (By),Metric,231505920
06/06/2026 21:42:27,System.Runtime,dotnet.jit.compiled_methods ({method} / 1 sec),Rate,0
06/06/2026 21:42:27,System.Runtime,dotnet.gc.last_collection.heap.size (By)[gc.heap.generation=loh],Metric,524344
06/06/2026 21:42:27,System.Runtime,dotnet.gc.last_collection.heap.size (By)[gc.heap.generation=gen2],Metric,2919200
06/06/2026 21:42:27,System.Runtime,dotnet.gc.last_collection.heap.size (By)[gc.heap.generation=gen1],Metric,59688
06/06/2026 21:42:27,System.Runtime,dotnet.gc.last_collection.heap.size (By)[gc.heap.generation=poh],Metric,157895840
06/06/2026 21:42:27,System.Runtime,dotnet.gc.last_collection.heap.size (By)[gc.heap.generation=gen0],Metric,843064
06/06/2026 21:42:27,System.Runtime,dotnet.monitor.lock_contentions ({contention} / 1 sec),Rate,9
06/06/2026 21:42:27,System.Runtime,dotnet.process.cpu.time (s / 1 sec)[cpu.mode=system],Rate,0
06/06/2026 21:42:27,System.Runtime,dotnet.process.cpu.time (s / 1 sec)[cpu.mode=user],Rate,0.008846999999999827
06/06/2026 21:42:27,System.Runtime,dotnet.thread_pool.thread.count ({thread} / 1 sec),Rate,0
06/06/2026 21:42:27,System.Runtime,dotnet.assembly.count ({assembly}),Metric,54
06/06/2026 21:42:27,System.Runtime,dotnet.thread_pool.work_item.count ({work_item} / 1 sec),Rate,316
06/06/2026 21:42:27,System.Runtime,dotnet.gc.heap.total_allocated (By / 1 sec),Rate,284632
06/06/2026 21:42:27,System.Runtime,dotnet.gc.last_collection.heap.fragmentation.size (By)[gc.heap.generation=loh],Metric,32
06/06/2026 21:42:27,System.Runtime,dotnet.gc.last_collection.heap.fragmentation.size (By)[gc.heap.generation=gen2],Metric,24848
06/06/2026 21:42:27,System.Runtime,dotnet.gc.last_collection.heap.fragmentation.size (By)[gc.heap.generation=gen1],Metric,264
06/06/2026 21:42:27,System.Runtime,dotnet.gc.last_collection.heap.fragmentation.size (By)[gc.heap.generation=poh],Metric,0
06/06/2026 21:42:27,System.Runtime,dotnet.gc.last_collection.heap.fragmentation.size (By)[gc.heap.generation=gen0],Metric,834800
06/06/2026 21:42:27,System.Runtime,dotnet.thread_pool.queue.length ({work_item} / 1 sec),Rate,0
06/06/2026 21:42:27,System.Runtime,dotnet.gc.last_collection.memory.committed_size (By),Metric,182796288
06/06/2026 21:42:27,System.Runtime,dotnet.process.cpu.count ({cpu}),Metric,4
06/06/2026 21:42:27,System.Runtime,dotnet.timer.count ({timer}),Metric,28
06/06/2026 21:42:27,System.Runtime,dotnet.gc.collections ({collection} / 1 sec)[gc.heap.generation=gen2],Rate,0
06/06/2026 21:42:27,System.Runtime,dotnet.gc.collections ({collection} / 1 sec)[gc.heap.generation=gen1],Rate,0
06/06/2026 21:42:27,System.Runtime,dotnet.gc.collections ({collection} / 1 sec)[gc.heap.generation=gen0],Rate,0
06/06/2026 21:42:27,System.Runtime,dotnet.gc.pause.time (s / 1 sec),Rate,0
06/06/2026 21:42:28,System.Runtime,dotnet.jit.compilation.time (s / 1 sec),Rate,0
06/06/2026 21:42:28,System.Runtime,dotnet.jit.compiled_il.size (By / 1 sec),Rate,0
06/06/2026 21:42:28,System.Runtime,dotnet.process.memory.working_set (By),Metric,231505920
06/06/2026 21:42:28,System.Runtime,dotnet.jit.compiled_methods ({method} / 1 sec),Rate,0
06/06/2026 21:42:28,System.Runtime,dotnet.gc.last_collection.heap.size (By)[gc.heap.generation=loh],Metric,524344
06/06/2026 21:42:28,System.Runtime,dotnet.gc.last_collection.heap.size (By)[gc.heap.generation=gen2],Metric,2919200
06/06/2026 21:42:28,System.Runtime,dotnet.gc.last_collection.heap.size (By)[gc.heap.generation=gen1],Metric,59688
06/06/2026 21:42:28,System.Runtime,dotnet.gc.last_collection.heap.size (By)[gc.heap.generation=poh],Metric,157895840
06/06/2026 21:42:28,System.Runtime,dotnet.gc.last_collection.heap.size (By)[gc.heap.generation=gen0],Metric,843064
06/06/2026 21:42:28,System.Runtime,dotnet.monitor.lock_contentions ({contention} / 1 sec),Rate,12
06/06/2026 21:42:28,System.Runtime,dotnet.process.cpu.time (s / 1 sec)[cpu.mode=system],Rate,3.199999999997649E-05
06/06/2026 21:42:28,System.Runtime,dotnet.process.cpu.time (s / 1 sec)[cpu.mode=user],Rate,0.009030000000000094
06/06/2026 21:42:28,System.Runtime,dotnet.thread_pool.thread.count ({thread} / 1 sec),Rate,0
06/06/2026 21:42:28,System.Runtime,dotnet.assembly.count ({assembly}),Metric,54
06/06/2026 21:42:28,System.Runtime,dotnet.thread_pool.work_item.count ({work_item} / 1 sec),Rate,317
06/06/2026 21:42:28,System.Runtime,dotnet.gc.heap.total_allocated (By / 1 sec),Rate,285144
06/06/2026 21:42:28,System.Runtime,dotnet.gc.last_collection.heap.fragmentation.size (By)[gc.heap.generation=loh],Metric,32
06/06/2026 21:42:28,System.Runtime,dotnet.gc.last_collection.heap.fragmentation.size (By)[gc.heap.generation=gen2],Metric,24848
06/06/2026 21:42:28,System.Runtime,dotnet.gc.last_collection.heap.fragmentation.size (By)[gc.heap.generation=gen1],Metric,264
06/06/2026 21:42:28,System.Runtime,dotnet.gc.last_collection.heap.fragmentation.size (By)[gc.heap.generation=poh],Metric,0
06/06/2026 21:42:28,System.Runtime,dotnet.gc.last_collection.heap.fragmentation.size (By)[gc.heap.generation=gen0],Metric,834800
06/06/2026 21:42:28,System.Runtime,dotnet.thread_pool.queue.length ({work_item} / 1 sec),Rate,0
06/06/2026 21:42:28,System.Runtime,dotnet.gc.last_collection.memory.committed_size (By),Metric,182796288
06/06/2026 21:42:28,System.Runtime,dotnet.process.cpu.count ({cpu}),Metric,4
06/06/2026 21:42:28,System.Runtime,dotnet.timer.count ({timer}),Metric,28
06/06/2026 21:42:28,System.Runtime,dotnet.gc.collections ({collection} / 1 sec)[gc.heap.generation=gen2],Rate,0
06/06/2026 21:42:28,System.Runtime,dotnet.gc.collections ({collection} / 1 sec)[gc.heap.generation=gen1],Rate,0
06/06/2026 21:42:28,System.Runtime,dotnet.gc.collections ({collection} / 1 sec)[gc.heap.generation=gen0],Rate,0
06/06/2026 21:42:28,System.Runtime,dotnet.gc.pause.time (s / 1 sec),Rate,0
06/06/2026 21:42:29,System.Runtime,dotnet.exceptions ({exception} / 1 sec)[error.type=SocketException],Rate,2064
06/06/2026 21:42:29,System.Runtime,dotnet.jit.compilation.time (s / 1 sec),Rate,0.35776240000000015
06/06/2026 21:42:29,System.Runtime,dotnet.jit.compiled_il.size (By / 1 sec),Rate,73036
06/06/2026 21:42:29,System.Runtime,dotnet.process.memory.working_set (By),Metric,241319936
06/06/2026 21:42:29,System.Runtime,dotnet.jit.compiled_methods ({method} / 1 sec),Rate,780
06/06/2026 21:42:29,System.Runtime,dotnet.gc.last_collection.heap.size (By)[gc.heap.generation=loh],Metric,1573032
06/06/2026 21:42:29,System.Runtime,dotnet.gc.last_collection.heap.size (By)[gc.heap.generation=gen2],Metric,2919200
06/06/2026 21:42:29,System.Runtime,dotnet.gc.last_collection.heap.size (By)[gc.heap.generation=gen1],Metric,8914456
06/06/2026 21:42:29,System.Runtime,dotnet.gc.last_collection.heap.size (By)[gc.heap.generation=poh],Metric,157895840
06/06/2026 21:42:29,System.Runtime,dotnet.gc.last_collection.heap.size (By)[gc.heap.generation=gen0],Metric,843064
06/06/2026 21:42:29,System.Runtime,dotnet.monitor.lock_contentions ({contention} / 1 sec),Rate,43
06/06/2026 21:42:29,System.Runtime,dotnet.process.cpu.time (s / 1 sec)[cpu.mode=system],Rate,0.231037
06/06/2026 21:42:29,System.Runtime,dotnet.process.cpu.time (s / 1 sec)[cpu.mode=user],Rate,1.8570569999999997
06/06/2026 21:42:29,System.Runtime,dotnet.thread_pool.thread.count ({thread} / 1 sec),Rate,0
06/06/2026 21:42:29,System.Runtime,dotnet.assembly.count ({assembly}),Metric,54
06/06/2026 21:42:29,System.Runtime,dotnet.thread_pool.work_item.count ({work_item} / 1 sec),Rate,10099
06/06/2026 21:42:29,System.Runtime,dotnet.gc.heap.total_allocated (By / 1 sec),Rate,19756224
06/06/2026 21:42:29,System.Runtime,dotnet.gc.last_collection.heap.fragmentation.size (By)[gc.heap.generation=loh],Metric,96
06/06/2026 21:42:29,System.Runtime,dotnet.gc.last_collection.heap.fragmentation.size (By)[gc.heap.generation=gen2],Metric,24848
06/06/2026 21:42:29,System.Runtime,dotnet.gc.last_collection.heap.fragmentation.size (By)[gc.heap.generation=gen1],Metric,112704
06/06/2026 21:42:29,System.Runtime,dotnet.gc.last_collection.heap.fragmentation.size (By)[gc.heap.generation=poh],Metric,0
06/06/2026 21:42:29,System.Runtime,dotnet.gc.last_collection.heap.fragmentation.size (By)[gc.heap.generation=gen0],Metric,834800
06/06/2026 21:42:29,System.Runtime,dotnet.thread_pool.queue.length ({work_item} / 1 sec),Rate,18
06/06/2026 21:42:29,System.Runtime,dotnet.gc.last_collection.memory.committed_size (By),Metric,190136320
06/06/2026 21:42:29,System.Runtime,dotnet.process.cpu.count ({cpu}),Metric,4
06/06/2026 21:42:29,System.Runtime,dotnet.timer.count ({timer}),Metric,28
06/06/2026 21:42:29,System.Runtime,dotnet.gc.collections ({collection} / 1 sec)[gc.heap.generation=gen2],Rate,0
06/06/2026 21:42:29,System.Runtime,dotnet.gc.collections ({collection} / 1 sec)[gc.heap.generation=gen1],Rate,0
06/06/2026 21:42:29,System.Runtime,dotnet.gc.collections ({collection} / 1 sec)[gc.heap.generation=gen0],Rate,1
06/06/2026 21:42:29,System.Runtime,dotnet.gc.pause.time (s / 1 sec),Rate,0.031969
06/06/2026 21:42:30,System.Runtime,dotnet.exceptions ({exception} / 1 sec)[error.type=SocketException],Rate,2296
06/06/2026 21:42:30,System.Runtime,dotnet.exceptions ({exception} / 1 sec)[error.type=CachedInternalErrorException],Rate,1
06/06/2026 21:42:30,System.Runtime,dotnet.jit.compilation.time (s / 1 sec),Rate,0.5261386999999997
06/06/2026 21:42:30,System.Runtime,dotnet.jit.compiled_il.size (By / 1 sec),Rate,46661
06/06/2026 21:42:30,System.Runtime,dotnet.process.memory.working_set (By),Metric,269713408
06/06/2026 21:42:30,System.Runtime,dotnet.jit.compiled_methods ({method} / 1 sec),Rate,590
06/06/2026 21:42:30,System.Runtime,dotnet.gc.last_collection.heap.size (By)[gc.heap.generation=loh],Metric,1573032
06/06/2026 21:42:30,System.Runtime,dotnet.gc.last_collection.heap.size (By)[gc.heap.generation=gen2],Metric,20798456
06/06/2026 21:42:30,System.Runtime,dotnet.gc.last_collection.heap.size (By)[gc.heap.generation=gen1],Metric,7393080
06/06/2026 21:42:30,System.Runtime,dotnet.gc.last_collection.heap.size (By)[gc.heap.generation=poh],Metric,157895840
06/06/2026 21:42:30,System.Runtime,dotnet.gc.last_collection.heap.size (By)[gc.heap.generation=gen0],Metric,991096
06/06/2026 21:42:30,System.Runtime,dotnet.monitor.lock_contentions ({contention} / 1 sec),Rate,57
06/06/2026 21:42:30,System.Runtime,dotnet.process.cpu.time (s / 1 sec)[cpu.mode=system],Rate,0.466476
06/06/2026 21:42:30,System.Runtime,dotnet.process.cpu.time (s / 1 sec)[cpu.mode=user],Rate,2.971598
06/06/2026 21:42:30,System.Runtime,dotnet.thread_pool.thread.count ({thread} / 1 sec),Rate,0
06/06/2026 21:42:30,System.Runtime,dotnet.assembly.count ({assembly}),Metric,54
06/06/2026 21:42:30,System.Runtime,dotnet.thread_pool.work_item.count ({work_item} / 1 sec),Rate,31059
06/06/2026 21:42:30,System.Runtime,dotnet.gc.heap.total_allocated (By / 1 sec),Rate,27829624
06/06/2026 21:42:30,System.Runtime,dotnet.gc.last_collection.heap.fragmentation.size (By)[gc.heap.generation=loh],Metric,96
06/06/2026 21:42:30,System.Runtime,dotnet.gc.last_collection.heap.fragmentation.size (By)[gc.heap.generation=gen2],Metric,477848
06/06/2026 21:42:30,System.Runtime,dotnet.gc.last_collection.heap.fragmentation.size (By)[gc.heap.generation=gen1],Metric,92152
06/06/2026 21:42:30,System.Runtime,dotnet.gc.last_collection.heap.fragmentation.size (By)[gc.heap.generation=poh],Metric,0
06/06/2026 21:42:30,System.Runtime,dotnet.gc.last_collection.heap.fragmentation.size (By)[gc.heap.generation=gen0],Metric,806288
06/06/2026 21:42:30,System.Runtime,dotnet.thread_pool.queue.length ({work_item} / 1 sec),Rate,1312
06/06/2026 21:42:30,System.Runtime,dotnet.gc.last_collection.memory.committed_size (By),Metric,215449600
06/06/2026 21:42:30,System.Runtime,dotnet.process.cpu.count ({cpu}),Metric,4
06/06/2026 21:42:30,System.Runtime,dotnet.timer.count ({timer}),Metric,12
06/06/2026 21:42:30,System.Runtime,dotnet.gc.collections ({collection} / 1 sec)[gc.heap.generation=gen2],Rate,1
06/06/2026 21:42:30,System.Runtime,dotnet.gc.collections ({collection} / 1 sec)[gc.heap.generation=gen1],Rate,1
06/06/2026 21:42:30,System.Runtime,dotnet.gc.collections ({collection} / 1 sec)[gc.heap.generation=gen0],Rate,1
06/06/2026 21:42:30,System.Runtime,dotnet.gc.pause.time (s / 1 sec),Rate,0.14901199999999998
06/06/2026 21:42:31,System.Runtime,dotnet.exceptions ({exception} / 1 sec)[error.type=SocketException],Rate,3216
06/06/2026 21:42:31,System.Runtime,dotnet.exceptions ({exception} / 1 sec)[error.type=CachedInternalErrorException],Rate,0
06/06/2026 21:42:31,System.Runtime,dotnet.jit.compilation.time (s / 1 sec),Rate,0.27568079999999995
06/06/2026 21:42:31,System.Runtime,dotnet.jit.compiled_il.size (By / 1 sec),Rate,37011
06/06/2026 21:42:31,System.Runtime,dotnet.process.memory.working_set (By),Metric,280199168
06/06/2026 21:42:31,System.Runtime,dotnet.jit.compiled_methods ({method} / 1 sec),Rate,397
06/06/2026 21:42:31,System.Runtime,dotnet.gc.last_collection.heap.size (By)[gc.heap.generation=loh],Metric,1713240
06/06/2026 21:42:31,System.Runtime,dotnet.gc.last_collection.heap.size (By)[gc.heap.generation=gen2],Metric,20798456
06/06/2026 21:42:31,System.Runtime,dotnet.gc.last_collection.heap.size (By)[gc.heap.generation=gen1],Metric,15929816
06/06/2026 21:42:31,System.Runtime,dotnet.gc.last_collection.heap.size (By)[gc.heap.generation=poh],Metric,157895840
06/06/2026 21:42:31,System.Runtime,dotnet.gc.last_collection.heap.size (By)[gc.heap.generation=gen0],Metric,0
06/06/2026 21:42:31,System.Runtime,dotnet.monitor.lock_contentions ({contention} / 1 sec),Rate,45
06/06/2026 21:42:31,System.Runtime,dotnet.process.cpu.time (s / 1 sec)[cpu.mode=system],Rate,0.43554399999999993
06/06/2026 21:42:31,System.Runtime,dotnet.process.cpu.time (s / 1 sec)[cpu.mode=user],Rate,3.3553930000000003
06/06/2026 21:42:31,System.Runtime,dotnet.thread_pool.thread.count ({thread} / 1 sec),Rate,1
06/06/2026 21:42:31,System.Runtime,dotnet.assembly.count ({assembly}),Metric,54
06/06/2026 21:42:31,System.Runtime,dotnet.thread_pool.work_item.count ({work_item} / 1 sec),Rate,40589
06/06/2026 21:42:31,System.Runtime,dotnet.gc.heap.total_allocated (By / 1 sec),Rate,35302616
06/06/2026 21:42:31,System.Runtime,dotnet.gc.last_collection.heap.fragmentation.size (By)[gc.heap.generation=loh],Metric,128
06/06/2026 21:42:31,System.Runtime,dotnet.gc.last_collection.heap.fragmentation.size (By)[gc.heap.generation=gen2],Metric,477848
06/06/2026 21:42:31,System.Runtime,dotnet.gc.last_collection.heap.fragmentation.size (By)[gc.heap.generation=gen1],Metric,556768
06/06/2026 21:42:31,System.Runtime,dotnet.gc.last_collection.heap.fragmentation.size (By)[gc.heap.generation=poh],Metric,0
06/06/2026 21:42:31,System.Runtime,dotnet.gc.last_collection.heap.fragmentation.size (By)[gc.heap.generation=gen0],Metric,0
06/06/2026 21:42:31,System.Runtime,dotnet.thread_pool.queue.length ({work_item} / 1 sec),Rate,332
06/06/2026 21:42:31,System.Runtime,dotnet.gc.last_collection.memory.committed_size (By),Metric,218906624
06/06/2026 21:42:31,System.Runtime,dotnet.process.cpu.count ({cpu}),Metric,4
06/06/2026 21:42:31,System.Runtime,dotnet.timer.count ({timer}),Metric,12
06/06/2026 21:42:31,System.Runtime,dotnet.gc.collections ({collection} / 1 sec)[gc.heap.generation=gen2],Rate,0
06/06/2026 21:42:31,System.Runtime,dotnet.gc.collections ({collection} / 1 sec)[gc.heap.generation=gen1],Rate,0
06/06/2026 21:42:31,System.Runtime,dotnet.gc.collections ({collection} / 1 sec)[gc.heap.generation=gen0],Rate,1
06/06/2026 21:42:31,System.Runtime,dotnet.gc.pause.time (s / 1 sec),Rate,0.03295500000000001
06/06/2026 21:42:32,System.Runtime,dotnet.exceptions ({exception} / 1 sec)[error.type=SocketException],Rate,3094
06/06/2026 21:42:32,System.Runtime,dotnet.exceptions ({exception} / 1 sec)[error.type=CachedInternalErrorException],Rate,0
06/06/2026 21:42:32,System.Runtime,dotnet.jit.compilation.time (s / 1 sec),Rate,0.45392980000000005
06/06/2026 21:42:32,System.Runtime,dotnet.jit.compiled_il.size (By / 1 sec),Rate,32168
06/06/2026 21:42:32,System.Runtime,dotnet.process.memory.working_set (By),Metric,324763648
06/06/2026 21:42:32,System.Runtime,dotnet.jit.compiled_methods ({method} / 1 sec),Rate,428
06/06/2026 21:42:32,System.Runtime,dotnet.gc.last_collection.heap.size (By)[gc.heap.generation=loh],Metric,1713240
06/06/2026 21:42:32,System.Runtime,dotnet.gc.last_collection.heap.size (By)[gc.heap.generation=gen2],Metric,20798456
06/06/2026 21:42:32,System.Runtime,dotnet.gc.last_collection.heap.size (By)[gc.heap.generation=gen1],Metric,15929816
06/06/2026 21:42:32,System.Runtime,dotnet.gc.last_collection.heap.size (By)[gc.heap.generation=poh],Metric,157895840
06/06/2026 21:42:32,System.Runtime,dotnet.gc.last_collection.heap.size (By)[gc.heap.generation=gen0],Metric,0
06/06/2026 21:42:32,System.Runtime,dotnet.monitor.lock_contentions ({contention} / 1 sec),Rate,54
06/06/2026 21:42:32,System.Runtime,dotnet.process.cpu.time (s / 1 sec)[cpu.mode=system],Rate,0.49933700000000014
06/06/2026 21:42:32,System.Runtime,dotnet.process.cpu.time (s / 1 sec)[cpu.mode=user],Rate,3.215914999999999
06/06/2026 21:42:32,System.Runtime,dotnet.thread_pool.thread.count ({thread} / 1 sec),Rate,0
06/06/2026 21:42:32,System.Runtime,dotnet.assembly.count ({assembly}),Metric,54
06/06/2026 21:42:32,System.Runtime,dotnet.thread_pool.work_item.count ({work_item} / 1 sec),Rate,42985
06/06/2026 21:42:32,System.Runtime,dotnet.gc.heap.total_allocated (By / 1 sec),Rate,40568120
06/06/2026 21:42:32,System.Runtime,dotnet.gc.last_collection.heap.fragmentation.size (By)[gc.heap.generation=loh],Metric,128
06/06/2026 21:42:32,System.Runtime,dotnet.gc.last_collection.heap.fragmentation.size (By)[gc.heap.generation=gen2],Metric,477848
06/06/2026 21:42:32,System.Runtime,dotnet.gc.last_collection.heap.fragmentation.size (By)[gc.heap.generation=gen1],Metric,556768
06/06/2026 21:42:32,System.Runtime,dotnet.gc.last_collection.heap.fragmentation.size (By)[gc.heap.generation=poh],Metric,0
06/06/2026 21:42:32,System.Runtime,dotnet.gc.last_collection.heap.fragmentation.size (By)[gc.heap.generation=gen0],Metric,0
06/06/2026 21:42:32,System.Runtime,dotnet.thread_pool.queue.length ({work_item} / 1 sec),Rate,170
06/06/2026 21:42:32,System.Runtime,dotnet.gc.last_collection.memory.committed_size (By),Metric,218906624
06/06/2026 21:42:32,System.Runtime,dotnet.process.cpu.count ({cpu}),Metric,4
06/06/2026 21:42:32,System.Runtime,dotnet.timer.count ({timer}),Metric,12
06/06/2026 21:42:32,System.Runtime,dotnet.gc.collections ({collection} / 1 sec)[gc.heap.generation=gen2],Rate,0
06/06/2026 21:42:32,System.Runtime,dotnet.gc.collections ({collection} / 1 sec)[gc.heap.generation=gen1],Rate,0
06/06/2026 21:42:32,System.Runtime,dotnet.gc.collections ({collection} / 1 sec)[gc.heap.generation=gen0],Rate,0
06/06/2026 21:42:32,System.Runtime,dotnet.gc.pause.time (s / 1 sec),Rate,0
06/06/2026 21:42:33,System.Runtime,dotnet.exceptions ({exception} / 1 sec)[error.type=SocketException],Rate,2110
06/06/2026 21:42:33,System.Runtime,dotnet.exceptions ({exception} / 1 sec)[error.type=CachedInternalErrorException],Rate,0
06/06/2026 21:42:33,System.Runtime,dotnet.jit.compilation.time (s / 1 sec),Rate,0.6273675000000005
06/06/2026 21:42:33,System.Runtime,dotnet.jit.compiled_il.size (By / 1 sec),Rate,28931
06/06/2026 21:42:33,System.Runtime,dotnet.process.memory.working_set (By),Metric,360710144
06/06/2026 21:42:33,System.Runtime,dotnet.jit.compiled_methods ({method} / 1 sec),Rate,362
06/06/2026 21:42:33,System.Runtime,dotnet.gc.last_collection.heap.size (By)[gc.heap.generation=loh],Metric,2092016
06/06/2026 21:42:33,System.Runtime,dotnet.gc.last_collection.heap.size (By)[gc.heap.generation=gen2],Metric,20798456
06/06/2026 21:42:33,System.Runtime,dotnet.gc.last_collection.heap.size (By)[gc.heap.generation=gen1],Metric,54412232
06/06/2026 21:42:33,System.Runtime,dotnet.gc.last_collection.heap.size (By)[gc.heap.generation=poh],Metric,169287640
06/06/2026 21:42:33,System.Runtime,dotnet.gc.last_collection.heap.size (By)[gc.heap.generation=gen0],Metric,0
06/06/2026 21:42:33,System.Runtime,dotnet.monitor.lock_contentions ({contention} / 1 sec),Rate,51
06/06/2026 21:42:33,System.Runtime,dotnet.process.cpu.time (s / 1 sec)[cpu.mode=system],Rate,0.4421569999999999
06/06/2026 21:42:33,System.Runtime,dotnet.process.cpu.time (s / 1 sec)[cpu.mode=user],Rate,3.2452250000000014
06/06/2026 21:42:33,System.Runtime,dotnet.thread_pool.thread.count ({thread} / 1 sec),Rate,0
06/06/2026 21:42:33,System.Runtime,dotnet.assembly.count ({assembly}),Metric,54
06/06/2026 21:42:33,System.Runtime,dotnet.thread_pool.work_item.count ({work_item} / 1 sec),Rate,39609
06/06/2026 21:42:33,System.Runtime,dotnet.gc.heap.total_allocated (By / 1 sec),Rate,33514568
06/06/2026 21:42:33,System.Runtime,dotnet.gc.last_collection.heap.fragmentation.size (By)[gc.heap.generation=loh],Metric,224
06/06/2026 21:42:33,System.Runtime,dotnet.gc.last_collection.heap.fragmentation.size (By)[gc.heap.generation=gen2],Metric,477848
06/06/2026 21:42:33,System.Runtime,dotnet.gc.last_collection.heap.fragmentation.size (By)[gc.heap.generation=gen1],Metric,714720
06/06/2026 21:42:33,System.Runtime,dotnet.gc.last_collection.heap.fragmentation.size (By)[gc.heap.generation=poh],Metric,0
06/06/2026 21:42:33,System.Runtime,dotnet.gc.last_collection.heap.fragmentation.size (By)[gc.heap.generation=gen0],Metric,0
06/06/2026 21:42:33,System.Runtime,dotnet.thread_pool.queue.length ({work_item} / 1 sec),Rate,-1584
06/06/2026 21:42:33,System.Runtime,dotnet.gc.last_collection.memory.committed_size (By),Metric,302432256
06/06/2026 21:42:33,System.Runtime,dotnet.process.cpu.count ({cpu}),Metric,4
06/06/2026 21:42:33,System.Runtime,dotnet.timer.count ({timer}),Metric,11
06/06/2026 21:42:33,System.Runtime,dotnet.gc.collections ({collection} / 1 sec)[gc.heap.generation=gen2],Rate,0
06/06/2026 21:42:33,System.Runtime,dotnet.gc.collections ({collection} / 1 sec)[gc.heap.generation=gen1],Rate,0
06/06/2026 21:42:33,System.Runtime,dotnet.gc.collections ({collection} / 1 sec)[gc.heap.generation=gen0],Rate,1
06/06/2026 21:42:33,System.Runtime,dotnet.gc.pause.time (s / 1 sec),Rate,0.14182799999999998
06/06/2026 21:42:34,System.Runtime,dotnet.exceptions ({exception} / 1 sec)[error.type=SocketException],Rate,3210
06/06/2026 21:42:34,System.Runtime,dotnet.exceptions ({exception} / 1 sec)[error.type=CachedInternalErrorException],Rate,0
06/06/2026 21:42:34,System.Runtime,dotnet.jit.compilation.time (s / 1 sec),Rate,0.6164783999999992
06/06/2026 21:42:34,System.Runtime,dotnet.jit.compiled_il.size (By / 1 sec),Rate,12002
06/06/2026 21:42:34,System.Runtime,dotnet.process.memory.working_set (By),Metric,371720192
06/06/2026 21:42:34,System.Runtime,dotnet.jit.compiled_methods ({method} / 1 sec),Rate,166
06/06/2026 21:42:34,System.Runtime,dotnet.gc.last_collection.heap.size (By)[gc.heap.generation=loh],Metric,2092016
06/06/2026 21:42:34,System.Runtime,dotnet.gc.last_collection.heap.size (By)[gc.heap.generation=gen2],Metric,20798456
06/06/2026 21:42:34,System.Runtime,dotnet.gc.last_collection.heap.size (By)[gc.heap.generation=gen1],Metric,54412232
06/06/2026 21:42:34,System.Runtime,dotnet.gc.last_collection.heap.size (By)[gc.heap.generation=poh],Metric,169287640
06/06/2026 21:42:34,System.Runtime,dotnet.gc.last_collection.heap.size (By)[gc.heap.generation=gen0],Metric,0
06/06/2026 21:42:34,System.Runtime,dotnet.monitor.lock_contentions ({contention} / 1 sec),Rate,62
06/06/2026 21:42:34,System.Runtime,dotnet.process.cpu.time (s / 1 sec)[cpu.mode=system],Rate,0.4740639999999998
06/06/2026 21:42:34,System.Runtime,dotnet.process.cpu.time (s / 1 sec)[cpu.mode=user],Rate,3.268778000000001
06/06/2026 21:42:34,System.Runtime,dotnet.thread_pool.thread.count ({thread} / 1 sec),Rate,0
06/06/2026 21:42:34,System.Runtime,dotnet.assembly.count ({assembly}),Metric,54
06/06/2026 21:42:34,System.Runtime,dotnet.thread_pool.work_item.count ({work_item} / 1 sec),Rate,46203
06/06/2026 21:42:34,System.Runtime,dotnet.gc.heap.total_allocated (By / 1 sec),Rate,45072504
06/06/2026 21:42:34,System.Runtime,dotnet.gc.last_collection.heap.fragmentation.size (By)[gc.heap.generation=loh],Metric,224
06/06/2026 21:42:34,System.Runtime,dotnet.gc.last_collection.heap.fragmentation.size (By)[gc.heap.generation=gen2],Metric,477848
06/06/2026 21:42:34,System.Runtime,dotnet.gc.last_collection.heap.fragmentation.size (By)[gc.heap.generation=gen1],Metric,714720
06/06/2026 21:42:34,System.Runtime,dotnet.gc.last_collection.heap.fragmentation.size (By)[gc.heap.generation=poh],Metric,0
06/06/2026 21:42:34,System.Runtime,dotnet.gc.last_collection.heap.fragmentation.size (By)[gc.heap.generation=gen0],Metric,0
06/06/2026 21:42:34,System.Runtime,dotnet.thread_pool.queue.length ({work_item} / 1 sec),Rate,-56
06/06/2026 21:42:34,System.Runtime,dotnet.gc.last_collection.memory.committed_size (By),Metric,302432256
06/06/2026 21:42:34,System.Runtime,dotnet.process.cpu.count ({cpu}),Metric,4
06/06/2026 21:42:34,System.Runtime,dotnet.timer.count ({timer}),Metric,12
06/06/2026 21:42:34,System.Runtime,dotnet.gc.collections ({collection} / 1 sec)[gc.heap.generation=gen2],Rate,0
06/06/2026 21:42:34,System.Runtime,dotnet.gc.collections ({collection} / 1 sec)[gc.heap.generation=gen1],Rate,0
06/06/2026 21:42:34,System.Runtime,dotnet.gc.collections ({collection} / 1 sec)[gc.heap.generation=gen0],Rate,0
06/06/2026 21:42:34,System.Runtime,dotnet.gc.pause.time (s / 1 sec),Rate,0
06/06/2026 21:42:35,System.Runtime,dotnet.exceptions ({exception} / 1 sec)[error.type=SocketException],Rate,1984
06/06/2026 21:42:35,System.Runtime,dotnet.exceptions ({exception} / 1 sec)[error.type=CachedInternalErrorException],Rate,0
06/06/2026 21:42:35,System.Runtime,dotnet.exceptions ({exception} / 1 sec)[error.type=CachedNetworkException],Rate,6
06/06/2026 21:42:35,System.Runtime,dotnet.jit.compilation.time (s / 1 sec),Rate,0.6629293
06/06/2026 21:42:35,System.Runtime,dotnet.jit.compiled_il.size (By / 1 sec),Rate,24937
06/06/2026 21:42:35,System.Runtime,dotnet.process.memory.working_set (By),Metric,398983168
06/06/2026 21:42:35,System.Runtime,dotnet.jit.compiled_methods ({method} / 1 sec),Rate,225
06/06/2026 21:42:35,System.Runtime,dotnet.gc.last_collection.heap.size (By)[gc.heap.generation=loh],Metric,2092016
06/06/2026 21:42:35,System.Runtime,dotnet.gc.last_collection.heap.size (By)[gc.heap.generation=gen2],Metric,20798456
06/06/2026 21:42:35,System.Runtime,dotnet.gc.last_collection.heap.size (By)[gc.heap.generation=gen1],Metric,54412232
06/06/2026 21:42:35,System.Runtime,dotnet.gc.last_collection.heap.size (By)[gc.heap.generation=poh],Metric,169287640
06/06/2026 21:42:35,System.Runtime,dotnet.gc.last_collection.heap.size (By)[gc.heap.generation=gen0],Metric,0
06/06/2026 21:42:35,System.Runtime,dotnet.monitor.lock_contentions ({contention} / 1 sec),Rate,47
06/06/2026 21:42:35,System.Runtime,dotnet.process.cpu.time (s / 1 sec)[cpu.mode=system],Rate,0.5927830000000003
06/06/2026 21:42:35,System.Runtime,dotnet.process.cpu.time (s / 1 sec)[cpu.mode=user],Rate,3.088628
06/06/2026 21:42:35,System.Runtime,dotnet.thread_pool.thread.count ({thread} / 1 sec),Rate,0
06/06/2026 21:42:35,System.Runtime,dotnet.assembly.count ({assembly}),Metric,54
06/06/2026 21:42:35,System.Runtime,dotnet.thread_pool.work_item.count ({work_item} / 1 sec),Rate,51810
06/06/2026 21:42:35,System.Runtime,dotnet.gc.heap.total_allocated (By / 1 sec),Rate,29604000
06/06/2026 21:42:35,System.Runtime,dotnet.gc.last_collection.heap.fragmentation.size (By)[gc.heap.generation=loh],Metric,224
06/06/2026 21:42:35,System.Runtime,dotnet.gc.last_collection.heap.fragmentation.size (By)[gc.heap.generation=gen2],Metric,477848
06/06/2026 21:42:35,System.Runtime,dotnet.gc.last_collection.heap.fragmentation.size (By)[gc.heap.generation=gen1],Metric,714720
06/06/2026 21:42:35,System.Runtime,dotnet.gc.last_collection.heap.fragmentation.size (By)[gc.heap.generation=poh],Metric,0
06/06/2026 21:42:35,System.Runtime,dotnet.gc.last_collection.heap.fragmentation.size (By)[gc.heap.generation=gen0],Metric,0
06/06/2026 21:42:35,System.Runtime,dotnet.thread_pool.queue.length ({work_item} / 1 sec),Rate,1468
06/06/2026 21:42:35,System.Runtime,dotnet.gc.last_collection.memory.committed_size (By),Metric,302432256
06/06/2026 21:42:35,System.Runtime,dotnet.process.cpu.count ({cpu}),Metric,4
06/06/2026 21:42:35,System.Runtime,dotnet.timer.count ({timer}),Metric,12
06/06/2026 21:42:35,System.Runtime,dotnet.gc.collections ({collection} / 1 sec)[gc.heap.generation=gen2],Rate,0
06/06/2026 21:42:35,System.Runtime,dotnet.gc.collections ({collection} / 1 sec)[gc.heap.generation=gen1],Rate,0
06/06/2026 21:42:35,System.Runtime,dotnet.gc.collections ({collection} / 1 sec)[gc.heap.generation=gen0],Rate,0
06/06/2026 21:42:35,System.Runtime,dotnet.gc.pause.time (s / 1 sec),Rate,0
06/06/2026 21:42:36,System.Runtime,dotnet.exceptions ({exception} / 1 sec)[error.type=SocketException],Rate,2058
06/06/2026 21:42:36,System.Runtime,dotnet.exceptions ({exception} / 1 sec)[error.type=CachedInternalErrorException],Rate,1
06/06/2026 21:42:36,System.Runtime,dotnet.exceptions ({exception} / 1 sec)[error.type=CachedNetworkException],Rate,10
06/06/2026 21:42:36,System.Runtime,dotnet.jit.compilation.time (s / 1 sec),Rate,0.4241439000000007
06/06/2026 21:42:36,System.Runtime,dotnet.jit.compiled_il.size (By / 1 sec),Rate,12855
06/06/2026 21:42:36,System.Runtime,dotnet.process.memory.working_set (By),Metric,428867584
06/06/2026 21:42:36,System.Runtime,dotnet.jit.compiled_methods ({method} / 1 sec),Rate,131
06/06/2026 21:42:36,System.Runtime,dotnet.gc.last_collection.heap.size (By)[gc.heap.generation=loh],Metric,3360080
06/06/2026 21:42:36,System.Runtime,dotnet.gc.last_collection.heap.size (By)[gc.heap.generation=gen2],Metric,20798456
06/06/2026 21:42:36,System.Runtime,dotnet.gc.last_collection.heap.size (By)[gc.heap.generation=gen1],Metric,92594480
06/06/2026 21:42:36,System.Runtime,dotnet.gc.last_collection.heap.size (By)[gc.heap.generation=poh],Metric,187086000
06/06/2026 21:42:36,System.Runtime,dotnet.gc.last_collection.heap.size (By)[gc.heap.generation=gen0],Metric,0
06/06/2026 21:42:36,System.Runtime,dotnet.monitor.lock_contentions ({contention} / 1 sec),Rate,90
06/06/2026 21:42:36,System.Runtime,dotnet.process.cpu.time (s / 1 sec)[cpu.mode=system],Rate,0.5911740000000001
06/06/2026 21:42:36,System.Runtime,dotnet.process.cpu.time (s / 1 sec)[cpu.mode=user],Rate,3.215934999999998
06/06/2026 21:42:36,System.Runtime,dotnet.thread_pool.thread.count ({thread} / 1 sec),Rate,0
06/06/2026 21:42:36,System.Runtime,dotnet.assembly.count ({assembly}),Metric,54
06/06/2026 21:42:36,System.Runtime,dotnet.thread_pool.work_item.count ({work_item} / 1 sec),Rate,47315
06/06/2026 21:42:36,System.Runtime,dotnet.gc.heap.total_allocated (By / 1 sec),Rate,37227160
06/06/2026 21:42:36,System.Runtime,dotnet.gc.last_collection.heap.fragmentation.size (By)[gc.heap.generation=loh],Metric,416
06/06/2026 21:42:36,System.Runtime,dotnet.gc.last_collection.heap.fragmentation.size (By)[gc.heap.generation=gen2],Metric,477848
06/06/2026 21:42:36,System.Runtime,dotnet.gc.last_collection.heap.fragmentation.size (By)[gc.heap.generation=gen1],Metric,1203192
06/06/2026 21:42:36,System.Runtime,dotnet.gc.last_collection.heap.fragmentation.size (By)[gc.heap.generation=poh],Metric,0
06/06/2026 21:42:36,System.Runtime,dotnet.gc.last_collection.heap.fragmentation.size (By)[gc.heap.generation=gen0],Metric,0
06/06/2026 21:42:36,System.Runtime,dotnet.thread_pool.queue.length ({work_item} / 1 sec),Rate,2157
06/06/2026 21:42:36,System.Runtime,dotnet.gc.last_collection.memory.committed_size (By),Metric,364036096
06/06/2026 21:42:36,System.Runtime,dotnet.process.cpu.count ({cpu}),Metric,4
06/06/2026 21:42:36,System.Runtime,dotnet.timer.count ({timer}),Metric,12
06/06/2026 21:42:36,System.Runtime,dotnet.gc.collections ({collection} / 1 sec)[gc.heap.generation=gen2],Rate,0
06/06/2026 21:42:36,System.Runtime,dotnet.gc.collections ({collection} / 1 sec)[gc.heap.generation=gen1],Rate,0
06/06/2026 21:42:36,System.Runtime,dotnet.gc.collections ({collection} / 1 sec)[gc.heap.generation=gen0],Rate,1
06/06/2026 21:42:36,System.Runtime,dotnet.gc.pause.time (s / 1 sec),Rate,0.14005200000000007
06/06/2026 21:42:37,System.Runtime,dotnet.exceptions ({exception} / 1 sec)[error.type=SocketException],Rate,0
06/06/2026 21:42:37,System.Runtime,dotnet.exceptions ({exception} / 1 sec)[error.type=CachedInternalErrorException],Rate,0
06/06/2026 21:42:37,System.Runtime,dotnet.exceptions ({exception} / 1 sec)[error.type=CachedNetworkException],Rate,0
06/06/2026 21:42:37,System.Runtime,dotnet.jit.compilation.time (s / 1 sec),Rate,0.3879684999999995
06/06/2026 21:42:37,System.Runtime,dotnet.jit.compiled_il.size (By / 1 sec),Rate,23314
06/06/2026 21:42:37,System.Runtime,dotnet.process.memory.working_set (By),Metric,428867584
06/06/2026 21:42:37,System.Runtime,dotnet.jit.compiled_methods ({method} / 1 sec),Rate,293
06/06/2026 21:42:37,System.Runtime,dotnet.gc.last_collection.heap.size (By)[gc.heap.generation=loh],Metric,3360080
06/06/2026 21:42:37,System.Runtime,dotnet.gc.last_collection.heap.size (By)[gc.heap.generation=gen2],Metric,20798456
06/06/2026 21:42:37,System.Runtime,dotnet.gc.last_collection.heap.size (By)[gc.heap.generation=gen1],Metric,92594480
06/06/2026 21:42:37,System.Runtime,dotnet.gc.last_collection.heap.size (By)[gc.heap.generation=poh],Metric,187086000
06/06/2026 21:42:37,System.Runtime,dotnet.gc.last_collection.heap.size (By)[gc.heap.generation=gen0],Metric,0
06/06/2026 21:42:37,System.Runtime,dotnet.monitor.lock_contentions ({contention} / 1 sec),Rate,26
06/06/2026 21:42:37,System.Runtime,dotnet.process.cpu.time (s / 1 sec)[cpu.mode=system],Rate,0.16446099999999975
06/06/2026 21:42:37,System.Runtime,dotnet.process.cpu.time (s / 1 sec)[cpu.mode=user],Rate,0.855557000000001
06/06/2026 21:42:37,System.Runtime,dotnet.thread_pool.thread.count ({thread} / 1 sec),Rate,0
06/06/2026 21:42:37,System.Runtime,dotnet.assembly.count ({assembly}),Metric,54
06/06/2026 21:42:37,System.Runtime,dotnet.thread_pool.work_item.count ({work_item} / 1 sec),Rate,27616
06/06/2026 21:42:37,System.Runtime,dotnet.gc.heap.total_allocated (By / 1 sec),Rate,9100944
06/06/2026 21:42:37,System.Runtime,dotnet.gc.last_collection.heap.fragmentation.size (By)[gc.heap.generation=loh],Metric,416
06/06/2026 21:42:37,System.Runtime,dotnet.gc.last_collection.heap.fragmentation.size (By)[gc.heap.generation=gen2],Metric,477848
06/06/2026 21:42:37,System.Runtime,dotnet.gc.last_collection.heap.fragmentation.size (By)[gc.heap.generation=gen1],Metric,1203192
06/06/2026 21:42:37,System.Runtime,dotnet.gc.last_collection.heap.fragmentation.size (By)[gc.heap.generation=poh],Metric,0
06/06/2026 21:42:37,System.Runtime,dotnet.gc.last_collection.heap.fragmentation.size (By)[gc.heap.generation=gen0],Metric,0
06/06/2026 21:42:37,System.Runtime,dotnet.thread_pool.queue.length ({work_item} / 1 sec),Rate,-3817
06/06/2026 21:42:37,System.Runtime,dotnet.gc.last_collection.memory.committed_size (By),Metric,364036096
06/06/2026 21:42:37,System.Runtime,dotnet.process.cpu.count ({cpu}),Metric,4
06/06/2026 21:42:37,System.Runtime,dotnet.timer.count ({timer}),Metric,28
06/06/2026 21:42:37,System.Runtime,dotnet.gc.collections ({collection} / 1 sec)[gc.heap.generation=gen2],Rate,0
06/06/2026 21:42:37,System.Runtime,dotnet.gc.collections ({collection} / 1 sec)[gc.heap.generation=gen1],Rate,0
06/06/2026 21:42:37,System.Runtime,dotnet.gc.collections ({collection} / 1 sec)[gc.heap.generation=gen0],Rate,0
06/06/2026 21:42:37,System.Runtime,dotnet.gc.pause.time (s / 1 sec),Rate,0
06/06/2026 21:42:38,System.Runtime,dotnet.exceptions ({exception} / 1 sec)[error.type=SocketException],Rate,0
06/06/2026 21:42:38,System.Runtime,dotnet.exceptions ({exception} / 1 sec)[error.type=CachedInternalErrorException],Rate,0
06/06/2026 21:42:38,System.Runtime,dotnet.exceptions ({exception} / 1 sec)[error.type=CachedNetworkException],Rate,0
06/06/2026 21:42:38,System.Runtime,dotnet.jit.compilation.time (s / 1 sec),Rate,0.030257800000000223
06/06/2026 21:42:38,System.Runtime,dotnet.jit.compiled_il.size (By / 1 sec),Rate,1988
06/06/2026 21:42:38,System.Runtime,dotnet.process.memory.working_set (By),Metric,428867584
06/06/2026 21:42:38,System.Runtime,dotnet.jit.compiled_methods ({method} / 1 sec),Rate,13
06/06/2026 21:42:38,System.Runtime,dotnet.gc.last_collection.heap.size (By)[gc.heap.generation=loh],Metric,3360080
06/06/2026 21:42:38,System.Runtime,dotnet.gc.last_collection.heap.size (By)[gc.heap.generation=gen2],Metric,20798456
06/06/2026 21:42:38,System.Runtime,dotnet.gc.last_collection.heap.size (By)[gc.heap.generation=gen1],Metric,92594480
06/06/2026 21:42:38,System.Runtime,dotnet.gc.last_collection.heap.size (By)[gc.heap.generation=poh],Metric,187086000
06/06/2026 21:42:38,System.Runtime,dotnet.gc.last_collection.heap.size (By)[gc.heap.generation=gen0],Metric,0
06/06/2026 21:42:38,System.Runtime,dotnet.monitor.lock_contentions ({contention} / 1 sec),Rate,19
06/06/2026 21:42:38,System.Runtime,dotnet.process.cpu.time (s / 1 sec)[cpu.mode=system],Rate,0.012094000000000271
06/06/2026 21:42:38,System.Runtime,dotnet.process.cpu.time (s / 1 sec)[cpu.mode=user],Rate,0.038944000000000756
06/06/2026 21:42:38,System.Runtime,dotnet.thread_pool.thread.count ({thread} / 1 sec),Rate,0
06/06/2026 21:42:38,System.Runtime,dotnet.assembly.count ({assembly}),Metric,54
06/06/2026 21:42:38,System.Runtime,dotnet.thread_pool.work_item.count ({work_item} / 1 sec),Rate,645
06/06/2026 21:42:38,System.Runtime,dotnet.gc.heap.total_allocated (By / 1 sec),Rate,380128
06/06/2026 21:42:38,System.Runtime,dotnet.gc.last_collection.heap.fragmentation.size (By)[gc.heap.generation=loh],Metric,416
06/06/2026 21:42:38,System.Runtime,dotnet.gc.last_collection.heap.fragmentation.size (By)[gc.heap.generation=gen2],Metric,477848
06/06/2026 21:42:38,System.Runtime,dotnet.gc.last_collection.heap.fragmentation.size (By)[gc.heap.generation=gen1],Metric,1203192
06/06/2026 21:42:38,System.Runtime,dotnet.gc.last_collection.heap.fragmentation.size (By)[gc.heap.generation=poh],Metric,0
06/06/2026 21:42:38,System.Runtime,dotnet.gc.last_collection.heap.fragmentation.size (By)[gc.heap.generation=gen0],Metric,0
06/06/2026 21:42:38,System.Runtime,dotnet.thread_pool.queue.length ({work_item} / 1 sec),Rate,0
06/06/2026 21:42:38,System.Runtime,dotnet.gc.last_collection.memory.committed_size (By),Metric,364036096
06/06/2026 21:42:38,System.Runtime,dotnet.process.cpu.count ({cpu}),Metric,4
06/06/2026 21:42:38,System.Runtime,dotnet.timer.count ({timer}),Metric,28
06/06/2026 21:42:38,System.Runtime,dotnet.gc.collections ({collection} / 1 sec)[gc.heap.generation=gen2],Rate,0
06/06/2026 21:42:38,System.Runtime,dotnet.gc.collections ({collection} / 1 sec)[gc.heap.generation=gen1],Rate,0
06/06/2026 21:42:38,System.Runtime,dotnet.gc.collections ({collection} / 1 sec)[gc.heap.generation=gen0],Rate,0
06/06/2026 21:42:38,System.Runtime,dotnet.gc.pause.time (s / 1 sec),Rate,0
06/06/2026 21:42:39,System.Runtime,dotnet.exceptions ({exception} / 1 sec)[error.type=SocketException],Rate,0
06/06/2026 21:42:39,System.Runtime,dotnet.exceptions ({exception} / 1 sec)[error.type=CachedInternalErrorException],Rate,0
06/06/2026 21:42:39,System.Runtime,dotnet.exceptions ({exception} / 1 sec)[error.type=CachedNetworkException],Rate,0
06/06/2026 21:42:39,System.Runtime,dotnet.jit.compilation.time (s / 1 sec),Rate,0.0018260999999997196
06/06/2026 21:42:39,System.Runtime,dotnet.jit.compiled_il.size (By / 1 sec),Rate,115
06/06/2026 21:42:39,System.Runtime,dotnet.process.memory.working_set (By),Metric,428867584
06/06/2026 21:42:39,System.Runtime,dotnet.jit.compiled_methods ({method} / 1 sec),Rate,3
06/06/2026 21:42:39,System.Runtime,dotnet.gc.last_collection.heap.size (By)[gc.heap.generation=loh],Metric,3360080
06/06/2026 21:42:39,System.Runtime,dotnet.gc.last_collection.heap.size (By)[gc.heap.generation=gen2],Metric,20798456
06/06/2026 21:42:39,System.Runtime,dotnet.gc.last_collection.heap.size (By)[gc.heap.generation=gen1],Metric,92594480
06/06/2026 21:42:39,System.Runtime,dotnet.gc.last_collection.heap.size (By)[gc.heap.generation=poh],Metric,187086000
06/06/2026 21:42:39,System.Runtime,dotnet.gc.last_collection.heap.size (By)[gc.heap.generation=gen0],Metric,0
06/06/2026 21:42:39,System.Runtime,dotnet.monitor.lock_contentions ({contention} / 1 sec),Rate,61
06/06/2026 21:42:39,System.Runtime,dotnet.process.cpu.time (s / 1 sec)[cpu.mode=system],Rate,0.13840399999999953
06/06/2026 21:42:39,System.Runtime,dotnet.process.cpu.time (s / 1 sec)[cpu.mode=user],Rate,0.37672099999999986
06/06/2026 21:42:39,System.Runtime,dotnet.thread_pool.thread.count ({thread} / 1 sec),Rate,0
06/06/2026 21:42:39,System.Runtime,dotnet.assembly.count ({assembly}),Metric,54
06/06/2026 21:42:39,System.Runtime,dotnet.thread_pool.work_item.count ({work_item} / 1 sec),Rate,19806
06/06/2026 21:42:39,System.Runtime,dotnet.gc.heap.total_allocated (By / 1 sec),Rate,6393376
06/06/2026 21:42:39,System.Runtime,dotnet.gc.last_collection.heap.fragmentation.size (By)[gc.heap.generation=loh],Metric,416
06/06/2026 21:42:39,System.Runtime,dotnet.gc.last_collection.heap.fragmentation.size (By)[gc.heap.generation=gen2],Metric,477848
06/06/2026 21:42:39,System.Runtime,dotnet.gc.last_collection.heap.fragmentation.size (By)[gc.heap.generation=gen1],Metric,1203192
06/06/2026 21:42:39,System.Runtime,dotnet.gc.last_collection.heap.fragmentation.size (By)[gc.heap.generation=poh],Metric,0
06/06/2026 21:42:39,System.Runtime,dotnet.gc.last_collection.heap.fragmentation.size (By)[gc.heap.generation=gen0],Metric,0
06/06/2026 21:42:39,System.Runtime,dotnet.thread_pool.queue.length ({work_item} / 1 sec),Rate,0
06/06/2026 21:42:39,System.Runtime,dotnet.gc.last_collection.memory.committed_size (By),Metric,364036096
06/06/2026 21:42:39,System.Runtime,dotnet.process.cpu.count ({cpu}),Metric,4
06/06/2026 21:42:39,System.Runtime,dotnet.timer.count ({timer}),Metric,28
06/06/2026 21:42:39,System.Runtime,dotnet.gc.collections ({collection} / 1 sec)[gc.heap.generation=gen2],Rate,0
06/06/2026 21:42:39,System.Runtime,dotnet.gc.collections ({collection} / 1 sec)[gc.heap.generation=gen1],Rate,0
06/06/2026 21:42:39,System.Runtime,dotnet.gc.collections ({collection} / 1 sec)[gc.heap.generation=gen0],Rate,0
06/06/2026 21:42:39,System.Runtime,dotnet.gc.pause.time (s / 1 sec),Rate,0
06/06/2026 21:42:40,System.Runtime,dotnet.exceptions ({exception} / 1 sec)[error.type=SocketException],Rate,0
06/06/2026 21:42:40,System.Runtime,dotnet.exceptions ({exception} / 1 sec)[error.type=CachedInternalErrorException],Rate,0
06/06/2026 21:42:40,System.Runtime,dotnet.exceptions ({exception} / 1 sec)[error.type=CachedNetworkException],Rate,0
06/06/2026 21:42:40,System.Runtime,dotnet.jit.compilation.time (s / 1 sec),Rate,0.0012202000000005597
06/06/2026 21:42:40,System.Runtime,dotnet.jit.compiled_il.size (By / 1 sec),Rate,42
06/06/2026 21:42:40,System.Runtime,dotnet.process.memory.working_set (By),Metric,428867584
06/06/2026 21:42:40,System.Runtime,dotnet.jit.compiled_methods ({method} / 1 sec),Rate,2
06/06/2026 21:42:40,System.Runtime,dotnet.gc.last_collection.heap.size (By)[gc.heap.generation=loh],Metric,3360080
06/06/2026 21:42:40,System.Runtime,dotnet.gc.last_collection.heap.size (By)[gc.heap.generation=gen2],Metric,20798456
06/06/2026 21:42:40,System.Runtime,dotnet.gc.last_collection.heap.size (By)[gc.heap.generation=gen1],Metric,92594480
06/06/2026 21:42:40,System.Runtime,dotnet.gc.last_collection.heap.size (By)[gc.heap.generation=poh],Metric,187086000
06/06/2026 21:42:40,System.Runtime,dotnet.gc.last_collection.heap.size (By)[gc.heap.generation=gen0],Metric,0
06/06/2026 21:42:40,System.Runtime,dotnet.monitor.lock_contentions ({contention} / 1 sec),Rate,37
06/06/2026 21:42:40,System.Runtime,dotnet.process.cpu.time (s / 1 sec)[cpu.mode=system],Rate,0.06435100000000027
06/06/2026 21:42:40,System.Runtime,dotnet.process.cpu.time (s / 1 sec)[cpu.mode=user],Rate,0.3244279999999975
06/06/2026 21:42:40,System.Runtime,dotnet.thread_pool.thread.count ({thread} / 1 sec),Rate,0
06/06/2026 21:42:40,System.Runtime,dotnet.assembly.count ({assembly}),Metric,54
06/06/2026 21:42:40,System.Runtime,dotnet.thread_pool.work_item.count ({work_item} / 1 sec),Rate,16429
06/06/2026 21:42:40,System.Runtime,dotnet.gc.heap.total_allocated (By / 1 sec),Rate,5414624
06/06/2026 21:42:40,System.Runtime,dotnet.gc.last_collection.heap.fragmentation.size (By)[gc.heap.generation=loh],Metric,416
06/06/2026 21:42:40,System.Runtime,dotnet.gc.last_collection.heap.fragmentation.size (By)[gc.heap.generation=gen2],Metric,477848
06/06/2026 21:42:40,System.Runtime,dotnet.gc.last_collection.heap.fragmentation.size (By)[gc.heap.generation=gen1],Metric,1203192
06/06/2026 21:42:40,System.Runtime,dotnet.gc.last_collection.heap.fragmentation.size (By)[gc.heap.generation=poh],Metric,0
06/06/2026 21:42:40,System.Runtime,dotnet.gc.last_collection.heap.fragmentation.size (By)[gc.heap.generation=gen0],Metric,0
06/06/2026 21:42:40,System.Runtime,dotnet.thread_pool.queue.length ({work_item} / 1 sec),Rate,77
06/06/2026 21:42:40,System.Runtime,dotnet.gc.last_collection.memory.committed_size (By),Metric,364036096
06/06/2026 21:42:40,System.Runtime,dotnet.process.cpu.count ({cpu}),Metric,4
06/06/2026 21:42:40,System.Runtime,dotnet.timer.count ({timer}),Metric,28
06/06/2026 21:42:40,System.Runtime,dotnet.gc.collections ({collection} / 1 sec)[gc.heap.generation=gen2],Rate,0
06/06/2026 21:42:40,System.Runtime,dotnet.gc.collections ({collection} / 1 sec)[gc.heap.generation=gen1],Rate,0
06/06/2026 21:42:40,System.Runtime,dotnet.gc.collections ({collection} / 1 sec)[gc.heap.generation=gen0],Rate,0
06/06/2026 21:42:40,System.Runtime,dotnet.gc.pause.time (s / 1 sec),Rate,0
06/06/2026 21:42:41,System.Runtime,dotnet.exceptions ({exception} / 1 sec)[error.type=SocketException],Rate,80
06/06/2026 21:42:41,System.Runtime,dotnet.exceptions ({exception} / 1 sec)[error.type=CachedInternalErrorException],Rate,0
06/06/2026 21:42:41,System.Runtime,dotnet.exceptions ({exception} / 1 sec)[error.type=CachedNetworkException],Rate,79
06/06/2026 21:42:41,System.Runtime,dotnet.jit.compilation.time (s / 1 sec),Rate,0.00028109999999959
06/06/2026 21:42:41,System.Runtime,dotnet.jit.compiled_il.size (By / 1 sec),Rate,6
06/06/2026 21:42:41,System.Runtime,dotnet.process.memory.working_set (By),Metric,429391872
06/06/2026 21:42:41,System.Runtime,dotnet.jit.compiled_methods ({method} / 1 sec),Rate,1
06/06/2026 21:42:41,System.Runtime,dotnet.gc.last_collection.heap.size (By)[gc.heap.generation=loh],Metric,3360080
06/06/2026 21:42:41,System.Runtime,dotnet.gc.last_collection.heap.size (By)[gc.heap.generation=gen2],Metric,20798456
06/06/2026 21:42:41,System.Runtime,dotnet.gc.last_collection.heap.size (By)[gc.heap.generation=gen1],Metric,92594480
06/06/2026 21:42:41,System.Runtime,dotnet.gc.last_collection.heap.size (By)[gc.heap.generation=poh],Metric,187086000
06/06/2026 21:42:41,System.Runtime,dotnet.gc.last_collection.heap.size (By)[gc.heap.generation=gen0],Metric,0
06/06/2026 21:42:41,System.Runtime,dotnet.monitor.lock_contentions ({contention} / 1 sec),Rate,63
06/06/2026 21:42:41,System.Runtime,dotnet.process.cpu.time (s / 1 sec)[cpu.mode=system],Rate,0.20840299999999967
06/06/2026 21:42:41,System.Runtime,dotnet.process.cpu.time (s / 1 sec)[cpu.mode=user],Rate,0.5190020000000004
06/06/2026 21:42:41,System.Runtime,dotnet.thread_pool.thread.count ({thread} / 1 sec),Rate,0
06/06/2026 21:42:41,System.Runtime,dotnet.assembly.count ({assembly}),Metric,54
06/06/2026 21:42:41,System.Runtime,dotnet.thread_pool.work_item.count ({work_item} / 1 sec),Rate,26102
06/06/2026 21:42:41,System.Runtime,dotnet.gc.heap.total_allocated (By / 1 sec),Rate,9176056
06/06/2026 21:42:41,System.Runtime,dotnet.gc.last_collection.heap.fragmentation.size (By)[gc.heap.generation=loh],Metric,416
06/06/2026 21:42:41,System.Runtime,dotnet.gc.last_collection.heap.fragmentation.size (By)[gc.heap.generation=gen2],Metric,477848
06/06/2026 21:42:41,System.Runtime,dotnet.gc.last_collection.heap.fragmentation.size (By)[gc.heap.generation=gen1],Metric,1203192
06/06/2026 21:42:41,System.Runtime,dotnet.gc.last_collection.heap.fragmentation.size (By)[gc.heap.generation=poh],Metric,0
06/06/2026 21:42:41,System.Runtime,dotnet.gc.last_collection.heap.fragmentation.size (By)[gc.heap.generation=gen0],Metric,0
06/06/2026 21:42:41,System.Runtime,dotnet.thread_pool.queue.length ({work_item} / 1 sec),Rate,-77
06/06/2026 21:42:41,System.Runtime,dotnet.gc.last_collection.memory.committed_size (By),Metric,364036096
06/06/2026 21:42:41,System.Runtime,dotnet.process.cpu.count ({cpu}),Metric,4
06/06/2026 21:42:41,System.Runtime,dotnet.timer.count ({timer}),Metric,28
06/06/2026 21:42:41,System.Runtime,dotnet.gc.collections ({collection} / 1 sec)[gc.heap.generation=gen2],Rate,0
06/06/2026 21:42:41,System.Runtime,dotnet.gc.collections ({collection} / 1 sec)[gc.heap.generation=gen1],Rate,0
06/06/2026 21:42:41,System.Runtime,dotnet.gc.collections ({collection} / 1 sec)[gc.heap.generation=gen0],Rate,0
06/06/2026 21:42:41,System.Runtime,dotnet.gc.pause.time (s / 1 sec),Rate,0
06/06/2026 21:42:42,System.Runtime,dotnet.exceptions ({exception} / 1 sec)[error.type=SocketException],Rate,364
06/06/2026 21:42:42,System.Runtime,dotnet.exceptions ({exception} / 1 sec)[error.type=CachedInternalErrorException],Rate,0
06/06/2026 21:42:42,System.Runtime,dotnet.exceptions ({exception} / 1 sec)[error.type=CachedNetworkException],Rate,364
06/06/2026 21:42:42,System.Runtime,dotnet.jit.compilation.time (s / 1 sec),Rate,0.2795177999999998
06/06/2026 21:42:42,System.Runtime,dotnet.jit.compiled_il.size (By / 1 sec),Rate,12818
06/06/2026 21:42:42,System.Runtime,dotnet.process.memory.working_set (By),Metric,437780480
06/06/2026 21:42:42,System.Runtime,dotnet.jit.compiled_methods ({method} / 1 sec),Rate,162
06/06/2026 21:42:42,System.Runtime,dotnet.gc.last_collection.heap.size (By)[gc.heap.generation=loh],Metric,3360080
06/06/2026 21:42:42,System.Runtime,dotnet.gc.last_collection.heap.size (By)[gc.heap.generation=gen2],Metric,20798456
06/06/2026 21:42:42,System.Runtime,dotnet.gc.last_collection.heap.size (By)[gc.heap.generation=gen1],Metric,92594480
06/06/2026 21:42:42,System.Runtime,dotnet.gc.last_collection.heap.size (By)[gc.heap.generation=poh],Metric,187086000
06/06/2026 21:42:42,System.Runtime,dotnet.gc.last_collection.heap.size (By)[gc.heap.generation=gen0],Metric,0
06/06/2026 21:42:42,System.Runtime,dotnet.monitor.lock_contentions ({contention} / 1 sec),Rate,108
06/06/2026 21:42:42,System.Runtime,dotnet.process.cpu.time (s / 1 sec)[cpu.mode=system],Rate,0.4527510000000001
06/06/2026 21:42:42,System.Runtime,dotnet.process.cpu.time (s / 1 sec)[cpu.mode=user],Rate,1.3470830000000014
06/06/2026 21:42:42,System.Runtime,dotnet.thread_pool.thread.count ({thread} / 1 sec),Rate,0
06/06/2026 21:42:42,System.Runtime,dotnet.assembly.count ({assembly}),Metric,54
06/06/2026 21:42:42,System.Runtime,dotnet.thread_pool.work_item.count ({work_item} / 1 sec),Rate,38968
06/06/2026 21:42:42,System.Runtime,dotnet.gc.heap.total_allocated (By / 1 sec),Rate,13744496
06/06/2026 21:42:42,System.Runtime,dotnet.gc.last_collection.heap.fragmentation.size (By)[gc.heap.generation=loh],Metric,416
06/06/2026 21:42:42,System.Runtime,dotnet.gc.last_collection.heap.fragmentation.size (By)[gc.heap.generation=gen2],Metric,477848
06/06/2026 21:42:42,System.Runtime,dotnet.gc.last_collection.heap.fragmentation.size (By)[gc.heap.generation=gen1],Metric,1203192
06/06/2026 21:42:42,System.Runtime,dotnet.gc.last_collection.heap.fragmentation.size (By)[gc.heap.generation=poh],Metric,0
06/06/2026 21:42:42,System.Runtime,dotnet.gc.last_collection.heap.fragmentation.size (By)[gc.heap.generation=gen0],Metric,0
06/06/2026 21:42:42,System.Runtime,dotnet.thread_pool.queue.length ({work_item} / 1 sec),Rate,3279
06/06/2026 21:42:42,System.Runtime,dotnet.gc.last_collection.memory.committed_size (By),Metric,364036096
06/06/2026 21:42:42,System.Runtime,dotnet.process.cpu.count ({cpu}),Metric,4
06/06/2026 21:42:42,System.Runtime,dotnet.timer.count ({timer}),Metric,28
06/06/2026 21:42:42,System.Runtime,dotnet.gc.collections ({collection} / 1 sec)[gc.heap.generation=gen2],Rate,0
06/06/2026 21:42:42,System.Runtime,dotnet.gc.collections ({collection} / 1 sec)[gc.heap.generation=gen1],Rate,0
06/06/2026 21:42:42,System.Runtime,dotnet.gc.collections ({collection} / 1 sec)[gc.heap.generation=gen0],Rate,0
06/06/2026 21:42:42,System.Runtime,dotnet.gc.pause.time (s / 1 sec),Rate,0
06/06/2026 21:42:43,System.Runtime,dotnet.exceptions ({exception} / 1 sec)[error.type=SocketException],Rate,0
06/06/2026 21:42:43,System.Runtime,dotnet.exceptions ({exception} / 1 sec)[error.type=CachedInternalErrorException],Rate,0
06/06/2026 21:42:43,System.Runtime,dotnet.exceptions ({exception} / 1 sec)[error.type=CachedNetworkException],Rate,0
06/06/2026 21:42:43,System.Runtime,dotnet.jit.compilation.time (s / 1 sec),Rate,0.06397299999999984
06/06/2026 21:42:43,System.Runtime,dotnet.jit.compiled_il.size (By / 1 sec),Rate,674
06/06/2026 21:42:43,System.Runtime,dotnet.process.memory.working_set (By),Metric,441974784
06/06/2026 21:42:43,System.Runtime,dotnet.jit.compiled_methods ({method} / 1 sec),Rate,7
06/06/2026 21:42:43,System.Runtime,dotnet.gc.last_collection.heap.size (By)[gc.heap.generation=loh],Metric,3360080
06/06/2026 21:42:43,System.Runtime,dotnet.gc.last_collection.heap.size (By)[gc.heap.generation=gen2],Metric,20798456
06/06/2026 21:42:43,System.Runtime,dotnet.gc.last_collection.heap.size (By)[gc.heap.generation=gen1],Metric,92594480
06/06/2026 21:42:43,System.Runtime,dotnet.gc.last_collection.heap.size (By)[gc.heap.generation=poh],Metric,187086000
06/06/2026 21:42:43,System.Runtime,dotnet.gc.last_collection.heap.size (By)[gc.heap.generation=gen0],Metric,0
06/06/2026 21:42:43,System.Runtime,dotnet.monitor.lock_contentions ({contention} / 1 sec),Rate,54
06/06/2026 21:42:43,System.Runtime,dotnet.process.cpu.time (s / 1 sec)[cpu.mode=system],Rate,0.23540399999999995
06/06/2026 21:42:43,System.Runtime,dotnet.process.cpu.time (s / 1 sec)[cpu.mode=user],Rate,0.8264069999999997
06/06/2026 21:42:43,System.Runtime,dotnet.thread_pool.thread.count ({thread} / 1 sec),Rate,0
06/06/2026 21:42:43,System.Runtime,dotnet.assembly.count ({assembly}),Metric,54
06/06/2026 21:42:43,System.Runtime,dotnet.thread_pool.work_item.count ({work_item} / 1 sec),Rate,25707
06/06/2026 21:42:43,System.Runtime,dotnet.gc.heap.total_allocated (By / 1 sec),Rate,7150952
06/06/2026 21:42:43,System.Runtime,dotnet.gc.last_collection.heap.fragmentation.size (By)[gc.heap.generation=loh],Metric,416
06/06/2026 21:42:43,System.Runtime,dotnet.gc.last_collection.heap.fragmentation.size (By)[gc.heap.generation=gen2],Metric,477848
06/06/2026 21:42:43,System.Runtime,dotnet.gc.last_collection.heap.fragmentation.size (By)[gc.heap.generation=gen1],Metric,1203192
06/06/2026 21:42:43,System.Runtime,dotnet.gc.last_collection.heap.fragmentation.size (By)[gc.heap.generation=poh],Metric,0
06/06/2026 21:42:43,System.Runtime,dotnet.gc.last_collection.heap.fragmentation.size (By)[gc.heap.generation=gen0],Metric,0
06/06/2026 21:42:43,System.Runtime,dotnet.thread_pool.queue.length ({work_item} / 1 sec),Rate,-3279
06/06/2026 21:42:43,System.Runtime,dotnet.gc.last_collection.memory.committed_size (By),Metric,364036096
06/06/2026 21:42:43,System.Runtime,dotnet.process.cpu.count ({cpu}),Metric,4
06/06/2026 21:42:43,System.Runtime,dotnet.timer.count ({timer}),Metric,28
06/06/2026 21:42:43,System.Runtime,dotnet.gc.collections ({collection} / 1 sec)[gc.heap.generation=gen2],Rate,0
06/06/2026 21:42:43,System.Runtime,dotnet.gc.collections ({collection} / 1 sec)[gc.heap.generation=gen1],Rate,0
06/06/2026 21:42:43,System.Runtime,dotnet.gc.collections ({collection} / 1 sec)[gc.heap.generation=gen0],Rate,0
06/06/2026 21:42:43,System.Runtime,dotnet.gc.pause.time (s / 1 sec),Rate,0
06/06/2026 21:42:44,System.Runtime,dotnet.exceptions ({exception} / 1 sec)[error.type=SocketException],Rate,0
06/06/2026 21:42:44,System.Runtime,dotnet.exceptions ({exception} / 1 sec)[error.type=CachedInternalErrorException],Rate,0
06/06/2026 21:42:44,System.Runtime,dotnet.exceptions ({exception} / 1 sec)[error.type=CachedNetworkException],Rate,0
06/06/2026 21:42:44,System.Runtime,dotnet.jit.compilation.time (s / 1 sec),Rate,0.00038690000000052294
06/06/2026 21:42:44,System.Runtime,dotnet.jit.compiled_il.size (By / 1 sec),Rate,24
06/06/2026 21:42:44,System.Runtime,dotnet.process.memory.working_set (By),Metric,443023360
06/06/2026 21:42:44,System.Runtime,dotnet.jit.compiled_methods ({method} / 1 sec),Rate,1
06/06/2026 21:42:44,System.Runtime,dotnet.gc.last_collection.heap.size (By)[gc.heap.generation=loh],Metric,3360080
06/06/2026 21:42:44,System.Runtime,dotnet.gc.last_collection.heap.size (By)[gc.heap.generation=gen2],Metric,20798456
06/06/2026 21:42:44,System.Runtime,dotnet.gc.last_collection.heap.size (By)[gc.heap.generation=gen1],Metric,92594480
06/06/2026 21:42:44,System.Runtime,dotnet.gc.last_collection.heap.size (By)[gc.heap.generation=poh],Metric,187086000
06/06/2026 21:42:44,System.Runtime,dotnet.gc.last_collection.heap.size (By)[gc.heap.generation=gen0],Metric,0
06/06/2026 21:42:44,System.Runtime,dotnet.monitor.lock_contentions ({contention} / 1 sec),Rate,17
06/06/2026 21:42:44,System.Runtime,dotnet.process.cpu.time (s / 1 sec)[cpu.mode=system],Rate,0.0016690000000005867
06/06/2026 21:42:44,System.Runtime,dotnet.process.cpu.time (s / 1 sec)[cpu.mode=user],Rate,0.014461999999998199
06/06/2026 21:42:44,System.Runtime,dotnet.thread_pool.thread.count ({thread} / 1 sec),Rate,0
06/06/2026 21:42:44,System.Runtime,dotnet.assembly.count ({assembly}),Metric,54
06/06/2026 21:42:44,System.Runtime,dotnet.thread_pool.work_item.count ({work_item} / 1 sec),Rate,314
06/06/2026 21:42:44,System.Runtime,dotnet.gc.heap.total_allocated (By / 1 sec),Rate,372136
06/06/2026 21:42:44,System.Runtime,dotnet.gc.last_collection.heap.fragmentation.size (By)[gc.heap.generation=loh],Metric,416
06/06/2026 21:42:44,System.Runtime,dotnet.gc.last_collection.heap.fragmentation.size (By)[gc.heap.generation=gen2],Metric,477848
06/06/2026 21:42:44,System.Runtime,dotnet.gc.last_collection.heap.fragmentation.size (By)[gc.heap.generation=gen1],Metric,1203192
06/06/2026 21:42:44,System.Runtime,dotnet.gc.last_collection.heap.fragmentation.size (By)[gc.heap.generation=poh],Metric,0
06/06/2026 21:42:44,System.Runtime,dotnet.gc.last_collection.heap.fragmentation.size (By)[gc.heap.generation=gen0],Metric,0
06/06/2026 21:42:44,System.Runtime,dotnet.thread_pool.queue.length ({work_item} / 1 sec),Rate,0
06/06/2026 21:42:44,System.Runtime,dotnet.gc.last_collection.memory.committed_size (By),Metric,364036096
06/06/2026 21:42:44,System.Runtime,dotnet.process.cpu.count ({cpu}),Metric,4
06/06/2026 21:42:44,System.Runtime,dotnet.timer.count ({timer}),Metric,28
06/06/2026 21:42:44,System.Runtime,dotnet.gc.collections ({collection} / 1 sec)[gc.heap.generation=gen2],Rate,0
06/06/2026 21:42:44,System.Runtime,dotnet.gc.collections ({collection} / 1 sec)[gc.heap.generation=gen1],Rate,0
06/06/2026 21:42:44,System.Runtime,dotnet.gc.collections ({collection} / 1 sec)[gc.heap.generation=gen0],Rate,0
06/06/2026 21:42:44,System.Runtime,dotnet.gc.pause.time (s / 1 sec),Rate,0
06/06/2026 21:42:45,System.Runtime,dotnet.exceptions ({exception} / 1 sec)[error.type=SocketException],Rate,0
06/06/2026 21:42:45,System.Runtime,dotnet.exceptions ({exception} / 1 sec)[error.type=CachedInternalErrorException],Rate,0
06/06/2026 21:42:45,System.Runtime,dotnet.exceptions ({exception} / 1 sec)[error.type=CachedNetworkException],Rate,0
06/06/2026 21:42:45,System.Runtime,dotnet.jit.compilation.time (s / 1 sec),Rate,0
06/06/2026 21:42:45,System.Runtime,dotnet.jit.compiled_il.size (By / 1 sec),Rate,0
06/06/2026 21:42:45,System.Runtime,dotnet.process.memory.working_set (By),Metric,448266240
06/06/2026 21:42:45,System.Runtime,dotnet.jit.compiled_methods ({method} / 1 sec),Rate,0
06/06/2026 21:42:45,System.Runtime,dotnet.gc.last_collection.heap.size (By)[gc.heap.generation=loh],Metric,3360080
06/06/2026 21:42:45,System.Runtime,dotnet.gc.last_collection.heap.size (By)[gc.heap.generation=gen2],Metric,20798456
06/06/2026 21:42:45,System.Runtime,dotnet.gc.last_collection.heap.size (By)[gc.heap.generation=gen1],Metric,92594480
06/06/2026 21:42:45,System.Runtime,dotnet.gc.last_collection.heap.size (By)[gc.heap.generation=poh],Metric,187086000
06/06/2026 21:42:45,System.Runtime,dotnet.gc.last_collection.heap.size (By)[gc.heap.generation=gen0],Metric,0
06/06/2026 21:42:45,System.Runtime,dotnet.monitor.lock_contentions ({contention} / 1 sec),Rate,134
06/06/2026 21:42:45,System.Runtime,dotnet.process.cpu.time (s / 1 sec)[cpu.mode=system],Rate,0.06865599999999983
06/06/2026 21:42:45,System.Runtime,dotnet.process.cpu.time (s / 1 sec)[cpu.mode=user],Rate,0.3213620000000006
06/06/2026 21:42:45,System.Runtime,dotnet.thread_pool.thread.count ({thread} / 1 sec),Rate,0
06/06/2026 21:42:45,System.Runtime,dotnet.assembly.count ({assembly}),Metric,54
06/06/2026 21:42:45,System.Runtime,dotnet.thread_pool.work_item.count ({work_item} / 1 sec),Rate,15622
06/06/2026 21:42:45,System.Runtime,dotnet.gc.heap.total_allocated (By / 1 sec),Rate,4949120
06/06/2026 21:42:45,System.Runtime,dotnet.gc.last_collection.heap.fragmentation.size (By)[gc.heap.generation=loh],Metric,416
06/06/2026 21:42:45,System.Runtime,dotnet.gc.last_collection.heap.fragmentation.size (By)[gc.heap.generation=gen2],Metric,477848
06/06/2026 21:42:45,System.Runtime,dotnet.gc.last_collection.heap.fragmentation.size (By)[gc.heap.generation=gen1],Metric,1203192
06/06/2026 21:42:45,System.Runtime,dotnet.gc.last_collection.heap.fragmentation.size (By)[gc.heap.generation=poh],Metric,0
06/06/2026 21:42:45,System.Runtime,dotnet.gc.last_collection.heap.fragmentation.size (By)[gc.heap.generation=gen0],Metric,0
06/06/2026 21:42:45,System.Runtime,dotnet.thread_pool.queue.length ({work_item} / 1 sec),Rate,0
06/06/2026 21:42:45,System.Runtime,dotnet.gc.last_collection.memory.committed_size (By),Metric,364036096
06/06/2026 21:42:45,System.Runtime,dotnet.process.cpu.count ({cpu}),Metric,4
06/06/2026 21:42:45,System.Runtime,dotnet.timer.count ({timer}),Metric,28
06/06/2026 21:42:45,System.Runtime,dotnet.gc.collections ({collection} / 1 sec)[gc.heap.generation=gen2],Rate,0
06/06/2026 21:42:45,System.Runtime,dotnet.gc.collections ({collection} / 1 sec)[gc.heap.generation=gen1],Rate,0
06/06/2026 21:42:45,System.Runtime,dotnet.gc.collections ({collection} / 1 sec)[gc.heap.generation=gen0],Rate,0
06/06/2026 21:42:45,System.Runtime,dotnet.gc.pause.time (s / 1 sec),Rate,0
06/06/2026 21:42:46,System.Runtime,dotnet.exceptions ({exception} / 1 sec)[error.type=SocketException],Rate,0
06/06/2026 21:42:46,System.Runtime,dotnet.exceptions ({exception} / 1 sec)[error.type=CachedInternalErrorException],Rate,0
06/06/2026 21:42:46,System.Runtime,dotnet.exceptions ({exception} / 1 sec)[error.type=CachedNetworkException],Rate,0
06/06/2026 21:42:46,System.Runtime,dotnet.jit.compilation.time (s / 1 sec),Rate,0
06/06/2026 21:42:46,System.Runtime,dotnet.jit.compiled_il.size (By / 1 sec),Rate,0
06/06/2026 21:42:46,System.Runtime,dotnet.process.memory.working_set (By),Metric,477626368
06/06/2026 21:42:46,System.Runtime,dotnet.jit.compiled_methods ({method} / 1 sec),Rate,0
06/06/2026 21:42:46,System.Runtime,dotnet.gc.last_collection.heap.size (By)[gc.heap.generation=loh],Metric,3819000
06/06/2026 21:42:46,System.Runtime,dotnet.gc.last_collection.heap.size (By)[gc.heap.generation=gen2],Metric,108939240
06/06/2026 21:42:46,System.Runtime,dotnet.gc.last_collection.heap.size (By)[gc.heap.generation=gen1],Metric,6755920
06/06/2026 21:42:46,System.Runtime,dotnet.gc.last_collection.heap.size (By)[gc.heap.generation=poh],Metric,187742080
06/06/2026 21:42:46,System.Runtime,dotnet.gc.last_collection.heap.size (By)[gc.heap.generation=gen0],Metric,0
06/06/2026 21:42:46,System.Runtime,dotnet.monitor.lock_contentions ({contention} / 1 sec),Rate,169
06/06/2026 21:42:46,System.Runtime,dotnet.process.cpu.time (s / 1 sec)[cpu.mode=system],Rate,0.6992989999999999
06/06/2026 21:42:46,System.Runtime,dotnet.process.cpu.time (s / 1 sec)[cpu.mode=user],Rate,2.6369289999999985
06/06/2026 21:42:46,System.Runtime,dotnet.thread_pool.thread.count ({thread} / 1 sec),Rate,1
06/06/2026 21:42:46,System.Runtime,dotnet.assembly.count ({assembly}),Metric,54
06/06/2026 21:42:46,System.Runtime,dotnet.thread_pool.work_item.count ({work_item} / 1 sec),Rate,64219
06/06/2026 21:42:46,System.Runtime,dotnet.gc.heap.total_allocated (By / 1 sec),Rate,15557448
06/06/2026 21:42:46,System.Runtime,dotnet.gc.last_collection.heap.fragmentation.size (By)[gc.heap.generation=loh],Metric,512
06/06/2026 21:42:46,System.Runtime,dotnet.gc.last_collection.heap.fragmentation.size (By)[gc.heap.generation=gen2],Metric,204152
06/06/2026 21:42:46,System.Runtime,dotnet.gc.last_collection.heap.fragmentation.size (By)[gc.heap.generation=gen1],Metric,91320
06/06/2026 21:42:46,System.Runtime,dotnet.gc.last_collection.heap.fragmentation.size (By)[gc.heap.generation=poh],Metric,0
06/06/2026 21:42:46,System.Runtime,dotnet.gc.last_collection.heap.fragmentation.size (By)[gc.heap.generation=gen0],Metric,0
06/06/2026 21:42:46,System.Runtime,dotnet.thread_pool.queue.length ({work_item} / 1 sec),Rate,948
06/06/2026 21:42:46,System.Runtime,dotnet.gc.last_collection.memory.committed_size (By),Metric,409731072
06/06/2026 21:42:46,System.Runtime,dotnet.process.cpu.count ({cpu}),Metric,4
06/06/2026 21:42:46,System.Runtime,dotnet.timer.count ({timer}),Metric,28
06/06/2026 21:42:46,System.Runtime,dotnet.gc.collections ({collection} / 1 sec)[gc.heap.generation=gen2],Rate,0
06/06/2026 21:42:46,System.Runtime,dotnet.gc.collections ({collection} / 1 sec)[gc.heap.generation=gen1],Rate,1
06/06/2026 21:42:46,System.Runtime,dotnet.gc.collections ({collection} / 1 sec)[gc.heap.generation=gen0],Rate,0
06/06/2026 21:42:46,System.Runtime,dotnet.gc.pause.time (s / 1 sec),Rate,0.3322799999999999
06/06/2026 21:42:47,System.Runtime,dotnet.exceptions ({exception} / 1 sec)[error.type=SocketException],Rate,0
06/06/2026 21:42:47,System.Runtime,dotnet.exceptions ({exception} / 1 sec)[error.type=CachedInternalErrorException],Rate,0
06/06/2026 21:42:47,System.Runtime,dotnet.exceptions ({exception} / 1 sec)[error.type=CachedNetworkException],Rate,0
06/06/2026 21:42:47,System.Runtime,dotnet.jit.compilation.time (s / 1 sec),Rate,0
06/06/2026 21:42:47,System.Runtime,dotnet.jit.compiled_il.size (By / 1 sec),Rate,0
06/06/2026 21:42:47,System.Runtime,dotnet.process.memory.working_set (By),Metric,477626368
06/06/2026 21:42:47,System.Runtime,dotnet.jit.compiled_methods ({method} / 1 sec),Rate,0
06/06/2026 21:42:47,System.Runtime,dotnet.gc.last_collection.heap.size (By)[gc.heap.generation=loh],Metric,3819000
06/06/2026 21:42:47,System.Runtime,dotnet.gc.last_collection.heap.size (By)[gc.heap.generation=gen2],Metric,108939240
06/06/2026 21:42:47,System.Runtime,dotnet.gc.last_collection.heap.size (By)[gc.heap.generation=gen1],Metric,6755920
06/06/2026 21:42:47,System.Runtime,dotnet.gc.last_collection.heap.size (By)[gc.heap.generation=poh],Metric,187742080
06/06/2026 21:42:47,System.Runtime,dotnet.gc.last_collection.heap.size (By)[gc.heap.generation=gen0],Metric,0
06/06/2026 21:42:47,System.Runtime,dotnet.monitor.lock_contentions ({contention} / 1 sec),Rate,37
06/06/2026 21:42:47,System.Runtime,dotnet.process.cpu.time (s / 1 sec)[cpu.mode=system],Rate,0.33757000000000037
06/06/2026 21:42:47,System.Runtime,dotnet.process.cpu.time (s / 1 sec)[cpu.mode=user],Rate,1.0705080000000038
06/06/2026 21:42:47,System.Runtime,dotnet.thread_pool.thread.count ({thread} / 1 sec),Rate,0
06/06/2026 21:42:47,System.Runtime,dotnet.assembly.count ({assembly}),Metric,54
06/06/2026 21:42:47,System.Runtime,dotnet.thread_pool.work_item.count ({work_item} / 1 sec),Rate,31783
06/06/2026 21:42:47,System.Runtime,dotnet.gc.heap.total_allocated (By / 1 sec),Rate,8535048
06/06/2026 21:42:47,System.Runtime,dotnet.gc.last_collection.heap.fragmentation.size (By)[gc.heap.generation=loh],Metric,512
06/06/2026 21:42:47,System.Runtime,dotnet.gc.last_collection.heap.fragmentation.size (By)[gc.heap.generation=gen2],Metric,204152
06/06/2026 21:42:47,System.Runtime,dotnet.gc.last_collection.heap.fragmentation.size (By)[gc.heap.generation=gen1],Metric,91320
06/06/2026 21:42:47,System.Runtime,dotnet.gc.last_collection.heap.fragmentation.size (By)[gc.heap.generation=poh],Metric,0
06/06/2026 21:42:47,System.Runtime,dotnet.gc.last_collection.heap.fragmentation.size (By)[gc.heap.generation=gen0],Metric,0
06/06/2026 21:42:47,System.Runtime,dotnet.thread_pool.queue.length ({work_item} / 1 sec),Rate,-948
06/06/2026 21:42:47,System.Runtime,dotnet.gc.last_collection.memory.committed_size (By),Metric,409731072
06/06/2026 21:42:47,System.Runtime,dotnet.process.cpu.count ({cpu}),Metric,4
06/06/2026 21:42:47,System.Runtime,dotnet.timer.count ({timer}),Metric,28
06/06/2026 21:42:47,System.Runtime,dotnet.gc.collections ({collection} / 1 sec)[gc.heap.generation=gen2],Rate,0
06/06/2026 21:42:47,System.Runtime,dotnet.gc.collections ({collection} / 1 sec)[gc.heap.generation=gen1],Rate,0
06/06/2026 21:42:47,System.Runtime,dotnet.gc.collections ({collection} / 1 sec)[gc.heap.generation=gen0],Rate,0
06/06/2026 21:42:47,System.Runtime,dotnet.gc.pause.time (s / 1 sec),Rate,0
06/06/2026 21:42:48,System.Runtime,dotnet.exceptions ({exception} / 1 sec)[error.type=SocketException],Rate,0
06/06/2026 21:42:48,System.Runtime,dotnet.exceptions ({exception} / 1 sec)[error.type=CachedInternalErrorException],Rate,0
06/06/2026 21:42:48,System.Runtime,dotnet.exceptions ({exception} / 1 sec)[error.type=CachedNetworkException],Rate,0
06/06/2026 21:42:48,System.Runtime,dotnet.jit.compilation.time (s / 1 sec),Rate,0
06/06/2026 21:42:48,System.Runtime,dotnet.jit.compiled_il.size (By / 1 sec),Rate,0
06/06/2026 21:42:48,System.Runtime,dotnet.process.memory.working_set (By),Metric,477626368
06/06/2026 21:42:48,System.Runtime,dotnet.jit.compiled_methods ({method} / 1 sec),Rate,0
06/06/2026 21:42:48,System.Runtime,dotnet.gc.last_collection.heap.size (By)[gc.heap.generation=loh],Metric,3819000
06/06/2026 21:42:48,System.Runtime,dotnet.gc.last_collection.heap.size (By)[gc.heap.generation=gen2],Metric,108939240
06/06/2026 21:42:48,System.Runtime,dotnet.gc.last_collection.heap.size (By)[gc.heap.generation=gen1],Metric,6755920
06/06/2026 21:42:48,System.Runtime,dotnet.gc.last_collection.heap.size (By)[gc.heap.generation=poh],Metric,187742080
06/06/2026 21:42:48,System.Runtime,dotnet.gc.last_collection.heap.size (By)[gc.heap.generation=gen0],Metric,0
06/06/2026 21:42:48,System.Runtime,dotnet.monitor.lock_contentions ({contention} / 1 sec),Rate,20
06/06/2026 21:42:48,System.Runtime,dotnet.process.cpu.time (s / 1 sec)[cpu.mode=system],Rate,0.0017239999999993927
06/06/2026 21:42:48,System.Runtime,dotnet.process.cpu.time (s / 1 sec)[cpu.mode=user],Rate,0.011285999999998353
06/06/2026 21:42:48,System.Runtime,dotnet.thread_pool.thread.count ({thread} / 1 sec),Rate,0
06/06/2026 21:42:48,System.Runtime,dotnet.assembly.count ({assembly}),Metric,54
06/06/2026 21:42:48,System.Runtime,dotnet.thread_pool.work_item.count ({work_item} / 1 sec),Rate,317
06/06/2026 21:42:48,System.Runtime,dotnet.gc.heap.total_allocated (By / 1 sec),Rate,374704
06/06/2026 21:42:48,System.Runtime,dotnet.gc.last_collection.heap.fragmentation.size (By)[gc.heap.generation=loh],Metric,512
06/06/2026 21:42:48,System.Runtime,dotnet.gc.last_collection.heap.fragmentation.size (By)[gc.heap.generation=gen2],Metric,204152
06/06/2026 21:42:48,System.Runtime,dotnet.gc.last_collection.heap.fragmentation.size (By)[gc.heap.generation=gen1],Metric,91320
06/06/2026 21:42:48,System.Runtime,dotnet.gc.last_collection.heap.fragmentation.size (By)[gc.heap.generation=poh],Metric,0
06/06/2026 21:42:48,System.Runtime,dotnet.gc.last_collection.heap.fragmentation.size (By)[gc.heap.generation=gen0],Metric,0
06/06/2026 21:42:48,System.Runtime,dotnet.thread_pool.queue.length ({work_item} / 1 sec),Rate,0
06/06/2026 21:42:48,System.Runtime,dotnet.gc.last_collection.memory.committed_size (By),Metric,409731072
06/06/2026 21:42:48,System.Runtime,dotnet.process.cpu.count ({cpu}),Metric,4
06/06/2026 21:42:48,System.Runtime,dotnet.timer.count ({timer}),Metric,28
06/06/2026 21:42:48,System.Runtime,dotnet.gc.collections ({collection} / 1 sec)[gc.heap.generation=gen2],Rate,0
06/06/2026 21:42:48,System.Runtime,dotnet.gc.collections ({collection} / 1 sec)[gc.heap.generation=gen1],Rate,0
06/06/2026 21:42:48,System.Runtime,dotnet.gc.collections ({collection} / 1 sec)[gc.heap.generation=gen0],Rate,0
06/06/2026 21:42:48,System.Runtime,dotnet.gc.pause.time (s / 1 sec),Rate,0
06/06/2026 21:42:49,System.Runtime,dotnet.exceptions ({exception} / 1 sec)[error.type=SocketException],Rate,0
06/06/2026 21:42:49,System.Runtime,dotnet.exceptions ({exception} / 1 sec)[error.type=CachedInternalErrorException],Rate,0
06/06/2026 21:42:49,System.Runtime,dotnet.exceptions ({exception} / 1 sec)[error.type=CachedNetworkException],Rate,2
06/06/2026 21:42:49,System.Runtime,dotnet.jit.compilation.time (s / 1 sec),Rate,0.012678799999999768
06/06/2026 21:42:49,System.Runtime,dotnet.jit.compiled_il.size (By / 1 sec),Rate,73
06/06/2026 21:42:49,System.Runtime,dotnet.process.memory.working_set (By),Metric,477626368
06/06/2026 21:42:49,System.Runtime,dotnet.jit.compiled_methods ({method} / 1 sec),Rate,2
06/06/2026 21:42:49,System.Runtime,dotnet.gc.last_collection.heap.size (By)[gc.heap.generation=loh],Metric,3819000
06/06/2026 21:42:49,System.Runtime,dotnet.gc.last_collection.heap.size (By)[gc.heap.generation=gen2],Metric,108939240
06/06/2026 21:42:49,System.Runtime,dotnet.gc.last_collection.heap.size (By)[gc.heap.generation=gen1],Metric,6755920
06/06/2026 21:42:49,System.Runtime,dotnet.gc.last_collection.heap.size (By)[gc.heap.generation=poh],Metric,187742080
06/06/2026 21:42:49,System.Runtime,dotnet.gc.last_collection.heap.size (By)[gc.heap.generation=gen0],Metric,0
06/06/2026 21:42:49,System.Runtime,dotnet.monitor.lock_contentions ({contention} / 1 sec),Rate,70
06/06/2026 21:42:49,System.Runtime,dotnet.process.cpu.time (s / 1 sec)[cpu.mode=system],Rate,0.1843950000000003
06/06/2026 21:42:49,System.Runtime,dotnet.process.cpu.time (s / 1 sec)[cpu.mode=user],Rate,0.46887999999999863
06/06/2026 21:42:49,System.Runtime,dotnet.thread_pool.thread.count ({thread} / 1 sec),Rate,0
06/06/2026 21:42:49,System.Runtime,dotnet.assembly.count ({assembly}),Metric,54
06/06/2026 21:42:49,System.Runtime,dotnet.thread_pool.work_item.count ({work_item} / 1 sec),Rate,17774
06/06/2026 21:42:49,System.Runtime,dotnet.gc.heap.total_allocated (By / 1 sec),Rate,4754512
06/06/2026 21:42:49,System.Runtime,dotnet.gc.last_collection.heap.fragmentation.size (By)[gc.heap.generation=loh],Metric,512
06/06/2026 21:42:49,System.Runtime,dotnet.gc.last_collection.heap.fragmentation.size (By)[gc.heap.generation=gen2],Metric,204152
06/06/2026 21:42:49,System.Runtime,dotnet.gc.last_collection.heap.fragmentation.size (By)[gc.heap.generation=gen1],Metric,91320
06/06/2026 21:42:49,System.Runtime,dotnet.gc.last_collection.heap.fragmentation.size (By)[gc.heap.generation=poh],Metric,0
06/06/2026 21:42:49,System.Runtime,dotnet.gc.last_collection.heap.fragmentation.size (By)[gc.heap.generation=gen0],Metric,0
06/06/2026 21:42:49,System.Runtime,dotnet.thread_pool.queue.length ({work_item} / 1 sec),Rate,591
06/06/2026 21:42:49,System.Runtime,dotnet.gc.last_collection.memory.committed_size (By),Metric,409731072
06/06/2026 21:42:49,System.Runtime,dotnet.process.cpu.count ({cpu}),Metric,4
06/06/2026 21:42:49,System.Runtime,dotnet.timer.count ({timer}),Metric,28
06/06/2026 21:42:49,System.Runtime,dotnet.gc.collections ({collection} / 1 sec)[gc.heap.generation=gen2],Rate,0
06/06/2026 21:42:49,System.Runtime,dotnet.gc.collections ({collection} / 1 sec)[gc.heap.generation=gen1],Rate,0
06/06/2026 21:42:49,System.Runtime,dotnet.gc.collections ({collection} / 1 sec)[gc.heap.generation=gen0],Rate,0
06/06/2026 21:42:49,System.Runtime,dotnet.gc.pause.time (s / 1 sec),Rate,0
06/06/2026 21:42:50,System.Runtime,dotnet.exceptions ({exception} / 1 sec)[error.type=SocketException],Rate,2
06/06/2026 21:42:50,System.Runtime,dotnet.exceptions ({exception} / 1 sec)[error.type=CachedInternalErrorException],Rate,0
06/06/2026 21:42:50,System.Runtime,dotnet.exceptions ({exception} / 1 sec)[error.type=CachedNetworkException],Rate,0
06/06/2026 21:42:50,System.Runtime,dotnet.jit.compilation.time (s / 1 sec),Rate,0.012180500000000372
06/06/2026 21:42:50,System.Runtime,dotnet.jit.compiled_il.size (By / 1 sec),Rate,1816
06/06/2026 21:42:50,System.Runtime,dotnet.process.memory.working_set (By),Metric,478674944
06/06/2026 21:42:50,System.Runtime,dotnet.jit.compiled_methods ({method} / 1 sec),Rate,48
06/06/2026 21:42:50,System.Runtime,dotnet.gc.last_collection.heap.size (By)[gc.heap.generation=loh],Metric,3819000
06/06/2026 21:42:50,System.Runtime,dotnet.gc.last_collection.heap.size (By)[gc.heap.generation=gen2],Metric,108939240
06/06/2026 21:42:50,System.Runtime,dotnet.gc.last_collection.heap.size (By)[gc.heap.generation=gen1],Metric,6755920
06/06/2026 21:42:50,System.Runtime,dotnet.gc.last_collection.heap.size (By)[gc.heap.generation=poh],Metric,187742080
06/06/2026 21:42:50,System.Runtime,dotnet.gc.last_collection.heap.size (By)[gc.heap.generation=gen0],Metric,0
06/06/2026 21:42:50,System.Runtime,dotnet.monitor.lock_contentions ({contention} / 1 sec),Rate,240
06/06/2026 21:42:50,System.Runtime,dotnet.process.cpu.time (s / 1 sec)[cpu.mode=system],Rate,0.6680779999999995
06/06/2026 21:42:50,System.Runtime,dotnet.process.cpu.time (s / 1 sec)[cpu.mode=user],Rate,2.198331000000003
06/06/2026 21:42:50,System.Runtime,dotnet.thread_pool.thread.count ({thread} / 1 sec),Rate,0
06/06/2026 21:42:50,System.Runtime,dotnet.assembly.count ({assembly}),Metric,54
06/06/2026 21:42:50,System.Runtime,dotnet.thread_pool.work_item.count ({work_item} / 1 sec),Rate,79712
06/06/2026 21:42:50,System.Runtime,dotnet.gc.heap.total_allocated (By / 1 sec),Rate,21235248
06/06/2026 21:42:50,System.Runtime,dotnet.gc.last_collection.heap.fragmentation.size (By)[gc.heap.generation=loh],Metric,512
06/06/2026 21:42:50,System.Runtime,dotnet.gc.last_collection.heap.fragmentation.size (By)[gc.heap.generation=gen2],Metric,204152
06/06/2026 21:42:50,System.Runtime,dotnet.gc.last_collection.heap.fragmentation.size (By)[gc.heap.generation=gen1],Metric,91320
06/06/2026 21:42:50,System.Runtime,dotnet.gc.last_collection.heap.fragmentation.size (By)[gc.heap.generation=poh],Metric,0
06/06/2026 21:42:50,System.Runtime,dotnet.gc.last_collection.heap.fragmentation.size (By)[gc.heap.generation=gen0],Metric,0
06/06/2026 21:42:50,System.Runtime,dotnet.thread_pool.queue.length ({work_item} / 1 sec),Rate,-591
06/06/2026 21:42:50,System.Runtime,dotnet.gc.last_collection.memory.committed_size (By),Metric,409731072
06/06/2026 21:42:50,System.Runtime,dotnet.process.cpu.count ({cpu}),Metric,4
06/06/2026 21:42:50,System.Runtime,dotnet.timer.count ({timer}),Metric,28
06/06/2026 21:42:50,System.Runtime,dotnet.gc.collections ({collection} / 1 sec)[gc.heap.generation=gen2],Rate,0
06/06/2026 21:42:50,System.Runtime,dotnet.gc.collections ({collection} / 1 sec)[gc.heap.generation=gen1],Rate,0
06/06/2026 21:42:50,System.Runtime,dotnet.gc.collections ({collection} / 1 sec)[gc.heap.generation=gen0],Rate,0
06/06/2026 21:42:50,System.Runtime,dotnet.gc.pause.time (s / 1 sec),Rate,0
06/06/2026 21:42:51,System.Runtime,dotnet.exceptions ({exception} / 1 sec)[error.type=SocketException],Rate,0
06/06/2026 21:42:51,System.Runtime,dotnet.exceptions ({exception} / 1 sec)[error.type=CachedInternalErrorException],Rate,0
06/06/2026 21:42:51,System.Runtime,dotnet.exceptions ({exception} / 1 sec)[error.type=CachedNetworkException],Rate,0
06/06/2026 21:42:51,System.Runtime,dotnet.jit.compilation.time (s / 1 sec),Rate,0
06/06/2026 21:42:51,System.Runtime,dotnet.jit.compiled_il.size (By / 1 sec),Rate,0
06/06/2026 21:42:51,System.Runtime,dotnet.process.memory.working_set (By),Metric,478674944
06/06/2026 21:42:51,System.Runtime,dotnet.jit.compiled_methods ({method} / 1 sec),Rate,0
06/06/2026 21:42:51,System.Runtime,dotnet.gc.last_collection.heap.size (By)[gc.heap.generation=loh],Metric,3819000
06/06/2026 21:42:51,System.Runtime,dotnet.gc.last_collection.heap.size (By)[gc.heap.generation=gen2],Metric,108939240
06/06/2026 21:42:51,System.Runtime,dotnet.gc.last_collection.heap.size (By)[gc.heap.generation=gen1],Metric,6755920
06/06/2026 21:42:51,System.Runtime,dotnet.gc.last_collection.heap.size (By)[gc.heap.generation=poh],Metric,187742080
06/06/2026 21:42:51,System.Runtime,dotnet.gc.last_collection.heap.size (By)[gc.heap.generation=gen0],Metric,0
06/06/2026 21:42:51,System.Runtime,dotnet.monitor.lock_contentions ({contention} / 1 sec),Rate,171
06/06/2026 21:42:51,System.Runtime,dotnet.process.cpu.time (s / 1 sec)[cpu.mode=system],Rate,0.8625130000000008
06/06/2026 21:42:51,System.Runtime,dotnet.process.cpu.time (s / 1 sec)[cpu.mode=user],Rate,2.3966879999999975
06/06/2026 21:42:51,System.Runtime,dotnet.thread_pool.thread.count ({thread} / 1 sec),Rate,0
06/06/2026 21:42:51,System.Runtime,dotnet.assembly.count ({assembly}),Metric,54
06/06/2026 21:42:51,System.Runtime,dotnet.thread_pool.work_item.count ({work_item} / 1 sec),Rate,88461
06/06/2026 21:42:51,System.Runtime,dotnet.gc.heap.total_allocated (By / 1 sec),Rate,22528696
06/06/2026 21:42:51,System.Runtime,dotnet.gc.last_collection.heap.fragmentation.size (By)[gc.heap.generation=loh],Metric,512
06/06/2026 21:42:51,System.Runtime,dotnet.gc.last_collection.heap.fragmentation.size (By)[gc.heap.generation=gen2],Metric,204152
06/06/2026 21:42:51,System.Runtime,dotnet.gc.last_collection.heap.fragmentation.size (By)[gc.heap.generation=gen1],Metric,91320
06/06/2026 21:42:51,System.Runtime,dotnet.gc.last_collection.heap.fragmentation.size (By)[gc.heap.generation=poh],Metric,0
06/06/2026 21:42:51,System.Runtime,dotnet.gc.last_collection.heap.fragmentation.size (By)[gc.heap.generation=gen0],Metric,0
06/06/2026 21:42:51,System.Runtime,dotnet.thread_pool.queue.length ({work_item} / 1 sec),Rate,3304
06/06/2026 21:42:51,System.Runtime,dotnet.gc.last_collection.memory.committed_size (By),Metric,409731072
06/06/2026 21:42:51,System.Runtime,dotnet.process.cpu.count ({cpu}),Metric,4
06/06/2026 21:42:51,System.Runtime,dotnet.timer.count ({timer}),Metric,12
06/06/2026 21:42:51,System.Runtime,dotnet.gc.collections ({collection} / 1 sec)[gc.heap.generation=gen2],Rate,0
06/06/2026 21:42:51,System.Runtime,dotnet.gc.collections ({collection} / 1 sec)[gc.heap.generation=gen1],Rate,0
06/06/2026 21:42:51,System.Runtime,dotnet.gc.collections ({collection} / 1 sec)[gc.heap.generation=gen0],Rate,0
06/06/2026 21:42:51,System.Runtime,dotnet.gc.pause.time (s / 1 sec),Rate,0
06/06/2026 21:42:52,System.Runtime,dotnet.exceptions ({exception} / 1 sec)[error.type=SocketException],Rate,0
06/06/2026 21:42:52,System.Runtime,dotnet.exceptions ({exception} / 1 sec)[error.type=CachedInternalErrorException],Rate,0
06/06/2026 21:42:52,System.Runtime,dotnet.exceptions ({exception} / 1 sec)[error.type=CachedNetworkException],Rate,0
06/06/2026 21:42:52,System.Runtime,dotnet.jit.compilation.time (s / 1 sec),Rate,0.0011748999999996457
06/06/2026 21:42:52,System.Runtime,dotnet.jit.compiled_il.size (By / 1 sec),Rate,144
06/06/2026 21:42:52,System.Runtime,dotnet.process.memory.working_set (By),Metric,478674944
06/06/2026 21:42:52,System.Runtime,dotnet.jit.compiled_methods ({method} / 1 sec),Rate,1
06/06/2026 21:42:52,System.Runtime,dotnet.gc.last_collection.heap.size (By)[gc.heap.generation=loh],Metric,3819000
06/06/2026 21:42:52,System.Runtime,dotnet.gc.last_collection.heap.size (By)[gc.heap.generation=gen2],Metric,108939240
06/06/2026 21:42:52,System.Runtime,dotnet.gc.last_collection.heap.size (By)[gc.heap.generation=gen1],Metric,6755920
06/06/2026 21:42:52,System.Runtime,dotnet.gc.last_collection.heap.size (By)[gc.heap.generation=poh],Metric,187742080
06/06/2026 21:42:52,System.Runtime,dotnet.gc.last_collection.heap.size (By)[gc.heap.generation=gen0],Metric,0
06/06/2026 21:42:52,System.Runtime,dotnet.monitor.lock_contentions ({contention} / 1 sec),Rate,179
06/06/2026 21:42:52,System.Runtime,dotnet.process.cpu.time (s / 1 sec)[cpu.mode=system],Rate,0.873149999999999
06/06/2026 21:42:52,System.Runtime,dotnet.process.cpu.time (s / 1 sec)[cpu.mode=user],Rate,2.850225000000002
06/06/2026 21:42:52,System.Runtime,dotnet.thread_pool.thread.count ({thread} / 1 sec),Rate,0
06/06/2026 21:42:52,System.Runtime,dotnet.assembly.count ({assembly}),Metric,54
06/06/2026 21:42:52,System.Runtime,dotnet.thread_pool.work_item.count ({work_item} / 1 sec),Rate,88924
06/06/2026 21:42:52,System.Runtime,dotnet.gc.heap.total_allocated (By / 1 sec),Rate,21938424
06/06/2026 21:42:52,System.Runtime,dotnet.gc.last_collection.heap.fragmentation.size (By)[gc.heap.generation=loh],Metric,512
06/06/2026 21:42:52,System.Runtime,dotnet.gc.last_collection.heap.fragmentation.size (By)[gc.heap.generation=gen2],Metric,204152
06/06/2026 21:42:52,System.Runtime,dotnet.gc.last_collection.heap.fragmentation.size (By)[gc.heap.generation=gen1],Metric,91320
06/06/2026 21:42:52,System.Runtime,dotnet.gc.last_collection.heap.fragmentation.size (By)[gc.heap.generation=poh],Metric,0
06/06/2026 21:42:52,System.Runtime,dotnet.gc.last_collection.heap.fragmentation.size (By)[gc.heap.generation=gen0],Metric,0
06/06/2026 21:42:52,System.Runtime,dotnet.thread_pool.queue.length ({work_item} / 1 sec),Rate,-2727
06/06/2026 21:42:52,System.Runtime,dotnet.gc.last_collection.memory.committed_size (By),Metric,409731072
06/06/2026 21:42:52,System.Runtime,dotnet.process.cpu.count ({cpu}),Metric,4
06/06/2026 21:42:52,System.Runtime,dotnet.timer.count ({timer}),Metric,27
06/06/2026 21:42:52,System.Runtime,dotnet.gc.collections ({collection} / 1 sec)[gc.heap.generation=gen2],Rate,0
06/06/2026 21:42:52,System.Runtime,dotnet.gc.collections ({collection} / 1 sec)[gc.heap.generation=gen1],Rate,0
06/06/2026 21:42:52,System.Runtime,dotnet.gc.collections ({collection} / 1 sec)[gc.heap.generation=gen0],Rate,0
06/06/2026 21:42:52,System.Runtime,dotnet.gc.pause.time (s / 1 sec),Rate,0
06/06/2026 21:42:53,System.Runtime,dotnet.exceptions ({exception} / 1 sec)[error.type=SocketException],Rate,0
06/06/2026 21:42:53,System.Runtime,dotnet.exceptions ({exception} / 1 sec)[error.type=CachedInternalErrorException],Rate,0
06/06/2026 21:42:53,System.Runtime,dotnet.exceptions ({exception} / 1 sec)[error.type=CachedNetworkException],Rate,0
06/06/2026 21:42:53,System.Runtime,dotnet.jit.compilation.time (s / 1 sec),Rate,0.014000900000000094
06/06/2026 21:42:53,System.Runtime,dotnet.jit.compiled_il.size (By / 1 sec),Rate,340
06/06/2026 21:42:53,System.Runtime,dotnet.process.memory.working_set (By),Metric,478674944
06/06/2026 21:42:53,System.Runtime,dotnet.jit.compiled_methods ({method} / 1 sec),Rate,13
06/06/2026 21:42:53,System.Runtime,dotnet.gc.last_collection.heap.size (By)[gc.heap.generation=loh],Metric,3819000
06/06/2026 21:42:53,System.Runtime,dotnet.gc.last_collection.heap.size (By)[gc.heap.generation=gen2],Metric,108939240
06/06/2026 21:42:53,System.Runtime,dotnet.gc.last_collection.heap.size (By)[gc.heap.generation=gen1],Metric,7112032
06/06/2026 21:42:53,System.Runtime,dotnet.gc.last_collection.heap.size (By)[gc.heap.generation=poh],Metric,187742080
06/06/2026 21:42:53,System.Runtime,dotnet.gc.last_collection.heap.size (By)[gc.heap.generation=gen0],Metric,0
06/06/2026 21:42:53,System.Runtime,dotnet.monitor.lock_contentions ({contention} / 1 sec),Rate,162
06/06/2026 21:42:53,System.Runtime,dotnet.process.cpu.time (s / 1 sec)[cpu.mode=system],Rate,0.7150050000000014
06/06/2026 21:42:53,System.Runtime,dotnet.process.cpu.time (s / 1 sec)[cpu.mode=user],Rate,2.037397999999996
06/06/2026 21:42:53,System.Runtime,dotnet.thread_pool.thread.count ({thread} / 1 sec),Rate,0
06/06/2026 21:42:53,System.Runtime,dotnet.assembly.count ({assembly}),Metric,54
06/06/2026 21:42:53,System.Runtime,dotnet.thread_pool.work_item.count ({work_item} / 1 sec),Rate,66983
06/06/2026 21:42:53,System.Runtime,dotnet.gc.heap.total_allocated (By / 1 sec),Rate,16706400
06/06/2026 21:42:53,System.Runtime,dotnet.gc.last_collection.heap.fragmentation.size (By)[gc.heap.generation=loh],Metric,512
06/06/2026 21:42:53,System.Runtime,dotnet.gc.last_collection.heap.fragmentation.size (By)[gc.heap.generation=gen2],Metric,204152
06/06/2026 21:42:53,System.Runtime,dotnet.gc.last_collection.heap.fragmentation.size (By)[gc.heap.generation=gen1],Metric,96648
06/06/2026 21:42:53,System.Runtime,dotnet.gc.last_collection.heap.fragmentation.size (By)[gc.heap.generation=poh],Metric,0
06/06/2026 21:42:53,System.Runtime,dotnet.gc.last_collection.heap.fragmentation.size (By)[gc.heap.generation=gen0],Metric,0
06/06/2026 21:42:53,System.Runtime,dotnet.thread_pool.queue.length ({work_item} / 1 sec),Rate,-577
06/06/2026 21:42:53,System.Runtime,dotnet.gc.last_collection.memory.committed_size (By),Metric,409731072
06/06/2026 21:42:53,System.Runtime,dotnet.process.cpu.count ({cpu}),Metric,4
06/06/2026 21:42:53,System.Runtime,dotnet.timer.count ({timer}),Metric,28
06/06/2026 21:42:53,System.Runtime,dotnet.gc.collections ({collection} / 1 sec)[gc.heap.generation=gen2],Rate,0
06/06/2026 21:42:53,System.Runtime,dotnet.gc.collections ({collection} / 1 sec)[gc.heap.generation=gen1],Rate,0
06/06/2026 21:42:53,System.Runtime,dotnet.gc.collections ({collection} / 1 sec)[gc.heap.generation=gen0],Rate,1
06/06/2026 21:42:53,System.Runtime,dotnet.gc.pause.time (s / 1 sec),Rate,0.017616000000000076
06/06/2026 21:42:54,System.Runtime,dotnet.exceptions ({exception} / 1 sec)[error.type=SocketException],Rate,0
06/06/2026 21:42:54,System.Runtime,dotnet.exceptions ({exception} / 1 sec)[error.type=CachedInternalErrorException],Rate,0
06/06/2026 21:42:54,System.Runtime,dotnet.exceptions ({exception} / 1 sec)[error.type=CachedNetworkException],Rate,20000
06/06/2026 21:42:54,System.Runtime,dotnet.jit.compilation.time (s / 1 sec),Rate,0.032062200000000374
06/06/2026 21:42:54,System.Runtime,dotnet.jit.compiled_il.size (By / 1 sec),Rate,1836
06/06/2026 21:42:54,System.Runtime,dotnet.process.memory.working_set (By),Metric,478674944
06/06/2026 21:42:54,System.Runtime,dotnet.jit.compiled_methods ({method} / 1 sec),Rate,18
06/06/2026 21:42:54,System.Runtime,dotnet.gc.last_collection.heap.size (By)[gc.heap.generation=loh],Metric,3819000
06/06/2026 21:42:54,System.Runtime,dotnet.gc.last_collection.heap.size (By)[gc.heap.generation=gen2],Metric,108939240
06/06/2026 21:42:54,System.Runtime,dotnet.gc.last_collection.heap.size (By)[gc.heap.generation=gen1],Metric,7112032
06/06/2026 21:42:54,System.Runtime,dotnet.gc.last_collection.heap.size (By)[gc.heap.generation=poh],Metric,187742080
06/06/2026 21:42:54,System.Runtime,dotnet.gc.last_collection.heap.size (By)[gc.heap.generation=gen0],Metric,0
06/06/2026 21:42:54,System.Runtime,dotnet.monitor.lock_contentions ({contention} / 1 sec),Rate,61
06/06/2026 21:42:54,System.Runtime,dotnet.process.cpu.time (s / 1 sec)[cpu.mode=system],Rate,0.40036699999999925
06/06/2026 21:42:54,System.Runtime,dotnet.process.cpu.time (s / 1 sec)[cpu.mode=user],Rate,0.6885320000000021
06/06/2026 21:42:54,System.Runtime,dotnet.thread_pool.thread.count ({thread} / 1 sec),Rate,0
06/06/2026 21:42:54,System.Runtime,dotnet.assembly.count ({assembly}),Metric,54
06/06/2026 21:42:54,System.Runtime,dotnet.thread_pool.work_item.count ({work_item} / 1 sec),Rate,33603
06/06/2026 21:42:54,System.Runtime,dotnet.gc.heap.total_allocated (By / 1 sec),Rate,42128080
06/06/2026 21:42:54,System.Runtime,dotnet.gc.last_collection.heap.fragmentation.size (By)[gc.heap.generation=loh],Metric,512
06/06/2026 21:42:54,System.Runtime,dotnet.gc.last_collection.heap.fragmentation.size (By)[gc.heap.generation=gen2],Metric,204152
06/06/2026 21:42:54,System.Runtime,dotnet.gc.last_collection.heap.fragmentation.size (By)[gc.heap.generation=gen1],Metric,96648
06/06/2026 21:42:54,System.Runtime,dotnet.gc.last_collection.heap.fragmentation.size (By)[gc.heap.generation=poh],Metric,0
06/06/2026 21:42:54,System.Runtime,dotnet.gc.last_collection.heap.fragmentation.size (By)[gc.heap.generation=gen0],Metric,0
06/06/2026 21:42:54,System.Runtime,dotnet.thread_pool.queue.length ({work_item} / 1 sec),Rate,0
06/06/2026 21:42:54,System.Runtime,dotnet.gc.last_collection.memory.committed_size (By),Metric,409731072
06/06/2026 21:42:54,System.Runtime,dotnet.process.cpu.count ({cpu}),Metric,4
06/06/2026 21:42:54,System.Runtime,dotnet.timer.count ({timer}),Metric,28
06/06/2026 21:42:54,System.Runtime,dotnet.gc.collections ({collection} / 1 sec)[gc.heap.generation=gen2],Rate,0
06/06/2026 21:42:54,System.Runtime,dotnet.gc.collections ({collection} / 1 sec)[gc.heap.generation=gen1],Rate,0
06/06/2026 21:42:54,System.Runtime,dotnet.gc.collections ({collection} / 1 sec)[gc.heap.generation=gen0],Rate,0
06/06/2026 21:42:54,System.Runtime,dotnet.gc.pause.time (s / 1 sec),Rate,0
06/06/2026 21:42:55,System.Runtime,dotnet.exceptions ({exception} / 1 sec)[error.type=SocketException],Rate,0
06/06/2026 21:42:55,System.Runtime,dotnet.exceptions ({exception} / 1 sec)[error.type=CachedInternalErrorException],Rate,0
06/06/2026 21:42:55,System.Runtime,dotnet.exceptions ({exception} / 1 sec)[error.type=CachedNetworkException],Rate,0
06/06/2026 21:42:55,System.Runtime,dotnet.jit.compilation.time (s / 1 sec),Rate,0.018218699999999366
06/06/2026 21:42:55,System.Runtime,dotnet.jit.compiled_il.size (By / 1 sec),Rate,1956
06/06/2026 21:42:55,System.Runtime,dotnet.process.memory.working_set (By),Metric,479199232
06/06/2026 21:42:55,System.Runtime,dotnet.jit.compiled_methods ({method} / 1 sec),Rate,51
06/06/2026 21:42:55,System.Runtime,dotnet.gc.last_collection.heap.size (By)[gc.heap.generation=loh],Metric,3819000
06/06/2026 21:42:55,System.Runtime,dotnet.gc.last_collection.heap.size (By)[gc.heap.generation=gen2],Metric,108939240
06/06/2026 21:42:55,System.Runtime,dotnet.gc.last_collection.heap.size (By)[gc.heap.generation=gen1],Metric,7112032
06/06/2026 21:42:55,System.Runtime,dotnet.gc.last_collection.heap.size (By)[gc.heap.generation=poh],Metric,187742080
06/06/2026 21:42:55,System.Runtime,dotnet.gc.last_collection.heap.size (By)[gc.heap.generation=gen0],Metric,0
06/06/2026 21:42:55,System.Runtime,dotnet.monitor.lock_contentions ({contention} / 1 sec),Rate,21
06/06/2026 21:42:55,System.Runtime,dotnet.process.cpu.time (s / 1 sec)[cpu.mode=system],Rate,0.005076000000000747
06/06/2026 21:42:55,System.Runtime,dotnet.process.cpu.time (s / 1 sec)[cpu.mode=user],Rate,0.024923999999998614
06/06/2026 21:42:55,System.Runtime,dotnet.thread_pool.thread.count ({thread} / 1 sec),Rate,0
06/06/2026 21:42:55,System.Runtime,dotnet.assembly.count ({assembly}),Metric,54
06/06/2026 21:42:55,System.Runtime,dotnet.thread_pool.work_item.count ({work_item} / 1 sec),Rate,332
06/06/2026 21:42:55,System.Runtime,dotnet.gc.heap.total_allocated (By / 1 sec),Rate,311072
06/06/2026 21:42:55,System.Runtime,dotnet.gc.last_collection.heap.fragmentation.size (By)[gc.heap.generation=loh],Metric,512
06/06/2026 21:42:55,System.Runtime,dotnet.gc.last_collection.heap.fragmentation.size (By)[gc.heap.generation=gen2],Metric,204152
06/06/2026 21:42:55,System.Runtime,dotnet.gc.last_collection.heap.fragmentation.size (By)[gc.heap.generation=gen1],Metric,96648
06/06/2026 21:42:55,System.Runtime,dotnet.gc.last_collection.heap.fragmentation.size (By)[gc.heap.generation=poh],Metric,0
06/06/2026 21:42:55,System.Runtime,dotnet.gc.last_collection.heap.fragmentation.size (By)[gc.heap.generation=gen0],Metric,0
06/06/2026 21:42:55,System.Runtime,dotnet.thread_pool.queue.length ({work_item} / 1 sec),Rate,0
06/06/2026 21:42:55,System.Runtime,dotnet.gc.last_collection.memory.committed_size (By),Metric,409731072
06/06/2026 21:42:55,System.Runtime,dotnet.process.cpu.count ({cpu}),Metric,4
06/06/2026 21:42:55,System.Runtime,dotnet.timer.count ({timer}),Metric,28
06/06/2026 21:42:55,System.Runtime,dotnet.gc.collections ({collection} / 1 sec)[gc.heap.generation=gen2],Rate,0
06/06/2026 21:42:55,System.Runtime,dotnet.gc.collections ({collection} / 1 sec)[gc.heap.generation=gen1],Rate,0
06/06/2026 21:42:55,System.Runtime,dotnet.gc.collections ({collection} / 1 sec)[gc.heap.generation=gen0],Rate,0
06/06/2026 21:42:55,System.Runtime,dotnet.gc.pause.time (s / 1 sec),Rate,0
06/06/2026 21:42:56,System.Runtime,dotnet.exceptions ({exception} / 1 sec)[error.type=SocketException],Rate,0
06/06/2026 21:42:56,System.Runtime,dotnet.exceptions ({exception} / 1 sec)[error.type=CachedInternalErrorException],Rate,0
06/06/2026 21:42:56,System.Runtime,dotnet.exceptions ({exception} / 1 sec)[error.type=CachedNetworkException],Rate,0
06/06/2026 21:42:56,System.Runtime,dotnet.jit.compilation.time (s / 1 sec),Rate,0
06/06/2026 21:42:56,System.Runtime,dotnet.jit.compiled_il.size (By / 1 sec),Rate,0
06/06/2026 21:42:56,System.Runtime,dotnet.process.memory.working_set (By),Metric,479723520
06/06/2026 21:42:56,System.Runtime,dotnet.jit.compiled_methods ({method} / 1 sec),Rate,0
06/06/2026 21:42:56,System.Runtime,dotnet.gc.last_collection.heap.size (By)[gc.heap.generation=loh],Metric,3819000
06/06/2026 21:42:56,System.Runtime,dotnet.gc.last_collection.heap.size (By)[gc.heap.generation=gen2],Metric,108939240
06/06/2026 21:42:56,System.Runtime,dotnet.gc.last_collection.heap.size (By)[gc.heap.generation=gen1],Metric,7112032
06/06/2026 21:42:56,System.Runtime,dotnet.gc.last_collection.heap.size (By)[gc.heap.generation=poh],Metric,187742080
06/06/2026 21:42:56,System.Runtime,dotnet.gc.last_collection.heap.size (By)[gc.heap.generation=gen0],Metric,0
06/06/2026 21:42:56,System.Runtime,dotnet.monitor.lock_contentions ({contention} / 1 sec),Rate,3
06/06/2026 21:42:56,System.Runtime,dotnet.process.cpu.time (s / 1 sec)[cpu.mode=system],Rate,0.0007369999999990995
06/06/2026 21:42:56,System.Runtime,dotnet.process.cpu.time (s / 1 sec)[cpu.mode=user],Rate,0.00785499999999928
06/06/2026 21:42:56,System.Runtime,dotnet.thread_pool.thread.count ({thread} / 1 sec),Rate,0
06/06/2026 21:42:56,System.Runtime,dotnet.assembly.count ({assembly}),Metric,54
06/06/2026 21:42:56,System.Runtime,dotnet.thread_pool.work_item.count ({work_item} / 1 sec),Rate,311
06/06/2026 21:42:56,System.Runtime,dotnet.gc.heap.total_allocated (By / 1 sec),Rate,286904
06/06/2026 21:42:56,System.Runtime,dotnet.gc.last_collection.heap.fragmentation.size (By)[gc.heap.generation=loh],Metric,512
06/06/2026 21:42:56,System.Runtime,dotnet.gc.last_collection.heap.fragmentation.size (By)[gc.heap.generation=gen2],Metric,204152
06/06/2026 21:42:56,System.Runtime,dotnet.gc.last_collection.heap.fragmentation.size (By)[gc.heap.generation=gen1],Metric,96648
06/06/2026 21:42:56,System.Runtime,dotnet.gc.last_collection.heap.fragmentation.size (By)[gc.heap.generation=poh],Metric,0
06/06/2026 21:42:56,System.Runtime,dotnet.gc.last_collection.heap.fragmentation.size (By)[gc.heap.generation=gen0],Metric,0
06/06/2026 21:42:56,System.Runtime,dotnet.thread_pool.queue.length ({work_item} / 1 sec),Rate,0
06/06/2026 21:42:56,System.Runtime,dotnet.gc.last_collection.memory.committed_size (By),Metric,409731072
06/06/2026 21:42:56,System.Runtime,dotnet.process.cpu.count ({cpu}),Metric,4
06/06/2026 21:42:56,System.Runtime,dotnet.timer.count ({timer}),Metric,28
06/06/2026 21:42:56,System.Runtime,dotnet.gc.collections ({collection} / 1 sec)[gc.heap.generation=gen2],Rate,0
06/06/2026 21:42:56,System.Runtime,dotnet.gc.collections ({collection} / 1 sec)[gc.heap.generation=gen1],Rate,0
06/06/2026 21:42:56,System.Runtime,dotnet.gc.collections ({collection} / 1 sec)[gc.heap.generation=gen0],Rate,0
06/06/2026 21:42:56,System.Runtime,dotnet.gc.pause.time (s / 1 sec),Rate,0
06/06/2026 21:42:57,System.Runtime,dotnet.exceptions ({exception} / 1 sec)[error.type=SocketException],Rate,0
06/06/2026 21:42:57,System.Runtime,dotnet.exceptions ({exception} / 1 sec)[error.type=CachedInternalErrorException],Rate,0
06/06/2026 21:42:57,System.Runtime,dotnet.exceptions ({exception} / 1 sec)[error.type=CachedNetworkException],Rate,0
06/06/2026 21:42:57,System.Runtime,dotnet.jit.compilation.time (s / 1 sec),Rate,0
06/06/2026 21:42:57,System.Runtime,dotnet.jit.compiled_il.size (By / 1 sec),Rate,0
06/06/2026 21:42:57,System.Runtime,dotnet.process.memory.working_set (By),Metric,479723520
06/06/2026 21:42:57,System.Runtime,dotnet.jit.compiled_methods ({method} / 1 sec),Rate,0
06/06/2026 21:42:57,System.Runtime,dotnet.gc.last_collection.heap.size (By)[gc.heap.generation=loh],Metric,3819000
06/06/2026 21:42:57,System.Runtime,dotnet.gc.last_collection.heap.size (By)[gc.heap.generation=gen2],Metric,108939240
06/06/2026 21:42:57,System.Runtime,dotnet.gc.last_collection.heap.size (By)[gc.heap.generation=gen1],Metric,7112032
06/06/2026 21:42:57,System.Runtime,dotnet.gc.last_collection.heap.size (By)[gc.heap.generation=poh],Metric,187742080
06/06/2026 21:42:57,System.Runtime,dotnet.gc.last_collection.heap.size (By)[gc.heap.generation=gen0],Metric,0
06/06/2026 21:42:57,System.Runtime,dotnet.monitor.lock_contentions ({contention} / 1 sec),Rate,14
06/06/2026 21:42:57,System.Runtime,dotnet.process.cpu.time (s / 1 sec)[cpu.mode=system],Rate,0.0008060000000007506
06/06/2026 21:42:57,System.Runtime,dotnet.process.cpu.time (s / 1 sec)[cpu.mode=user],Rate,0.007256000000005258
06/06/2026 21:42:57,System.Runtime,dotnet.thread_pool.thread.count ({thread} / 1 sec),Rate,0
06/06/2026 21:42:57,System.Runtime,dotnet.assembly.count ({assembly}),Metric,54
06/06/2026 21:42:57,System.Runtime,dotnet.thread_pool.work_item.count ({work_item} / 1 sec),Rate,313
06/06/2026 21:42:57,System.Runtime,dotnet.gc.heap.total_allocated (By / 1 sec),Rate,286760
06/06/2026 21:42:57,System.Runtime,dotnet.gc.last_collection.heap.fragmentation.size (By)[gc.heap.generation=loh],Metric,512
06/06/2026 21:42:57,System.Runtime,dotnet.gc.last_collection.heap.fragmentation.size (By)[gc.heap.generation=gen2],Metric,204152
06/06/2026 21:42:57,System.Runtime,dotnet.gc.last_collection.heap.fragmentation.size (By)[gc.heap.generation=gen1],Metric,96648
06/06/2026 21:42:57,System.Runtime,dotnet.gc.last_collection.heap.fragmentation.size (By)[gc.heap.generation=poh],Metric,0
06/06/2026 21:42:57,System.Runtime,dotnet.gc.last_collection.heap.fragmentation.size (By)[gc.heap.generation=gen0],Metric,0
06/06/2026 21:42:57,System.Runtime,dotnet.thread_pool.queue.length ({work_item} / 1 sec),Rate,0
06/06/2026 21:42:57,System.Runtime,dotnet.gc.last_collection.memory.committed_size (By),Metric,409731072
06/06/2026 21:42:57,System.Runtime,dotnet.process.cpu.count ({cpu}),Metric,4
06/06/2026 21:42:57,System.Runtime,dotnet.timer.count ({timer}),Metric,28
06/06/2026 21:42:57,System.Runtime,dotnet.gc.collections ({collection} / 1 sec)[gc.heap.generation=gen2],Rate,0
06/06/2026 21:42:57,System.Runtime,dotnet.gc.collections ({collection} / 1 sec)[gc.heap.generation=gen1],Rate,0
06/06/2026 21:42:57,System.Runtime,dotnet.gc.collections ({collection} / 1 sec)[gc.heap.generation=gen0],Rate,0
06/06/2026 21:42:57,System.Runtime,dotnet.gc.pause.time (s / 1 sec),Rate,0
06/06/2026 21:42:58,System.Runtime,dotnet.exceptions ({exception} / 1 sec)[error.type=SocketException],Rate,0
06/06/2026 21:42:58,System.Runtime,dotnet.exceptions ({exception} / 1 sec)[error.type=CachedInternalErrorException],Rate,0
06/06/2026 21:42:58,System.Runtime,dotnet.exceptions ({exception} / 1 sec)[error.type=CachedNetworkException],Rate,0
06/06/2026 21:42:58,System.Runtime,dotnet.jit.compilation.time (s / 1 sec),Rate,0
06/06/2026 21:42:58,System.Runtime,dotnet.jit.compiled_il.size (By / 1 sec),Rate,0
06/06/2026 21:42:58,System.Runtime,dotnet.process.memory.working_set (By),Metric,479723520
06/06/2026 21:42:58,System.Runtime,dotnet.jit.compiled_methods ({method} / 1 sec),Rate,0
06/06/2026 21:42:58,System.Runtime,dotnet.gc.last_collection.heap.size (By)[gc.heap.generation=loh],Metric,3819000
06/06/2026 21:42:58,System.Runtime,dotnet.gc.last_collection.heap.size (By)[gc.heap.generation=gen2],Metric,108939240
06/06/2026 21:42:58,System.Runtime,dotnet.gc.last_collection.heap.size (By)[gc.heap.generation=gen1],Metric,7112032
06/06/2026 21:42:58,System.Runtime,dotnet.gc.last_collection.heap.size (By)[gc.heap.generation=poh],Metric,187742080
06/06/2026 21:42:58,System.Runtime,dotnet.gc.last_collection.heap.size (By)[gc.heap.generation=gen0],Metric,0
06/06/2026 21:42:58,System.Runtime,dotnet.monitor.lock_contentions ({contention} / 1 sec),Rate,11
06/06/2026 21:42:58,System.Runtime,dotnet.process.cpu.time (s / 1 sec)[cpu.mode=system],Rate,0.0006669999999999732
06/06/2026 21:42:58,System.Runtime,dotnet.process.cpu.time (s / 1 sec)[cpu.mode=user],Rate,0.007480000000001041
06/06/2026 21:42:58,System.Runtime,dotnet.thread_pool.thread.count ({thread} / 1 sec),Rate,0
06/06/2026 21:42:58,System.Runtime,dotnet.assembly.count ({assembly}),Metric,54
06/06/2026 21:42:58,System.Runtime,dotnet.thread_pool.work_item.count ({work_item} / 1 sec),Rate,313
06/06/2026 21:42:58,System.Runtime,dotnet.gc.heap.total_allocated (By / 1 sec),Rate,278024
06/06/2026 21:42:58,System.Runtime,dotnet.gc.last_collection.heap.fragmentation.size (By)[gc.heap.generation=loh],Metric,512
06/06/2026 21:42:58,System.Runtime,dotnet.gc.last_collection.heap.fragmentation.size (By)[gc.heap.generation=gen2],Metric,204152
06/06/2026 21:42:58,System.Runtime,dotnet.gc.last_collection.heap.fragmentation.size (By)[gc.heap.generation=gen1],Metric,96648
06/06/2026 21:42:58,System.Runtime,dotnet.gc.last_collection.heap.fragmentation.size (By)[gc.heap.generation=poh],Metric,0
06/06/2026 21:42:58,System.Runtime,dotnet.gc.last_collection.heap.fragmentation.size (By)[gc.heap.generation=gen0],Metric,0
06/06/2026 21:42:58,System.Runtime,dotnet.thread_pool.queue.length ({work_item} / 1 sec),Rate,0
06/06/2026 21:42:58,System.Runtime,dotnet.gc.last_collection.memory.committed_size (By),Metric,409731072
06/06/2026 21:42:58,System.Runtime,dotnet.process.cpu.count ({cpu}),Metric,4
06/06/2026 21:42:58,System.Runtime,dotnet.timer.count ({timer}),Metric,28
06/06/2026 21:42:58,System.Runtime,dotnet.gc.collections ({collection} / 1 sec)[gc.heap.generation=gen2],Rate,0
06/06/2026 21:42:58,System.Runtime,dotnet.gc.collections ({collection} / 1 sec)[gc.heap.generation=gen1],Rate,0
06/06/2026 21:42:58,System.Runtime,dotnet.gc.collections ({collection} / 1 sec)[gc.heap.generation=gen0],Rate,0
06/06/2026 21:42:58,System.Runtime,dotnet.gc.pause.time (s / 1 sec),Rate,0
06/06/2026 21:42:59,System.Runtime,dotnet.exceptions ({exception} / 1 sec)[error.type=SocketException],Rate,0
06/06/2026 21:42:59,System.Runtime,dotnet.exceptions ({exception} / 1 sec)[error.type=CachedInternalErrorException],Rate,0
06/06/2026 21:42:59,System.Runtime,dotnet.exceptions ({exception} / 1 sec)[error.type=CachedNetworkException],Rate,0
06/06/2026 21:42:59,System.Runtime,dotnet.jit.compilation.time (s / 1 sec),Rate,0
06/06/2026 21:42:59,System.Runtime,dotnet.jit.compiled_il.size (By / 1 sec),Rate,0
06/06/2026 21:42:59,System.Runtime,dotnet.process.memory.working_set (By),Metric,479723520
06/06/2026 21:42:59,System.Runtime,dotnet.jit.compiled_methods ({method} / 1 sec),Rate,0
06/06/2026 21:42:59,System.Runtime,dotnet.gc.last_collection.heap.size (By)[gc.heap.generation=loh],Metric,3819000
06/06/2026 21:42:59,System.Runtime,dotnet.gc.last_collection.heap.size (By)[gc.heap.generation=gen2],Metric,108939240
06/06/2026 21:42:59,System.Runtime,dotnet.gc.last_collection.heap.size (By)[gc.heap.generation=gen1],Metric,7112032
06/06/2026 21:42:59,System.Runtime,dotnet.gc.last_collection.heap.size (By)[gc.heap.generation=poh],Metric,187742080
06/06/2026 21:42:59,System.Runtime,dotnet.gc.last_collection.heap.size (By)[gc.heap.generation=gen0],Metric,0
06/06/2026 21:42:59,System.Runtime,dotnet.monitor.lock_contentions ({contention} / 1 sec),Rate,20
06/06/2026 21:42:59,System.Runtime,dotnet.process.cpu.time (s / 1 sec)[cpu.mode=system],Rate,0.000850999999999047
06/06/2026 21:42:59,System.Runtime,dotnet.process.cpu.time (s / 1 sec)[cpu.mode=user],Rate,0.007519999999999527
06/06/2026 21:42:59,System.Runtime,dotnet.thread_pool.thread.count ({thread} / 1 sec),Rate,0
06/06/2026 21:42:59,System.Runtime,dotnet.assembly.count ({assembly}),Metric,54
06/06/2026 21:42:59,System.Runtime,dotnet.thread_pool.work_item.count ({work_item} / 1 sec),Rate,314
06/06/2026 21:42:59,System.Runtime,dotnet.gc.heap.total_allocated (By / 1 sec),Rate,302768
06/06/2026 21:42:59,System.Runtime,dotnet.gc.last_collection.heap.fragmentation.size (By)[gc.heap.generation=loh],Metric,512
06/06/2026 21:42:59,System.Runtime,dotnet.gc.last_collection.heap.fragmentation.size (By)[gc.heap.generation=gen2],Metric,204152
06/06/2026 21:42:59,System.Runtime,dotnet.gc.last_collection.heap.fragmentation.size (By)[gc.heap.generation=gen1],Metric,96648
06/06/2026 21:42:59,System.Runtime,dotnet.gc.last_collection.heap.fragmentation.size (By)[gc.heap.generation=poh],Metric,0
06/06/2026 21:42:59,System.Runtime,dotnet.gc.last_collection.heap.fragmentation.size (By)[gc.heap.generation=gen0],Metric,0
06/06/2026 21:42:59,System.Runtime,dotnet.thread_pool.queue.length ({work_item} / 1 sec),Rate,0
06/06/2026 21:42:59,System.Runtime,dotnet.gc.last_collection.memory.committed_size (By),Metric,409731072
06/06/2026 21:42:59,System.Runtime,dotnet.process.cpu.count ({cpu}),Metric,4
06/06/2026 21:42:59,System.Runtime,dotnet.timer.count ({timer}),Metric,28
06/06/2026 21:42:59,System.Runtime,dotnet.gc.collections ({collection} / 1 sec)[gc.heap.generation=gen2],Rate,0
06/06/2026 21:42:59,System.Runtime,dotnet.gc.collections ({collection} / 1 sec)[gc.heap.generation=gen1],Rate,0
06/06/2026 21:42:59,System.Runtime,dotnet.gc.collections ({collection} / 1 sec)[gc.heap.generation=gen0],Rate,0
06/06/2026 21:42:59,System.Runtime,dotnet.gc.pause.time (s / 1 sec),Rate,0
06/06/2026 21:43:00,System.Runtime,dotnet.exceptions ({exception} / 1 sec)[error.type=SocketException],Rate,0
06/06/2026 21:43:00,System.Runtime,dotnet.exceptions ({exception} / 1 sec)[error.type=CachedInternalErrorException],Rate,0
06/06/2026 21:43:00,System.Runtime,dotnet.exceptions ({exception} / 1 sec)[error.type=CachedNetworkException],Rate,0
06/06/2026 21:43:00,System.Runtime,dotnet.jit.compilation.time (s / 1 sec),Rate,0
06/06/2026 21:43:00,System.Runtime,dotnet.jit.compiled_il.size (By / 1 sec),Rate,0
06/06/2026 21:43:00,System.Runtime,dotnet.process.memory.working_set (By),Metric,479723520
06/06/2026 21:43:00,System.Runtime,dotnet.jit.compiled_methods ({method} / 1 sec),Rate,0
06/06/2026 21:43:00,System.Runtime,dotnet.gc.last_collection.heap.size (By)[gc.heap.generation=loh],Metric,3819000
06/06/2026 21:43:00,System.Runtime,dotnet.gc.last_collection.heap.size (By)[gc.heap.generation=gen2],Metric,108939240
06/06/2026 21:43:00,System.Runtime,dotnet.gc.last_collection.heap.size (By)[gc.heap.generation=gen1],Metric,7112032
06/06/2026 21:43:00,System.Runtime,dotnet.gc.last_collection.heap.size (By)[gc.heap.generation=poh],Metric,187742080
06/06/2026 21:43:00,System.Runtime,dotnet.gc.last_collection.heap.size (By)[gc.heap.generation=gen0],Metric,0
06/06/2026 21:43:00,System.Runtime,dotnet.monitor.lock_contentions ({contention} / 1 sec),Rate,9
06/06/2026 21:43:00,System.Runtime,dotnet.process.cpu.time (s / 1 sec)[cpu.mode=system],Rate,0.0019710000000010552
06/06/2026 21:43:00,System.Runtime,dotnet.process.cpu.time (s / 1 sec)[cpu.mode=user],Rate,0.008988999999999692
06/06/2026 21:43:00,System.Runtime,dotnet.thread_pool.thread.count ({thread} / 1 sec),Rate,0
06/06/2026 21:43:00,System.Runtime,dotnet.assembly.count ({assembly}),Metric,54
06/06/2026 21:43:00,System.Runtime,dotnet.thread_pool.work_item.count ({work_item} / 1 sec),Rate,313
06/06/2026 21:43:00,System.Runtime,dotnet.gc.heap.total_allocated (By / 1 sec),Rate,292744
06/06/2026 21:43:00,System.Runtime,dotnet.gc.last_collection.heap.fragmentation.size (By)[gc.heap.generation=loh],Metric,512
06/06/2026 21:43:00,System.Runtime,dotnet.gc.last_collection.heap.fragmentation.size (By)[gc.heap.generation=gen2],Metric,204152
06/06/2026 21:43:00,System.Runtime,dotnet.gc.last_collection.heap.fragmentation.size (By)[gc.heap.generation=gen1],Metric,96648
06/06/2026 21:43:00,System.Runtime,dotnet.gc.last_collection.heap.fragmentation.size (By)[gc.heap.generation=poh],Metric,0
06/06/2026 21:43:00,System.Runtime,dotnet.gc.last_collection.heap.fragmentation.size (By)[gc.heap.generation=gen0],Metric,0
06/06/2026 21:43:00,System.Runtime,dotnet.thread_pool.queue.length ({work_item} / 1 sec),Rate,0
06/06/2026 21:43:00,System.Runtime,dotnet.gc.last_collection.memory.committed_size (By),Metric,409731072
06/06/2026 21:43:00,System.Runtime,dotnet.process.cpu.count ({cpu}),Metric,4
06/06/2026 21:43:00,System.Runtime,dotnet.timer.count ({timer}),Metric,28
06/06/2026 21:43:00,System.Runtime,dotnet.gc.collections ({collection} / 1 sec)[gc.heap.generation=gen2],Rate,0
06/06/2026 21:43:00,System.Runtime,dotnet.gc.collections ({collection} / 1 sec)[gc.heap.generation=gen1],Rate,0
06/06/2026 21:43:00,System.Runtime,dotnet.gc.collections ({collection} / 1 sec)[gc.heap.generation=gen0],Rate,0
06/06/2026 21:43:00,System.Runtime,dotnet.gc.pause.time (s / 1 sec),Rate,0
06/06/2026 21:43:01,System.Runtime,dotnet.exceptions ({exception} / 1 sec)[error.type=SocketException],Rate,2470
06/06/2026 21:43:01,System.Runtime,dotnet.exceptions ({exception} / 1 sec)[error.type=CachedInternalErrorException],Rate,0
06/06/2026 21:43:01,System.Runtime,dotnet.exceptions ({exception} / 1 sec)[error.type=CachedNetworkException],Rate,0
06/06/2026 21:43:01,System.Runtime,dotnet.jit.compilation.time (s / 1 sec),Rate,0.00021219999999999573
06/06/2026 21:43:01,System.Runtime,dotnet.jit.compiled_il.size (By / 1 sec),Rate,7
06/06/2026 21:43:01,System.Runtime,dotnet.process.memory.working_set (By),Metric,479723520
06/06/2026 21:43:01,System.Runtime,dotnet.jit.compiled_methods ({method} / 1 sec),Rate,1
06/06/2026 21:43:01,System.Runtime,dotnet.gc.last_collection.heap.size (By)[gc.heap.generation=loh],Metric,3819000
06/06/2026 21:43:01,System.Runtime,dotnet.gc.last_collection.heap.size (By)[gc.heap.generation=gen2],Metric,108939240
06/06/2026 21:43:01,System.Runtime,dotnet.gc.last_collection.heap.size (By)[gc.heap.generation=gen1],Metric,7112032
06/06/2026 21:43:01,System.Runtime,dotnet.gc.last_collection.heap.size (By)[gc.heap.generation=poh],Metric,187742080
06/06/2026 21:43:01,System.Runtime,dotnet.gc.last_collection.heap.size (By)[gc.heap.generation=gen0],Metric,0
06/06/2026 21:43:01,System.Runtime,dotnet.monitor.lock_contentions ({contention} / 1 sec),Rate,21
06/06/2026 21:43:01,System.Runtime,dotnet.process.cpu.time (s / 1 sec)[cpu.mode=system],Rate,0.21232199999999857
06/06/2026 21:43:01,System.Runtime,dotnet.process.cpu.time (s / 1 sec)[cpu.mode=user],Rate,1.6437329999999974
06/06/2026 21:43:01,System.Runtime,dotnet.thread_pool.thread.count ({thread} / 1 sec),Rate,0
06/06/2026 21:43:01,System.Runtime,dotnet.assembly.count ({assembly}),Metric,54
06/06/2026 21:43:01,System.Runtime,dotnet.thread_pool.work_item.count ({work_item} / 1 sec),Rate,17044
06/06/2026 21:43:01,System.Runtime,dotnet.gc.heap.total_allocated (By / 1 sec),Rate,18474944
06/06/2026 21:43:01,System.Runtime,dotnet.gc.last_collection.heap.fragmentation.size (By)[gc.heap.generation=loh],Metric,512
06/06/2026 21:43:01,System.Runtime,dotnet.gc.last_collection.heap.fragmentation.size (By)[gc.heap.generation=gen2],Metric,204152
06/06/2026 21:43:01,System.Runtime,dotnet.gc.last_collection.heap.fragmentation.size (By)[gc.heap.generation=gen1],Metric,96648
06/06/2026 21:43:01,System.Runtime,dotnet.gc.last_collection.heap.fragmentation.size (By)[gc.heap.generation=poh],Metric,0
06/06/2026 21:43:01,System.Runtime,dotnet.gc.last_collection.heap.fragmentation.size (By)[gc.heap.generation=gen0],Metric,0
06/06/2026 21:43:01,System.Runtime,dotnet.thread_pool.queue.length ({work_item} / 1 sec),Rate,651
06/06/2026 21:43:01,System.Runtime,dotnet.gc.last_collection.memory.committed_size (By),Metric,409731072
06/06/2026 21:43:01,System.Runtime,dotnet.process.cpu.count ({cpu}),Metric,4
06/06/2026 21:43:01,System.Runtime,dotnet.timer.count ({timer}),Metric,28
06/06/2026 21:43:01,System.Runtime,dotnet.gc.collections ({collection} / 1 sec)[gc.heap.generation=gen2],Rate,0
06/06/2026 21:43:01,System.Runtime,dotnet.gc.collections ({collection} / 1 sec)[gc.heap.generation=gen1],Rate,0
06/06/2026 21:43:01,System.Runtime,dotnet.gc.collections ({collection} / 1 sec)[gc.heap.generation=gen0],Rate,0
06/06/2026 21:43:01,System.Runtime,dotnet.gc.pause.time (s / 1 sec),Rate,0
06/06/2026 21:43:02,System.Runtime,dotnet.exceptions ({exception} / 1 sec)[error.type=SocketException],Rate,3490
06/06/2026 21:43:02,System.Runtime,dotnet.exceptions ({exception} / 1 sec)[error.type=CachedInternalErrorException],Rate,1
06/06/2026 21:43:02,System.Runtime,dotnet.exceptions ({exception} / 1 sec)[error.type=CachedNetworkException],Rate,0
06/06/2026 21:43:02,System.Runtime,dotnet.jit.compilation.time (s / 1 sec),Rate,0.01206789999999991
06/06/2026 21:43:02,System.Runtime,dotnet.jit.compiled_il.size (By / 1 sec),Rate,963
06/06/2026 21:43:02,System.Runtime,dotnet.process.memory.working_set (By),Metric,475480064
06/06/2026 21:43:02,System.Runtime,dotnet.jit.compiled_methods ({method} / 1 sec),Rate,4
06/06/2026 21:43:02,System.Runtime,dotnet.gc.last_collection.heap.size (By)[gc.heap.generation=loh],Metric,3950128
06/06/2026 21:43:02,System.Runtime,dotnet.gc.last_collection.heap.size (By)[gc.heap.generation=gen2],Metric,108633720
06/06/2026 21:43:02,System.Runtime,dotnet.gc.last_collection.heap.size (By)[gc.heap.generation=gen1],Metric,27349600
06/06/2026 21:43:02,System.Runtime,dotnet.gc.last_collection.heap.size (By)[gc.heap.generation=poh],Metric,187741800
06/06/2026 21:43:02,System.Runtime,dotnet.gc.last_collection.heap.size (By)[gc.heap.generation=gen0],Metric,7146656
06/06/2026 21:43:02,System.Runtime,dotnet.monitor.lock_contentions ({contention} / 1 sec),Rate,22
06/06/2026 21:43:02,System.Runtime,dotnet.process.cpu.time (s / 1 sec)[cpu.mode=system],Rate,0.4145530000000015
06/06/2026 21:43:02,System.Runtime,dotnet.process.cpu.time (s / 1 sec)[cpu.mode=user],Rate,3.3558220000000034
06/06/2026 21:43:02,System.Runtime,dotnet.thread_pool.thread.count ({thread} / 1 sec),Rate,0
06/06/2026 21:43:02,System.Runtime,dotnet.assembly.count ({assembly}),Metric,54
06/06/2026 21:43:02,System.Runtime,dotnet.thread_pool.work_item.count ({work_item} / 1 sec),Rate,35673
06/06/2026 21:43:02,System.Runtime,dotnet.gc.heap.total_allocated (By / 1 sec),Rate,30260920
06/06/2026 21:43:02,System.Runtime,dotnet.gc.last_collection.heap.fragmentation.size (By)[gc.heap.generation=loh],Metric,519400
06/06/2026 21:43:02,System.Runtime,dotnet.gc.last_collection.heap.fragmentation.size (By)[gc.heap.generation=gen2],Metric,29917488
06/06/2026 21:43:02,System.Runtime,dotnet.gc.last_collection.heap.fragmentation.size (By)[gc.heap.generation=gen1],Metric,2668576
06/06/2026 21:43:02,System.Runtime,dotnet.gc.last_collection.heap.fragmentation.size (By)[gc.heap.generation=poh],Metric,4760
06/06/2026 21:43:02,System.Runtime,dotnet.gc.last_collection.heap.fragmentation.size (By)[gc.heap.generation=gen0],Metric,2986728
06/06/2026 21:43:02,System.Runtime,dotnet.thread_pool.queue.length ({work_item} / 1 sec),Rate,1723
06/06/2026 21:43:02,System.Runtime,dotnet.gc.last_collection.memory.committed_size (By),Metric,403144704
06/06/2026 21:43:02,System.Runtime,dotnet.process.cpu.count ({cpu}),Metric,4
06/06/2026 21:43:02,System.Runtime,dotnet.timer.count ({timer}),Metric,12
06/06/2026 21:43:02,System.Runtime,dotnet.gc.collections ({collection} / 1 sec)[gc.heap.generation=gen2],Rate,1
06/06/2026 21:43:02,System.Runtime,dotnet.gc.collections ({collection} / 1 sec)[gc.heap.generation=gen1],Rate,0
06/06/2026 21:43:02,System.Runtime,dotnet.gc.collections ({collection} / 1 sec)[gc.heap.generation=gen0],Rate,1
06/06/2026 21:43:02,System.Runtime,dotnet.gc.pause.time (s / 1 sec),Rate,0.13217999999999996
06/06/2026 21:43:03,System.Runtime,dotnet.exceptions ({exception} / 1 sec)[error.type=SocketException],Rate,3136
06/06/2026 21:43:03,System.Runtime,dotnet.exceptions ({exception} / 1 sec)[error.type=CachedInternalErrorException],Rate,0
06/06/2026 21:43:03,System.Runtime,dotnet.exceptions ({exception} / 1 sec)[error.type=CachedNetworkException],Rate,0
06/06/2026 21:43:03,System.Runtime,dotnet.jit.compilation.time (s / 1 sec),Rate,0.06605340000000037
06/06/2026 21:43:03,System.Runtime,dotnet.jit.compiled_il.size (By / 1 sec),Rate,3690
06/06/2026 21:43:03,System.Runtime,dotnet.process.memory.working_set (By),Metric,479674368
06/06/2026 21:43:03,System.Runtime,dotnet.jit.compiled_methods ({method} / 1 sec),Rate,23
06/06/2026 21:43:03,System.Runtime,dotnet.gc.last_collection.heap.size (By)[gc.heap.generation=loh],Metric,3950128
06/06/2026 21:43:03,System.Runtime,dotnet.gc.last_collection.heap.size (By)[gc.heap.generation=gen2],Metric,108633720
06/06/2026 21:43:03,System.Runtime,dotnet.gc.last_collection.heap.size (By)[gc.heap.generation=gen1],Metric,27349600
06/06/2026 21:43:03,System.Runtime,dotnet.gc.last_collection.heap.size (By)[gc.heap.generation=poh],Metric,187741800
06/06/2026 21:43:03,System.Runtime,dotnet.gc.last_collection.heap.size (By)[gc.heap.generation=gen0],Metric,7146656
06/06/2026 21:43:03,System.Runtime,dotnet.monitor.lock_contentions ({contention} / 1 sec),Rate,64
06/06/2026 21:43:03,System.Runtime,dotnet.process.cpu.time (s / 1 sec)[cpu.mode=system],Rate,0.6660069999999987
06/06/2026 21:43:03,System.Runtime,dotnet.process.cpu.time (s / 1 sec)[cpu.mode=user],Rate,3.133109999999995
06/06/2026 21:43:03,System.Runtime,dotnet.thread_pool.thread.count ({thread} / 1 sec),Rate,0
06/06/2026 21:43:03,System.Runtime,dotnet.assembly.count ({assembly}),Metric,54
06/06/2026 21:43:03,System.Runtime,dotnet.thread_pool.work_item.count ({work_item} / 1 sec),Rate,61798
06/06/2026 21:43:03,System.Runtime,dotnet.gc.heap.total_allocated (By / 1 sec),Rate,33833648
06/06/2026 21:43:03,System.Runtime,dotnet.gc.last_collection.heap.fragmentation.size (By)[gc.heap.generation=loh],Metric,519400
06/06/2026 21:43:03,System.Runtime,dotnet.gc.last_collection.heap.fragmentation.size (By)[gc.heap.generation=gen2],Metric,29917488
06/06/2026 21:43:03,System.Runtime,dotnet.gc.last_collection.heap.fragmentation.size (By)[gc.heap.generation=gen1],Metric,2668576
06/06/2026 21:43:03,System.Runtime,dotnet.gc.last_collection.heap.fragmentation.size (By)[gc.heap.generation=poh],Metric,4760
06/06/2026 21:43:03,System.Runtime,dotnet.gc.last_collection.heap.fragmentation.size (By)[gc.heap.generation=gen0],Metric,2986728
06/06/2026 21:43:03,System.Runtime,dotnet.thread_pool.queue.length ({work_item} / 1 sec),Rate,-1793
06/06/2026 21:43:03,System.Runtime,dotnet.gc.last_collection.memory.committed_size (By),Metric,403144704
06/06/2026 21:43:03,System.Runtime,dotnet.process.cpu.count ({cpu}),Metric,4
06/06/2026 21:43:03,System.Runtime,dotnet.timer.count ({timer}),Metric,28
06/06/2026 21:43:03,System.Runtime,dotnet.gc.collections ({collection} / 1 sec)[gc.heap.generation=gen2],Rate,0
06/06/2026 21:43:03,System.Runtime,dotnet.gc.collections ({collection} / 1 sec)[gc.heap.generation=gen1],Rate,0
06/06/2026 21:43:03,System.Runtime,dotnet.gc.collections ({collection} / 1 sec)[gc.heap.generation=gen0],Rate,0
06/06/2026 21:43:03,System.Runtime,dotnet.gc.pause.time (s / 1 sec),Rate,0
06/06/2026 21:43:04,System.Runtime,dotnet.exceptions ({exception} / 1 sec)[error.type=SocketException],Rate,2512
06/06/2026 21:43:04,System.Runtime,dotnet.exceptions ({exception} / 1 sec)[error.type=CachedInternalErrorException],Rate,0
06/06/2026 21:43:04,System.Runtime,dotnet.exceptions ({exception} / 1 sec)[error.type=CachedNetworkException],Rate,0
06/06/2026 21:43:04,System.Runtime,dotnet.jit.compilation.time (s / 1 sec),Rate,0.011192699999999611
06/06/2026 21:43:04,System.Runtime,dotnet.jit.compiled_il.size (By / 1 sec),Rate,2513
06/06/2026 21:43:04,System.Runtime,dotnet.process.memory.working_set (By),Metric,577716224
06/06/2026 21:43:04,System.Runtime,dotnet.jit.compiled_methods ({method} / 1 sec),Rate,26
06/06/2026 21:43:04,System.Runtime,dotnet.gc.last_collection.heap.size (By)[gc.heap.generation=loh],Metric,3950128
06/06/2026 21:43:04,System.Runtime,dotnet.gc.last_collection.heap.size (By)[gc.heap.generation=gen2],Metric,108633720
06/06/2026 21:43:04,System.Runtime,dotnet.gc.last_collection.heap.size (By)[gc.heap.generation=gen1],Metric,66302792
06/06/2026 21:43:04,System.Runtime,dotnet.gc.last_collection.heap.size (By)[gc.heap.generation=poh],Metric,187741800
06/06/2026 21:43:04,System.Runtime,dotnet.gc.last_collection.heap.size (By)[gc.heap.generation=gen0],Metric,0
06/06/2026 21:43:04,System.Runtime,dotnet.monitor.lock_contentions ({contention} / 1 sec),Rate,29
06/06/2026 21:43:04,System.Runtime,dotnet.process.cpu.time (s / 1 sec)[cpu.mode=system],Rate,0.5574570000000012
06/06/2026 21:43:04,System.Runtime,dotnet.process.cpu.time (s / 1 sec)[cpu.mode=user],Rate,3.0993080000000006
06/06/2026 21:43:04,System.Runtime,dotnet.thread_pool.thread.count ({thread} / 1 sec),Rate,0
06/06/2026 21:43:04,System.Runtime,dotnet.assembly.count ({assembly}),Metric,54
06/06/2026 21:43:04,System.Runtime,dotnet.thread_pool.work_item.count ({work_item} / 1 sec),Rate,36596
06/06/2026 21:43:04,System.Runtime,dotnet.gc.heap.total_allocated (By / 1 sec),Rate,116470256
06/06/2026 21:43:04,System.Runtime,dotnet.gc.last_collection.heap.fragmentation.size (By)[gc.heap.generation=loh],Metric,519400
06/06/2026 21:43:04,System.Runtime,dotnet.gc.last_collection.heap.fragmentation.size (By)[gc.heap.generation=gen2],Metric,29917488
06/06/2026 21:43:04,System.Runtime,dotnet.gc.last_collection.heap.fragmentation.size (By)[gc.heap.generation=gen1],Metric,1894216
06/06/2026 21:43:04,System.Runtime,dotnet.gc.last_collection.heap.fragmentation.size (By)[gc.heap.generation=poh],Metric,4760
06/06/2026 21:43:04,System.Runtime,dotnet.gc.last_collection.heap.fragmentation.size (By)[gc.heap.generation=gen0],Metric,0
06/06/2026 21:43:04,System.Runtime,dotnet.thread_pool.queue.length ({work_item} / 1 sec),Rate,465
06/06/2026 21:43:04,System.Runtime,dotnet.gc.last_collection.memory.committed_size (By),Metric,418873344
06/06/2026 21:43:04,System.Runtime,dotnet.process.cpu.count ({cpu}),Metric,4
06/06/2026 21:43:04,System.Runtime,dotnet.timer.count ({timer}),Metric,12
06/06/2026 21:43:04,System.Runtime,dotnet.gc.collections ({collection} / 1 sec)[gc.heap.generation=gen2],Rate,1
06/06/2026 21:43:04,System.Runtime,dotnet.gc.collections ({collection} / 1 sec)[gc.heap.generation=gen1],Rate,0
06/06/2026 21:43:04,System.Runtime,dotnet.gc.collections ({collection} / 1 sec)[gc.heap.generation=gen0],Rate,1
06/06/2026 21:43:04,System.Runtime,dotnet.gc.pause.time (s / 1 sec),Rate,0.1745049999999999
06/06/2026 21:43:05,System.Runtime,dotnet.exceptions ({exception} / 1 sec)[error.type=SocketException],Rate,3104
06/06/2026 21:43:05,System.Runtime,dotnet.exceptions ({exception} / 1 sec)[error.type=CachedInternalErrorException],Rate,0
06/06/2026 21:43:05,System.Runtime,dotnet.exceptions ({exception} / 1 sec)[error.type=CachedNetworkException],Rate,0
06/06/2026 21:43:05,System.Runtime,dotnet.jit.compilation.time (s / 1 sec),Rate,0.026317400000000823
06/06/2026 21:43:05,System.Runtime,dotnet.jit.compiled_il.size (By / 1 sec),Rate,2537
06/06/2026 21:43:05,System.Runtime,dotnet.process.memory.working_set (By),Metric,550223872
06/06/2026 21:43:05,System.Runtime,dotnet.jit.compiled_methods ({method} / 1 sec),Rate,17
06/06/2026 21:43:05,System.Runtime,dotnet.gc.last_collection.heap.size (By)[gc.heap.generation=loh],Metric,43087952
06/06/2026 21:43:05,System.Runtime,dotnet.gc.last_collection.heap.size (By)[gc.heap.generation=gen2],Metric,108627040
06/06/2026 21:43:05,System.Runtime,dotnet.gc.last_collection.heap.size (By)[gc.heap.generation=gen1],Metric,66302792
06/06/2026 21:43:05,System.Runtime,dotnet.gc.last_collection.heap.size (By)[gc.heap.generation=poh],Metric,187741240
06/06/2026 21:43:05,System.Runtime,dotnet.gc.last_collection.heap.size (By)[gc.heap.generation=gen0],Metric,9811800
06/06/2026 21:43:05,System.Runtime,dotnet.monitor.lock_contentions ({contention} / 1 sec),Rate,65
06/06/2026 21:43:05,System.Runtime,dotnet.process.cpu.time (s / 1 sec)[cpu.mode=system],Rate,0.6348069999999986
06/06/2026 21:43:05,System.Runtime,dotnet.process.cpu.time (s / 1 sec)[cpu.mode=user],Rate,3.046284
06/06/2026 21:43:05,System.Runtime,dotnet.thread_pool.thread.count ({thread} / 1 sec),Rate,0
06/06/2026 21:43:05,System.Runtime,dotnet.assembly.count ({assembly}),Metric,54
06/06/2026 21:43:05,System.Runtime,dotnet.thread_pool.work_item.count ({work_item} / 1 sec),Rate,62702
06/06/2026 21:43:05,System.Runtime,dotnet.gc.heap.total_allocated (By / 1 sec),Rate,83898656
06/06/2026 21:43:05,System.Runtime,dotnet.gc.last_collection.heap.fragmentation.size (By)[gc.heap.generation=loh],Metric,39385704
06/06/2026 21:43:05,System.Runtime,dotnet.gc.last_collection.heap.fragmentation.size (By)[gc.heap.generation=gen2],Metric,32038504
06/06/2026 21:43:05,System.Runtime,dotnet.gc.last_collection.heap.fragmentation.size (By)[gc.heap.generation=gen1],Metric,3495312
06/06/2026 21:43:05,System.Runtime,dotnet.gc.last_collection.heap.fragmentation.size (By)[gc.heap.generation=poh],Metric,913240
06/06/2026 21:43:05,System.Runtime,dotnet.gc.last_collection.heap.fragmentation.size (By)[gc.heap.generation=gen0],Metric,3242776
06/06/2026 21:43:05,System.Runtime,dotnet.thread_pool.queue.length ({work_item} / 1 sec),Rate,-982
06/06/2026 21:43:05,System.Runtime,dotnet.gc.last_collection.memory.committed_size (By),Metric,459554816
06/06/2026 21:43:05,System.Runtime,dotnet.process.cpu.count ({cpu}),Metric,4
06/06/2026 21:43:05,System.Runtime,dotnet.timer.count ({timer}),Metric,12
06/06/2026 21:43:05,System.Runtime,dotnet.gc.collections ({collection} / 1 sec)[gc.heap.generation=gen2],Rate,0
06/06/2026 21:43:05,System.Runtime,dotnet.gc.collections ({collection} / 1 sec)[gc.heap.generation=gen1],Rate,0
06/06/2026 21:43:05,System.Runtime,dotnet.gc.collections ({collection} / 1 sec)[gc.heap.generation=gen0],Rate,0
06/06/2026 21:43:05,System.Runtime,dotnet.gc.pause.time (s / 1 sec),Rate,0.014159000000000033
06/06/2026 21:43:06,System.Runtime,dotnet.exceptions ({exception} / 1 sec)[error.type=SocketException],Rate,2848
06/06/2026 21:43:06,System.Runtime,dotnet.exceptions ({exception} / 1 sec)[error.type=CachedInternalErrorException],Rate,0
06/06/2026 21:43:06,System.Runtime,dotnet.exceptions ({exception} / 1 sec)[error.type=CachedNetworkException],Rate,0
06/06/2026 21:43:06,System.Runtime,dotnet.jit.compilation.time (s / 1 sec),Rate,0.0022788000000000252
06/06/2026 21:43:06,System.Runtime,dotnet.jit.compiled_il.size (By / 1 sec),Rate,245
06/06/2026 21:43:06,System.Runtime,dotnet.process.memory.working_set (By),Metric,577486848
06/06/2026 21:43:06,System.Runtime,dotnet.jit.compiled_methods ({method} / 1 sec),Rate,2
06/06/2026 21:43:06,System.Runtime,dotnet.gc.last_collection.heap.size (By)[gc.heap.generation=loh],Metric,43087952
06/06/2026 21:43:06,System.Runtime,dotnet.gc.last_collection.heap.size (By)[gc.heap.generation=gen2],Metric,108627040
06/06/2026 21:43:06,System.Runtime,dotnet.gc.last_collection.heap.size (By)[gc.heap.generation=gen1],Metric,66302792
06/06/2026 21:43:06,System.Runtime,dotnet.gc.last_collection.heap.size (By)[gc.heap.generation=poh],Metric,187741240
06/06/2026 21:43:06,System.Runtime,dotnet.gc.last_collection.heap.size (By)[gc.heap.generation=gen0],Metric,9811800
06/06/2026 21:43:06,System.Runtime,dotnet.monitor.lock_contentions ({contention} / 1 sec),Rate,74
06/06/2026 21:43:06,System.Runtime,dotnet.process.cpu.time (s / 1 sec)[cpu.mode=system],Rate,0.6491890000000016
06/06/2026 21:43:06,System.Runtime,dotnet.process.cpu.time (s / 1 sec)[cpu.mode=user],Rate,3.0751570000000044
06/06/2026 21:43:06,System.Runtime,dotnet.thread_pool.thread.count ({thread} / 1 sec),Rate,0
06/06/2026 21:43:06,System.Runtime,dotnet.assembly.count ({assembly}),Metric,54
06/06/2026 21:43:06,System.Runtime,dotnet.thread_pool.work_item.count ({work_item} / 1 sec),Rate,63621
06/06/2026 21:43:06,System.Runtime,dotnet.gc.heap.total_allocated (By / 1 sec),Rate,33928480
06/06/2026 21:43:06,System.Runtime,dotnet.gc.last_collection.heap.fragmentation.size (By)[gc.heap.generation=loh],Metric,39385704
06/06/2026 21:43:06,System.Runtime,dotnet.gc.last_collection.heap.fragmentation.size (By)[gc.heap.generation=gen2],Metric,32038504
06/06/2026 21:43:06,System.Runtime,dotnet.gc.last_collection.heap.fragmentation.size (By)[gc.heap.generation=gen1],Metric,3495312
06/06/2026 21:43:06,System.Runtime,dotnet.gc.last_collection.heap.fragmentation.size (By)[gc.heap.generation=poh],Metric,913240
06/06/2026 21:43:06,System.Runtime,dotnet.gc.last_collection.heap.fragmentation.size (By)[gc.heap.generation=gen0],Metric,3242776
06/06/2026 21:43:06,System.Runtime,dotnet.thread_pool.queue.length ({work_item} / 1 sec),Rate,169
06/06/2026 21:43:06,System.Runtime,dotnet.gc.last_collection.memory.committed_size (By),Metric,459554816
06/06/2026 21:43:06,System.Runtime,dotnet.process.cpu.count ({cpu}),Metric,4
06/06/2026 21:43:06,System.Runtime,dotnet.timer.count ({timer}),Metric,12
06/06/2026 21:43:06,System.Runtime,dotnet.gc.collections ({collection} / 1 sec)[gc.heap.generation=gen2],Rate,0
06/06/2026 21:43:06,System.Runtime,dotnet.gc.collections ({collection} / 1 sec)[gc.heap.generation=gen1],Rate,0
06/06/2026 21:43:06,System.Runtime,dotnet.gc.collections ({collection} / 1 sec)[gc.heap.generation=gen0],Rate,0
06/06/2026 21:43:06,System.Runtime,dotnet.gc.pause.time (s / 1 sec),Rate,0
06/06/2026 21:43:07,System.Runtime,dotnet.exceptions ({exception} / 1 sec)[error.type=SocketException],Rate,2440
06/06/2026 21:43:07,System.Runtime,dotnet.exceptions ({exception} / 1 sec)[error.type=CachedInternalErrorException],Rate,0
06/06/2026 21:43:07,System.Runtime,dotnet.exceptions ({exception} / 1 sec)[error.type=CachedNetworkException],Rate,0
06/06/2026 21:43:07,System.Runtime,dotnet.jit.compilation.time (s / 1 sec),Rate,0.00034419999999979467
06/06/2026 21:43:07,System.Runtime,dotnet.jit.compiled_il.size (By / 1 sec),Rate,14
06/06/2026 21:43:07,System.Runtime,dotnet.process.memory.working_set (By),Metric,602652672
06/06/2026 21:43:07,System.Runtime,dotnet.jit.compiled_methods ({method} / 1 sec),Rate,2
06/06/2026 21:43:07,System.Runtime,dotnet.gc.last_collection.heap.size (By)[gc.heap.generation=loh],Metric,43087952
06/06/2026 21:43:07,System.Runtime,dotnet.gc.last_collection.heap.size (By)[gc.heap.generation=gen2],Metric,108627040
06/06/2026 21:43:07,System.Runtime,dotnet.gc.last_collection.heap.size (By)[gc.heap.generation=gen1],Metric,66302792
06/06/2026 21:43:07,System.Runtime,dotnet.gc.last_collection.heap.size (By)[gc.heap.generation=poh],Metric,187741240
06/06/2026 21:43:07,System.Runtime,dotnet.gc.last_collection.heap.size (By)[gc.heap.generation=gen0],Metric,9811800
06/06/2026 21:43:07,System.Runtime,dotnet.monitor.lock_contentions ({contention} / 1 sec),Rate,73
06/06/2026 21:43:07,System.Runtime,dotnet.process.cpu.time (s / 1 sec)[cpu.mode=system],Rate,0.2793839999999985
06/06/2026 21:43:07,System.Runtime,dotnet.process.cpu.time (s / 1 sec)[cpu.mode=user],Rate,2.21272299999999
06/06/2026 21:43:07,System.Runtime,dotnet.thread_pool.thread.count ({thread} / 1 sec),Rate,0
06/06/2026 21:43:07,System.Runtime,dotnet.assembly.count ({assembly}),Metric,54
06/06/2026 21:43:07,System.Runtime,dotnet.thread_pool.work_item.count ({work_item} / 1 sec),Rate,32347
06/06/2026 21:43:07,System.Runtime,dotnet.gc.heap.total_allocated (By / 1 sec),Rate,25029816
06/06/2026 21:43:07,System.Runtime,dotnet.gc.last_collection.heap.fragmentation.size (By)[gc.heap.generation=loh],Metric,39385704
06/06/2026 21:43:07,System.Runtime,dotnet.gc.last_collection.heap.fragmentation.size (By)[gc.heap.generation=gen2],Metric,32038504
06/06/2026 21:43:07,System.Runtime,dotnet.gc.last_collection.heap.fragmentation.size (By)[gc.heap.generation=gen1],Metric,3495312
06/06/2026 21:43:07,System.Runtime,dotnet.gc.last_collection.heap.fragmentation.size (By)[gc.heap.generation=poh],Metric,913240
06/06/2026 21:43:07,System.Runtime,dotnet.gc.last_collection.heap.fragmentation.size (By)[gc.heap.generation=gen0],Metric,3242776
06/06/2026 21:43:07,System.Runtime,dotnet.thread_pool.queue.length ({work_item} / 1 sec),Rate,-233
06/06/2026 21:43:07,System.Runtime,dotnet.gc.last_collection.memory.committed_size (By),Metric,459554816
06/06/2026 21:43:07,System.Runtime,dotnet.process.cpu.count ({cpu}),Metric,4
06/06/2026 21:43:07,System.Runtime,dotnet.timer.count ({timer}),Metric,28
06/06/2026 21:43:07,System.Runtime,dotnet.gc.collections ({collection} / 1 sec)[gc.heap.generation=gen2],Rate,0
06/06/2026 21:43:07,System.Runtime,dotnet.gc.collections ({collection} / 1 sec)[gc.heap.generation=gen1],Rate,0
06/06/2026 21:43:07,System.Runtime,dotnet.gc.collections ({collection} / 1 sec)[gc.heap.generation=gen0],Rate,0
06/06/2026 21:43:07,System.Runtime,dotnet.gc.pause.time (s / 1 sec),Rate,0
06/06/2026 21:43:08,System.Runtime,dotnet.exceptions ({exception} / 1 sec)[error.type=SocketException],Rate,0
06/06/2026 21:43:08,System.Runtime,dotnet.exceptions ({exception} / 1 sec)[error.type=CachedInternalErrorException],Rate,0
06/06/2026 21:43:08,System.Runtime,dotnet.exceptions ({exception} / 1 sec)[error.type=CachedNetworkException],Rate,0
06/06/2026 21:43:08,System.Runtime,dotnet.jit.compilation.time (s / 1 sec),Rate,0
06/06/2026 21:43:08,System.Runtime,dotnet.jit.compiled_il.size (By / 1 sec),Rate,0
06/06/2026 21:43:08,System.Runtime,dotnet.process.memory.working_set (By),Metric,603176960
06/06/2026 21:43:08,System.Runtime,dotnet.jit.compiled_methods ({method} / 1 sec),Rate,0
06/06/2026 21:43:08,System.Runtime,dotnet.gc.last_collection.heap.size (By)[gc.heap.generation=loh],Metric,43087952
06/06/2026 21:43:08,System.Runtime,dotnet.gc.last_collection.heap.size (By)[gc.heap.generation=gen2],Metric,108627040
06/06/2026 21:43:08,System.Runtime,dotnet.gc.last_collection.heap.size (By)[gc.heap.generation=gen1],Metric,66302792
06/06/2026 21:43:08,System.Runtime,dotnet.gc.last_collection.heap.size (By)[gc.heap.generation=poh],Metric,187741240
06/06/2026 21:43:08,System.Runtime,dotnet.gc.last_collection.heap.size (By)[gc.heap.generation=gen0],Metric,9811800
06/06/2026 21:43:08,System.Runtime,dotnet.monitor.lock_contentions ({contention} / 1 sec),Rate,27
06/06/2026 21:43:08,System.Runtime,dotnet.process.cpu.time (s / 1 sec)[cpu.mode=system],Rate,0.000996000000000663
06/06/2026 21:43:08,System.Runtime,dotnet.process.cpu.time (s / 1 sec)[cpu.mode=user],Rate,0.013316000000003214
06/06/2026 21:43:08,System.Runtime,dotnet.thread_pool.thread.count ({thread} / 1 sec),Rate,0
06/06/2026 21:43:08,System.Runtime,dotnet.assembly.count ({assembly}),Metric,54
06/06/2026 21:43:08,System.Runtime,dotnet.thread_pool.work_item.count ({work_item} / 1 sec),Rate,318
06/06/2026 21:43:08,System.Runtime,dotnet.gc.heap.total_allocated (By / 1 sec),Rate,366248
06/06/2026 21:43:08,System.Runtime,dotnet.gc.last_collection.heap.fragmentation.size (By)[gc.heap.generation=loh],Metric,39385704
06/06/2026 21:43:08,System.Runtime,dotnet.gc.last_collection.heap.fragmentation.size (By)[gc.heap.generation=gen2],Metric,32038504
06/06/2026 21:43:08,System.Runtime,dotnet.gc.last_collection.heap.fragmentation.size (By)[gc.heap.generation=gen1],Metric,3495312
06/06/2026 21:43:08,System.Runtime,dotnet.gc.last_collection.heap.fragmentation.size (By)[gc.heap.generation=poh],Metric,913240
06/06/2026 21:43:08,System.Runtime,dotnet.gc.last_collection.heap.fragmentation.size (By)[gc.heap.generation=gen0],Metric,3242776
06/06/2026 21:43:08,System.Runtime,dotnet.thread_pool.queue.length ({work_item} / 1 sec),Rate,0
06/06/2026 21:43:08,System.Runtime,dotnet.gc.last_collection.memory.committed_size (By),Metric,459554816
06/06/2026 21:43:08,System.Runtime,dotnet.process.cpu.count ({cpu}),Metric,4
06/06/2026 21:43:08,System.Runtime,dotnet.timer.count ({timer}),Metric,28
06/06/2026 21:43:08,System.Runtime,dotnet.gc.collections ({collection} / 1 sec)[gc.heap.generation=gen2],Rate,0
06/06/2026 21:43:08,System.Runtime,dotnet.gc.collections ({collection} / 1 sec)[gc.heap.generation=gen1],Rate,0
06/06/2026 21:43:08,System.Runtime,dotnet.gc.collections ({collection} / 1 sec)[gc.heap.generation=gen0],Rate,0
06/06/2026 21:43:08,System.Runtime,dotnet.gc.pause.time (s / 1 sec),Rate,0
06/06/2026 21:43:09,System.Runtime,dotnet.exceptions ({exception} / 1 sec)[error.type=SocketException],Rate,0
06/06/2026 21:43:09,System.Runtime,dotnet.exceptions ({exception} / 1 sec)[error.type=CachedInternalErrorException],Rate,0
06/06/2026 21:43:09,System.Runtime,dotnet.exceptions ({exception} / 1 sec)[error.type=CachedNetworkException],Rate,0
06/06/2026 21:43:09,System.Runtime,dotnet.jit.compilation.time (s / 1 sec),Rate,0.002629499999999396
06/06/2026 21:43:09,System.Runtime,dotnet.jit.compiled_il.size (By / 1 sec),Rate,259
06/06/2026 21:43:09,System.Runtime,dotnet.process.memory.working_set (By),Metric,606846976
06/06/2026 21:43:09,System.Runtime,dotnet.jit.compiled_methods ({method} / 1 sec),Rate,7
06/06/2026 21:43:09,System.Runtime,dotnet.gc.last_collection.heap.size (By)[gc.heap.generation=loh],Metric,43087952
06/06/2026 21:43:09,System.Runtime,dotnet.gc.last_collection.heap.size (By)[gc.heap.generation=gen2],Metric,108627040
06/06/2026 21:43:09,System.Runtime,dotnet.gc.last_collection.heap.size (By)[gc.heap.generation=gen1],Metric,66302792
06/06/2026 21:43:09,System.Runtime,dotnet.gc.last_collection.heap.size (By)[gc.heap.generation=poh],Metric,187741240
06/06/2026 21:43:09,System.Runtime,dotnet.gc.last_collection.heap.size (By)[gc.heap.generation=gen0],Metric,9811800
06/06/2026 21:43:09,System.Runtime,dotnet.monitor.lock_contentions ({contention} / 1 sec),Rate,143
06/06/2026 21:43:09,System.Runtime,dotnet.process.cpu.time (s / 1 sec)[cpu.mode=system],Rate,0.07249599999999923
06/06/2026 21:43:09,System.Runtime,dotnet.process.cpu.time (s / 1 sec)[cpu.mode=user],Rate,0.17231900000000167
06/06/2026 21:43:09,System.Runtime,dotnet.thread_pool.thread.count ({thread} / 1 sec),Rate,0
06/06/2026 21:43:09,System.Runtime,dotnet.assembly.count ({assembly}),Metric,54
06/06/2026 21:43:09,System.Runtime,dotnet.thread_pool.work_item.count ({work_item} / 1 sec),Rate,10621
06/06/2026 21:43:09,System.Runtime,dotnet.gc.heap.total_allocated (By / 1 sec),Rate,3703408
06/06/2026 21:43:09,System.Runtime,dotnet.gc.last_collection.heap.fragmentation.size (By)[gc.heap.generation=loh],Metric,39385704
06/06/2026 21:43:09,System.Runtime,dotnet.gc.last_collection.heap.fragmentation.size (By)[gc.heap.generation=gen2],Metric,32038504
06/06/2026 21:43:09,System.Runtime,dotnet.gc.last_collection.heap.fragmentation.size (By)[gc.heap.generation=gen1],Metric,3495312
06/06/2026 21:43:09,System.Runtime,dotnet.gc.last_collection.heap.fragmentation.size (By)[gc.heap.generation=poh],Metric,913240
06/06/2026 21:43:09,System.Runtime,dotnet.gc.last_collection.heap.fragmentation.size (By)[gc.heap.generation=gen0],Metric,3242776
06/06/2026 21:43:09,System.Runtime,dotnet.thread_pool.queue.length ({work_item} / 1 sec),Rate,0
06/06/2026 21:43:09,System.Runtime,dotnet.gc.last_collection.memory.committed_size (By),Metric,459554816
06/06/2026 21:43:09,System.Runtime,dotnet.process.cpu.count ({cpu}),Metric,4
06/06/2026 21:43:09,System.Runtime,dotnet.timer.count ({timer}),Metric,28
06/06/2026 21:43:09,System.Runtime,dotnet.gc.collections ({collection} / 1 sec)[gc.heap.generation=gen2],Rate,0
06/06/2026 21:43:09,System.Runtime,dotnet.gc.collections ({collection} / 1 sec)[gc.heap.generation=gen1],Rate,0
06/06/2026 21:43:09,System.Runtime,dotnet.gc.collections ({collection} / 1 sec)[gc.heap.generation=gen0],Rate,0
06/06/2026 21:43:09,System.Runtime,dotnet.gc.pause.time (s / 1 sec),Rate,0
06/06/2026 21:43:10,System.Runtime,dotnet.exceptions ({exception} / 1 sec)[error.type=SocketException],Rate,438
06/06/2026 21:43:10,System.Runtime,dotnet.exceptions ({exception} / 1 sec)[error.type=CachedInternalErrorException],Rate,0
06/06/2026 21:43:10,System.Runtime,dotnet.exceptions ({exception} / 1 sec)[error.type=CachedNetworkException],Rate,2368
06/06/2026 21:43:10,System.Runtime,dotnet.jit.compilation.time (s / 1 sec),Rate,0
06/06/2026 21:43:10,System.Runtime,dotnet.jit.compiled_il.size (By / 1 sec),Rate,0
06/06/2026 21:43:10,System.Runtime,dotnet.process.memory.working_set (By),Metric,619954176
06/06/2026 21:43:10,System.Runtime,dotnet.jit.compiled_methods ({method} / 1 sec),Rate,0
06/06/2026 21:43:10,System.Runtime,dotnet.gc.last_collection.heap.size (By)[gc.heap.generation=loh],Metric,43087952
06/06/2026 21:43:10,System.Runtime,dotnet.gc.last_collection.heap.size (By)[gc.heap.generation=gen2],Metric,108627040
06/06/2026 21:43:10,System.Runtime,dotnet.gc.last_collection.heap.size (By)[gc.heap.generation=gen1],Metric,66302792
06/06/2026 21:43:10,System.Runtime,dotnet.gc.last_collection.heap.size (By)[gc.heap.generation=poh],Metric,187741240
06/06/2026 21:43:10,System.Runtime,dotnet.gc.last_collection.heap.size (By)[gc.heap.generation=gen0],Metric,9811800
06/06/2026 21:43:10,System.Runtime,dotnet.monitor.lock_contentions ({contention} / 1 sec),Rate,102
06/06/2026 21:43:10,System.Runtime,dotnet.process.cpu.time (s / 1 sec)[cpu.mode=system],Rate,0.14435700000000118
06/06/2026 21:43:10,System.Runtime,dotnet.process.cpu.time (s / 1 sec)[cpu.mode=user],Rate,0.5356940000000066
06/06/2026 21:43:10,System.Runtime,dotnet.thread_pool.thread.count ({thread} / 1 sec),Rate,0
06/06/2026 21:43:10,System.Runtime,dotnet.assembly.count ({assembly}),Metric,54
06/06/2026 21:43:10,System.Runtime,dotnet.thread_pool.work_item.count ({work_item} / 1 sec),Rate,15421
06/06/2026 21:43:10,System.Runtime,dotnet.gc.heap.total_allocated (By / 1 sec),Rate,13045320
06/06/2026 21:43:10,System.Runtime,dotnet.gc.last_collection.heap.fragmentation.size (By)[gc.heap.generation=loh],Metric,39385704
06/06/2026 21:43:10,System.Runtime,dotnet.gc.last_collection.heap.fragmentation.size (By)[gc.heap.generation=gen2],Metric,32038504
06/06/2026 21:43:10,System.Runtime,dotnet.gc.last_collection.heap.fragmentation.size (By)[gc.heap.generation=gen1],Metric,3495312
06/06/2026 21:43:10,System.Runtime,dotnet.gc.last_collection.heap.fragmentation.size (By)[gc.heap.generation=poh],Metric,913240
06/06/2026 21:43:10,System.Runtime,dotnet.gc.last_collection.heap.fragmentation.size (By)[gc.heap.generation=gen0],Metric,3242776
06/06/2026 21:43:10,System.Runtime,dotnet.thread_pool.queue.length ({work_item} / 1 sec),Rate,0
06/06/2026 21:43:10,System.Runtime,dotnet.gc.last_collection.memory.committed_size (By),Metric,459554816
06/06/2026 21:43:10,System.Runtime,dotnet.process.cpu.count ({cpu}),Metric,4
06/06/2026 21:43:10,System.Runtime,dotnet.timer.count ({timer}),Metric,28
06/06/2026 21:43:10,System.Runtime,dotnet.gc.collections ({collection} / 1 sec)[gc.heap.generation=gen2],Rate,0
06/06/2026 21:43:10,System.Runtime,dotnet.gc.collections ({collection} / 1 sec)[gc.heap.generation=gen1],Rate,0
06/06/2026 21:43:10,System.Runtime,dotnet.gc.collections ({collection} / 1 sec)[gc.heap.generation=gen0],Rate,0
06/06/2026 21:43:10,System.Runtime,dotnet.gc.pause.time (s / 1 sec),Rate,0
06/06/2026 21:43:11,System.Runtime,dotnet.exceptions ({exception} / 1 sec)[error.type=SocketException],Rate,16
06/06/2026 21:43:11,System.Runtime,dotnet.exceptions ({exception} / 1 sec)[error.type=CachedInternalErrorException],Rate,0
06/06/2026 21:43:11,System.Runtime,dotnet.exceptions ({exception} / 1 sec)[error.type=CachedNetworkException],Rate,278
06/06/2026 21:43:11,System.Runtime,dotnet.jit.compilation.time (s / 1 sec),Rate,0
06/06/2026 21:43:11,System.Runtime,dotnet.jit.compiled_il.size (By / 1 sec),Rate,0
06/06/2026 21:43:11,System.Runtime,dotnet.process.memory.working_set (By),Metric,622575616
06/06/2026 21:43:11,System.Runtime,dotnet.jit.compiled_methods ({method} / 1 sec),Rate,0
06/06/2026 21:43:11,System.Runtime,dotnet.gc.last_collection.heap.size (By)[gc.heap.generation=loh],Metric,43087952
06/06/2026 21:43:11,System.Runtime,dotnet.gc.last_collection.heap.size (By)[gc.heap.generation=gen2],Metric,108627040
06/06/2026 21:43:11,System.Runtime,dotnet.gc.last_collection.heap.size (By)[gc.heap.generation=gen1],Metric,66302792
06/06/2026 21:43:11,System.Runtime,dotnet.gc.last_collection.heap.size (By)[gc.heap.generation=poh],Metric,187741240
06/06/2026 21:43:11,System.Runtime,dotnet.gc.last_collection.heap.size (By)[gc.heap.generation=gen0],Metric,9811800
06/06/2026 21:43:11,System.Runtime,dotnet.monitor.lock_contentions ({contention} / 1 sec),Rate,82
06/06/2026 21:43:11,System.Runtime,dotnet.process.cpu.time (s / 1 sec)[cpu.mode=system],Rate,0.037516999999999356
06/06/2026 21:43:11,System.Runtime,dotnet.process.cpu.time (s / 1 sec)[cpu.mode=user],Rate,0.21230299999999147
06/06/2026 21:43:11,System.Runtime,dotnet.thread_pool.thread.count ({thread} / 1 sec),Rate,0
06/06/2026 21:43:11,System.Runtime,dotnet.assembly.count ({assembly}),Metric,54
06/06/2026 21:43:11,System.Runtime,dotnet.thread_pool.work_item.count ({work_item} / 1 sec),Rate,7516
06/06/2026 21:43:11,System.Runtime,dotnet.gc.heap.total_allocated (By / 1 sec),Rate,3226392
06/06/2026 21:43:11,System.Runtime,dotnet.gc.last_collection.heap.fragmentation.size (By)[gc.heap.generation=loh],Metric,39385704
06/06/2026 21:43:11,System.Runtime,dotnet.gc.last_collection.heap.fragmentation.size (By)[gc.heap.generation=gen2],Metric,32038504
06/06/2026 21:43:11,System.Runtime,dotnet.gc.last_collection.heap.fragmentation.size (By)[gc.heap.generation=gen1],Metric,3495312
06/06/2026 21:43:11,System.Runtime,dotnet.gc.last_collection.heap.fragmentation.size (By)[gc.heap.generation=poh],Metric,913240
06/06/2026 21:43:11,System.Runtime,dotnet.gc.last_collection.heap.fragmentation.size (By)[gc.heap.generation=gen0],Metric,3242776
06/06/2026 21:43:11,System.Runtime,dotnet.thread_pool.queue.length ({work_item} / 1 sec),Rate,0
06/06/2026 21:43:11,System.Runtime,dotnet.gc.last_collection.memory.committed_size (By),Metric,459554816
06/06/2026 21:43:11,System.Runtime,dotnet.process.cpu.count ({cpu}),Metric,4
06/06/2026 21:43:11,System.Runtime,dotnet.timer.count ({timer}),Metric,28
06/06/2026 21:43:11,System.Runtime,dotnet.gc.collections ({collection} / 1 sec)[gc.heap.generation=gen2],Rate,0
06/06/2026 21:43:11,System.Runtime,dotnet.gc.collections ({collection} / 1 sec)[gc.heap.generation=gen1],Rate,0
06/06/2026 21:43:11,System.Runtime,dotnet.gc.collections ({collection} / 1 sec)[gc.heap.generation=gen0],Rate,0
06/06/2026 21:43:11,System.Runtime,dotnet.gc.pause.time (s / 1 sec),Rate,0
06/06/2026 21:43:12,System.Runtime,dotnet.exceptions ({exception} / 1 sec)[error.type=SocketException],Rate,0
06/06/2026 21:43:12,System.Runtime,dotnet.exceptions ({exception} / 1 sec)[error.type=CachedInternalErrorException],Rate,0
06/06/2026 21:43:12,System.Runtime,dotnet.exceptions ({exception} / 1 sec)[error.type=CachedNetworkException],Rate,0
06/06/2026 21:43:12,System.Runtime,dotnet.jit.compilation.time (s / 1 sec),Rate,0.0009557000000004479
06/06/2026 21:43:12,System.Runtime,dotnet.jit.compiled_il.size (By / 1 sec),Rate,39
06/06/2026 21:43:12,System.Runtime,dotnet.process.memory.working_set (By),Metric,623099904
06/06/2026 21:43:12,System.Runtime,dotnet.jit.compiled_methods ({method} / 1 sec),Rate,1
06/06/2026 21:43:12,System.Runtime,dotnet.gc.last_collection.heap.size (By)[gc.heap.generation=loh],Metric,43087952
06/06/2026 21:43:12,System.Runtime,dotnet.gc.last_collection.heap.size (By)[gc.heap.generation=gen2],Metric,108627040
06/06/2026 21:43:12,System.Runtime,dotnet.gc.last_collection.heap.size (By)[gc.heap.generation=gen1],Metric,66302792
06/06/2026 21:43:12,System.Runtime,dotnet.gc.last_collection.heap.size (By)[gc.heap.generation=poh],Metric,187741240
06/06/2026 21:43:12,System.Runtime,dotnet.gc.last_collection.heap.size (By)[gc.heap.generation=gen0],Metric,9811800
06/06/2026 21:43:12,System.Runtime,dotnet.monitor.lock_contentions ({contention} / 1 sec),Rate,32
06/06/2026 21:43:12,System.Runtime,dotnet.process.cpu.time (s / 1 sec)[cpu.mode=system],Rate,0.0027729999999994703
06/06/2026 21:43:12,System.Runtime,dotnet.process.cpu.time (s / 1 sec)[cpu.mode=user],Rate,0.013407000000000835
06/06/2026 21:43:12,System.Runtime,dotnet.thread_pool.thread.count ({thread} / 1 sec),Rate,0
06/06/2026 21:43:12,System.Runtime,dotnet.assembly.count ({assembly}),Metric,54
06/06/2026 21:43:12,System.Runtime,dotnet.thread_pool.work_item.count ({work_item} / 1 sec),Rate,366
06/06/2026 21:43:12,System.Runtime,dotnet.gc.heap.total_allocated (By / 1 sec),Rate,389296
06/06/2026 21:43:12,System.Runtime,dotnet.gc.last_collection.heap.fragmentation.size (By)[gc.heap.generation=loh],Metric,39385704
06/06/2026 21:43:12,System.Runtime,dotnet.gc.last_collection.heap.fragmentation.size (By)[gc.heap.generation=gen2],Metric,32038504
06/06/2026 21:43:12,System.Runtime,dotnet.gc.last_collection.heap.fragmentation.size (By)[gc.heap.generation=gen1],Metric,3495312
06/06/2026 21:43:12,System.Runtime,dotnet.gc.last_collection.heap.fragmentation.size (By)[gc.heap.generation=poh],Metric,913240
06/06/2026 21:43:12,System.Runtime,dotnet.gc.last_collection.heap.fragmentation.size (By)[gc.heap.generation=gen0],Metric,3242776
06/06/2026 21:43:12,System.Runtime,dotnet.thread_pool.queue.length ({work_item} / 1 sec),Rate,0
06/06/2026 21:43:12,System.Runtime,dotnet.gc.last_collection.memory.committed_size (By),Metric,459554816
06/06/2026 21:43:12,System.Runtime,dotnet.process.cpu.count ({cpu}),Metric,4
06/06/2026 21:43:12,System.Runtime,dotnet.timer.count ({timer}),Metric,28
06/06/2026 21:43:12,System.Runtime,dotnet.gc.collections ({collection} / 1 sec)[gc.heap.generation=gen2],Rate,0
06/06/2026 21:43:12,System.Runtime,dotnet.gc.collections ({collection} / 1 sec)[gc.heap.generation=gen1],Rate,0
06/06/2026 21:43:12,System.Runtime,dotnet.gc.collections ({collection} / 1 sec)[gc.heap.generation=gen0],Rate,0
06/06/2026 21:43:12,System.Runtime,dotnet.gc.pause.time (s / 1 sec),Rate,0
06/06/2026 21:43:13,System.Runtime,dotnet.exceptions ({exception} / 1 sec)[error.type=SocketException],Rate,0
06/06/2026 21:43:13,System.Runtime,dotnet.exceptions ({exception} / 1 sec)[error.type=CachedInternalErrorException],Rate,0
06/06/2026 21:43:13,System.Runtime,dotnet.exceptions ({exception} / 1 sec)[error.type=CachedNetworkException],Rate,0
06/06/2026 21:43:13,System.Runtime,dotnet.jit.compilation.time (s / 1 sec),Rate,0
06/06/2026 21:43:13,System.Runtime,dotnet.jit.compiled_il.size (By / 1 sec),Rate,0
06/06/2026 21:43:13,System.Runtime,dotnet.process.memory.working_set (By),Metric,624672768
06/06/2026 21:43:13,System.Runtime,dotnet.jit.compiled_methods ({method} / 1 sec),Rate,0
06/06/2026 21:43:13,System.Runtime,dotnet.gc.last_collection.heap.size (By)[gc.heap.generation=loh],Metric,43087952
06/06/2026 21:43:13,System.Runtime,dotnet.gc.last_collection.heap.size (By)[gc.heap.generation=gen2],Metric,108627040
06/06/2026 21:43:13,System.Runtime,dotnet.gc.last_collection.heap.size (By)[gc.heap.generation=gen1],Metric,66302792
06/06/2026 21:43:13,System.Runtime,dotnet.gc.last_collection.heap.size (By)[gc.heap.generation=poh],Metric,187741240
06/06/2026 21:43:13,System.Runtime,dotnet.gc.last_collection.heap.size (By)[gc.heap.generation=gen0],Metric,9811800
06/06/2026 21:43:13,System.Runtime,dotnet.monitor.lock_contentions ({contention} / 1 sec),Rate,35
06/06/2026 21:43:13,System.Runtime,dotnet.process.cpu.time (s / 1 sec)[cpu.mode=system],Rate,0.003938000000001551
06/06/2026 21:43:13,System.Runtime,dotnet.process.cpu.time (s / 1 sec)[cpu.mode=user],Rate,0.04020500000000027
06/06/2026 21:43:13,System.Runtime,dotnet.thread_pool.thread.count ({thread} / 1 sec),Rate,0
06/06/2026 21:43:13,System.Runtime,dotnet.assembly.count ({assembly}),Metric,54
06/06/2026 21:43:13,System.Runtime,dotnet.thread_pool.work_item.count ({work_item} / 1 sec),Rate,1792
06/06/2026 21:43:13,System.Runtime,dotnet.gc.heap.total_allocated (By / 1 sec),Rate,830952
06/06/2026 21:43:13,System.Runtime,dotnet.gc.last_collection.heap.fragmentation.size (By)[gc.heap.generation=loh],Metric,39385704
06/06/2026 21:43:13,System.Runtime,dotnet.gc.last_collection.heap.fragmentation.size (By)[gc.heap.generation=gen2],Metric,32038504
06/06/2026 21:43:13,System.Runtime,dotnet.gc.last_collection.heap.fragmentation.size (By)[gc.heap.generation=gen1],Metric,3495312
06/06/2026 21:43:13,System.Runtime,dotnet.gc.last_collection.heap.fragmentation.size (By)[gc.heap.generation=poh],Metric,913240
06/06/2026 21:43:13,System.Runtime,dotnet.gc.last_collection.heap.fragmentation.size (By)[gc.heap.generation=gen0],Metric,3242776
06/06/2026 21:43:13,System.Runtime,dotnet.thread_pool.queue.length ({work_item} / 1 sec),Rate,0
06/06/2026 21:43:13,System.Runtime,dotnet.gc.last_collection.memory.committed_size (By),Metric,459554816
06/06/2026 21:43:13,System.Runtime,dotnet.process.cpu.count ({cpu}),Metric,4
06/06/2026 21:43:13,System.Runtime,dotnet.timer.count ({timer}),Metric,28
06/06/2026 21:43:13,System.Runtime,dotnet.gc.collections ({collection} / 1 sec)[gc.heap.generation=gen2],Rate,0
06/06/2026 21:43:13,System.Runtime,dotnet.gc.collections ({collection} / 1 sec)[gc.heap.generation=gen1],Rate,0
06/06/2026 21:43:13,System.Runtime,dotnet.gc.collections ({collection} / 1 sec)[gc.heap.generation=gen0],Rate,0
06/06/2026 21:43:13,System.Runtime,dotnet.gc.pause.time (s / 1 sec),Rate,0
06/06/2026 21:43:14,System.Runtime,dotnet.exceptions ({exception} / 1 sec)[error.type=SocketException],Rate,638
06/06/2026 21:43:14,System.Runtime,dotnet.exceptions ({exception} / 1 sec)[error.type=CachedInternalErrorException],Rate,0
06/06/2026 21:43:14,System.Runtime,dotnet.exceptions ({exception} / 1 sec)[error.type=CachedNetworkException],Rate,182
06/06/2026 21:43:14,System.Runtime,dotnet.jit.compilation.time (s / 1 sec),Rate,0
06/06/2026 21:43:14,System.Runtime,dotnet.jit.compiled_il.size (By / 1 sec),Rate,0
06/06/2026 21:43:14,System.Runtime,dotnet.process.memory.working_set (By),Metric,634634240
06/06/2026 21:43:14,System.Runtime,dotnet.jit.compiled_methods ({method} / 1 sec),Rate,0
06/06/2026 21:43:14,System.Runtime,dotnet.gc.last_collection.heap.size (By)[gc.heap.generation=loh],Metric,43087952
06/06/2026 21:43:14,System.Runtime,dotnet.gc.last_collection.heap.size (By)[gc.heap.generation=gen2],Metric,108627040
06/06/2026 21:43:14,System.Runtime,dotnet.gc.last_collection.heap.size (By)[gc.heap.generation=gen1],Metric,66302792
06/06/2026 21:43:14,System.Runtime,dotnet.gc.last_collection.heap.size (By)[gc.heap.generation=poh],Metric,187741240
06/06/2026 21:43:14,System.Runtime,dotnet.gc.last_collection.heap.size (By)[gc.heap.generation=gen0],Metric,9811800
06/06/2026 21:43:14,System.Runtime,dotnet.monitor.lock_contentions ({contention} / 1 sec),Rate,134
06/06/2026 21:43:14,System.Runtime,dotnet.process.cpu.time (s / 1 sec)[cpu.mode=system],Rate,0.15453199999999967
06/06/2026 21:43:14,System.Runtime,dotnet.process.cpu.time (s / 1 sec)[cpu.mode=user],Rate,0.8682480000000083
06/06/2026 21:43:14,System.Runtime,dotnet.thread_pool.thread.count ({thread} / 1 sec),Rate,0
06/06/2026 21:43:14,System.Runtime,dotnet.assembly.count ({assembly}),Metric,54
06/06/2026 21:43:14,System.Runtime,dotnet.thread_pool.work_item.count ({work_item} / 1 sec),Rate,24869
06/06/2026 21:43:14,System.Runtime,dotnet.gc.heap.total_allocated (By / 1 sec),Rate,10496152
06/06/2026 21:43:14,System.Runtime,dotnet.gc.last_collection.heap.fragmentation.size (By)[gc.heap.generation=loh],Metric,39385704
06/06/2026 21:43:14,System.Runtime,dotnet.gc.last_collection.heap.fragmentation.size (By)[gc.heap.generation=gen2],Metric,32038504
06/06/2026 21:43:14,System.Runtime,dotnet.gc.last_collection.heap.fragmentation.size (By)[gc.heap.generation=gen1],Metric,3495312
06/06/2026 21:43:14,System.Runtime,dotnet.gc.last_collection.heap.fragmentation.size (By)[gc.heap.generation=poh],Metric,913240
06/06/2026 21:43:14,System.Runtime,dotnet.gc.last_collection.heap.fragmentation.size (By)[gc.heap.generation=gen0],Metric,3242776
06/06/2026 21:43:14,System.Runtime,dotnet.thread_pool.queue.length ({work_item} / 1 sec),Rate,0
06/06/2026 21:43:14,System.Runtime,dotnet.gc.last_collection.memory.committed_size (By),Metric,459554816
06/06/2026 21:43:14,System.Runtime,dotnet.process.cpu.count ({cpu}),Metric,4
06/06/2026 21:43:14,System.Runtime,dotnet.timer.count ({timer}),Metric,28
06/06/2026 21:43:14,System.Runtime,dotnet.gc.collections ({collection} / 1 sec)[gc.heap.generation=gen2],Rate,0
06/06/2026 21:43:14,System.Runtime,dotnet.gc.collections ({collection} / 1 sec)[gc.heap.generation=gen1],Rate,0
06/06/2026 21:43:14,System.Runtime,dotnet.gc.collections ({collection} / 1 sec)[gc.heap.generation=gen0],Rate,0
06/06/2026 21:43:14,System.Runtime,dotnet.gc.pause.time (s / 1 sec),Rate,0
06/06/2026 21:43:15,System.Runtime,dotnet.exceptions ({exception} / 1 sec)[error.type=SocketException],Rate,92
06/06/2026 21:43:15,System.Runtime,dotnet.exceptions ({exception} / 1 sec)[error.type=CachedInternalErrorException],Rate,0
06/06/2026 21:43:15,System.Runtime,dotnet.exceptions ({exception} / 1 sec)[error.type=CachedNetworkException],Rate,24
06/06/2026 21:43:15,System.Runtime,dotnet.jit.compilation.time (s / 1 sec),Rate,0
06/06/2026 21:43:15,System.Runtime,dotnet.jit.compiled_il.size (By / 1 sec),Rate,0
06/06/2026 21:43:15,System.Runtime,dotnet.process.memory.working_set (By),Metric,637779968
06/06/2026 21:43:15,System.Runtime,dotnet.jit.compiled_methods ({method} / 1 sec),Rate,0
06/06/2026 21:43:15,System.Runtime,dotnet.gc.last_collection.heap.size (By)[gc.heap.generation=loh],Metric,43087952
06/06/2026 21:43:15,System.Runtime,dotnet.gc.last_collection.heap.size (By)[gc.heap.generation=gen2],Metric,108627040
06/06/2026 21:43:15,System.Runtime,dotnet.gc.last_collection.heap.size (By)[gc.heap.generation=gen1],Metric,66302792
06/06/2026 21:43:15,System.Runtime,dotnet.gc.last_collection.heap.size (By)[gc.heap.generation=poh],Metric,187741240
06/06/2026 21:43:15,System.Runtime,dotnet.gc.last_collection.heap.size (By)[gc.heap.generation=gen0],Metric,9811800
06/06/2026 21:43:15,System.Runtime,dotnet.monitor.lock_contentions ({contention} / 1 sec),Rate,80
06/06/2026 21:43:15,System.Runtime,dotnet.process.cpu.time (s / 1 sec)[cpu.mode=system],Rate,0.02922599999999953
06/06/2026 21:43:15,System.Runtime,dotnet.process.cpu.time (s / 1 sec)[cpu.mode=user],Rate,0.22324199999999905
06/06/2026 21:43:15,System.Runtime,dotnet.thread_pool.thread.count ({thread} / 1 sec),Rate,0
06/06/2026 21:43:15,System.Runtime,dotnet.assembly.count ({assembly}),Metric,54
06/06/2026 21:43:15,System.Runtime,dotnet.thread_pool.work_item.count ({work_item} / 1 sec),Rate,8167
06/06/2026 21:43:15,System.Runtime,dotnet.gc.heap.total_allocated (By / 1 sec),Rate,3084792
06/06/2026 21:43:15,System.Runtime,dotnet.gc.last_collection.heap.fragmentation.size (By)[gc.heap.generation=loh],Metric,39385704
06/06/2026 21:43:15,System.Runtime,dotnet.gc.last_collection.heap.fragmentation.size (By)[gc.heap.generation=gen2],Metric,32038504
06/06/2026 21:43:15,System.Runtime,dotnet.gc.last_collection.heap.fragmentation.size (By)[gc.heap.generation=gen1],Metric,3495312
06/06/2026 21:43:15,System.Runtime,dotnet.gc.last_collection.heap.fragmentation.size (By)[gc.heap.generation=poh],Metric,913240
06/06/2026 21:43:15,System.Runtime,dotnet.gc.last_collection.heap.fragmentation.size (By)[gc.heap.generation=gen0],Metric,3242776
06/06/2026 21:43:15,System.Runtime,dotnet.thread_pool.queue.length ({work_item} / 1 sec),Rate,0
06/06/2026 21:43:15,System.Runtime,dotnet.gc.last_collection.memory.committed_size (By),Metric,459554816
06/06/2026 21:43:15,System.Runtime,dotnet.process.cpu.count ({cpu}),Metric,4
06/06/2026 21:43:15,System.Runtime,dotnet.timer.count ({timer}),Metric,28
06/06/2026 21:43:15,System.Runtime,dotnet.gc.collections ({collection} / 1 sec)[gc.heap.generation=gen2],Rate,0
06/06/2026 21:43:15,System.Runtime,dotnet.gc.collections ({collection} / 1 sec)[gc.heap.generation=gen1],Rate,0
06/06/2026 21:43:15,System.Runtime,dotnet.gc.collections ({collection} / 1 sec)[gc.heap.generation=gen0],Rate,0
06/06/2026 21:43:15,System.Runtime,dotnet.gc.pause.time (s / 1 sec),Rate,0
06/06/2026 21:43:16,System.Runtime,dotnet.exceptions ({exception} / 1 sec)[error.type=SocketException],Rate,668
06/06/2026 21:43:16,System.Runtime,dotnet.exceptions ({exception} / 1 sec)[error.type=CachedInternalErrorException],Rate,1
06/06/2026 21:43:16,System.Runtime,dotnet.exceptions ({exception} / 1 sec)[error.type=CachedNetworkException],Rate,62
06/06/2026 21:43:16,System.Runtime,dotnet.jit.compilation.time (s / 1 sec),Rate,0
06/06/2026 21:43:16,System.Runtime,dotnet.jit.compiled_il.size (By / 1 sec),Rate,0
06/06/2026 21:43:16,System.Runtime,dotnet.process.memory.working_set (By),Metric,653508608
06/06/2026 21:43:16,System.Runtime,dotnet.jit.compiled_methods ({method} / 1 sec),Rate,0
06/06/2026 21:43:16,System.Runtime,dotnet.gc.last_collection.heap.size (By)[gc.heap.generation=loh],Metric,47791424
06/06/2026 21:43:16,System.Runtime,dotnet.gc.last_collection.heap.size (By)[gc.heap.generation=gen2],Metric,108627040
06/06/2026 21:43:16,System.Runtime,dotnet.gc.last_collection.heap.size (By)[gc.heap.generation=gen1],Metric,113494848
06/06/2026 21:43:16,System.Runtime,dotnet.gc.last_collection.heap.size (By)[gc.heap.generation=poh],Metric,187741240
06/06/2026 21:43:16,System.Runtime,dotnet.gc.last_collection.heap.size (By)[gc.heap.generation=gen0],Metric,0
06/06/2026 21:43:16,System.Runtime,dotnet.monitor.lock_contentions ({contention} / 1 sec),Rate,138
06/06/2026 21:43:16,System.Runtime,dotnet.process.cpu.time (s / 1 sec)[cpu.mode=system],Rate,0.577966
06/06/2026 21:43:16,System.Runtime,dotnet.process.cpu.time (s / 1 sec)[cpu.mode=user],Rate,2.3209540000000004
06/06/2026 21:43:16,System.Runtime,dotnet.thread_pool.thread.count ({thread} / 1 sec),Rate,0
06/06/2026 21:43:16,System.Runtime,dotnet.assembly.count ({assembly}),Metric,54
06/06/2026 21:43:16,System.Runtime,dotnet.thread_pool.work_item.count ({work_item} / 1 sec),Rate,54841
06/06/2026 21:43:16,System.Runtime,dotnet.gc.heap.total_allocated (By / 1 sec),Rate,18057776
06/06/2026 21:43:16,System.Runtime,dotnet.gc.last_collection.heap.fragmentation.size (By)[gc.heap.generation=loh],Metric,33486416
06/06/2026 21:43:16,System.Runtime,dotnet.gc.last_collection.heap.fragmentation.size (By)[gc.heap.generation=gen2],Metric,32038504
06/06/2026 21:43:16,System.Runtime,dotnet.gc.last_collection.heap.fragmentation.size (By)[gc.heap.generation=gen1],Metric,3686728
06/06/2026 21:43:16,System.Runtime,dotnet.gc.last_collection.heap.fragmentation.size (By)[gc.heap.generation=poh],Metric,913240
06/06/2026 21:43:16,System.Runtime,dotnet.gc.last_collection.heap.fragmentation.size (By)[gc.heap.generation=gen0],Metric,0
06/06/2026 21:43:16,System.Runtime,dotnet.thread_pool.queue.length ({work_item} / 1 sec),Rate,1484
06/06/2026 21:43:16,System.Runtime,dotnet.gc.last_collection.memory.committed_size (By),Metric,579371008
06/06/2026 21:43:16,System.Runtime,dotnet.process.cpu.count ({cpu}),Metric,4
06/06/2026 21:43:16,System.Runtime,dotnet.timer.count ({timer}),Metric,28
06/06/2026 21:43:16,System.Runtime,dotnet.gc.collections ({collection} / 1 sec)[gc.heap.generation=gen2],Rate,0
06/06/2026 21:43:16,System.Runtime,dotnet.gc.collections ({collection} / 1 sec)[gc.heap.generation=gen1],Rate,0
06/06/2026 21:43:16,System.Runtime,dotnet.gc.collections ({collection} / 1 sec)[gc.heap.generation=gen0],Rate,1
06/06/2026 21:43:16,System.Runtime,dotnet.gc.pause.time (s / 1 sec),Rate,0.1808590000000001
06/06/2026 21:43:17,System.Runtime,dotnet.exceptions ({exception} / 1 sec)[error.type=SocketException],Rate,216
06/06/2026 21:43:17,System.Runtime,dotnet.exceptions ({exception} / 1 sec)[error.type=CachedInternalErrorException],Rate,0
06/06/2026 21:43:17,System.Runtime,dotnet.exceptions ({exception} / 1 sec)[error.type=CachedNetworkException],Rate,0
06/06/2026 21:43:17,System.Runtime,dotnet.jit.compilation.time (s / 1 sec),Rate,0.0008680999999999273
06/06/2026 21:43:17,System.Runtime,dotnet.jit.compiled_il.size (By / 1 sec),Rate,26
06/06/2026 21:43:17,System.Runtime,dotnet.process.memory.working_set (By),Metric,653508608
06/06/2026 21:43:17,System.Runtime,dotnet.jit.compiled_methods ({method} / 1 sec),Rate,1
06/06/2026 21:43:17,System.Runtime,dotnet.gc.last_collection.heap.size (By)[gc.heap.generation=loh],Metric,47791424
06/06/2026 21:43:17,System.Runtime,dotnet.gc.last_collection.heap.size (By)[gc.heap.generation=gen2],Metric,108627040
06/06/2026 21:43:17,System.Runtime,dotnet.gc.last_collection.heap.size (By)[gc.heap.generation=gen1],Metric,113494848
06/06/2026 21:43:17,System.Runtime,dotnet.gc.last_collection.heap.size (By)[gc.heap.generation=poh],Metric,187741240
06/06/2026 21:43:17,System.Runtime,dotnet.gc.last_collection.heap.size (By)[gc.heap.generation=gen0],Metric,0
06/06/2026 21:43:17,System.Runtime,dotnet.monitor.lock_contentions ({contention} / 1 sec),Rate,192
06/06/2026 21:43:17,System.Runtime,dotnet.process.cpu.time (s / 1 sec)[cpu.mode=system],Rate,0.8444780000000005
06/06/2026 21:43:17,System.Runtime,dotnet.process.cpu.time (s / 1 sec)[cpu.mode=user],Rate,2.8759979999999956
06/06/2026 21:43:17,System.Runtime,dotnet.thread_pool.thread.count ({thread} / 1 sec),Rate,0
06/06/2026 21:43:17,System.Runtime,dotnet.assembly.count ({assembly}),Metric,54
06/06/2026 21:43:17,System.Runtime,dotnet.thread_pool.work_item.count ({work_item} / 1 sec),Rate,92208
06/06/2026 21:43:17,System.Runtime,dotnet.gc.heap.total_allocated (By / 1 sec),Rate,24107856
06/06/2026 21:43:17,System.Runtime,dotnet.gc.last_collection.heap.fragmentation.size (By)[gc.heap.generation=loh],Metric,33486416
06/06/2026 21:43:17,System.Runtime,dotnet.gc.last_collection.heap.fragmentation.size (By)[gc.heap.generation=gen2],Metric,32038504
06/06/2026 21:43:17,System.Runtime,dotnet.gc.last_collection.heap.fragmentation.size (By)[gc.heap.generation=gen1],Metric,3686728
06/06/2026 21:43:17,System.Runtime,dotnet.gc.last_collection.heap.fragmentation.size (By)[gc.heap.generation=poh],Metric,913240
06/06/2026 21:43:17,System.Runtime,dotnet.gc.last_collection.heap.fragmentation.size (By)[gc.heap.generation=gen0],Metric,0
06/06/2026 21:43:17,System.Runtime,dotnet.thread_pool.queue.length ({work_item} / 1 sec),Rate,-1448
06/06/2026 21:43:17,System.Runtime,dotnet.gc.last_collection.memory.committed_size (By),Metric,579371008
06/06/2026 21:43:17,System.Runtime,dotnet.process.cpu.count ({cpu}),Metric,4
06/06/2026 21:43:17,System.Runtime,dotnet.timer.count ({timer}),Metric,28
06/06/2026 21:43:17,System.Runtime,dotnet.gc.collections ({collection} / 1 sec)[gc.heap.generation=gen2],Rate,0
06/06/2026 21:43:17,System.Runtime,dotnet.gc.collections ({collection} / 1 sec)[gc.heap.generation=gen1],Rate,0
06/06/2026 21:43:17,System.Runtime,dotnet.gc.collections ({collection} / 1 sec)[gc.heap.generation=gen0],Rate,0
06/06/2026 21:43:17,System.Runtime,dotnet.gc.pause.time (s / 1 sec),Rate,0
06/06/2026 21:43:18,System.Runtime,dotnet.exceptions ({exception} / 1 sec)[error.type=SocketException],Rate,22
06/06/2026 21:43:18,System.Runtime,dotnet.exceptions ({exception} / 1 sec)[error.type=CachedInternalErrorException],Rate,0
06/06/2026 21:43:18,System.Runtime,dotnet.exceptions ({exception} / 1 sec)[error.type=CachedNetworkException],Rate,0
06/06/2026 21:43:18,System.Runtime,dotnet.jit.compilation.time (s / 1 sec),Rate,0.005068500000000142
06/06/2026 21:43:18,System.Runtime,dotnet.jit.compiled_il.size (By / 1 sec),Rate,412
06/06/2026 21:43:18,System.Runtime,dotnet.process.memory.working_set (By),Metric,653508608
06/06/2026 21:43:18,System.Runtime,dotnet.jit.compiled_methods ({method} / 1 sec),Rate,6
06/06/2026 21:43:18,System.Runtime,dotnet.gc.last_collection.heap.size (By)[gc.heap.generation=loh],Metric,47791424
06/06/2026 21:43:18,System.Runtime,dotnet.gc.last_collection.heap.size (By)[gc.heap.generation=gen2],Metric,108627040
06/06/2026 21:43:18,System.Runtime,dotnet.gc.last_collection.heap.size (By)[gc.heap.generation=gen1],Metric,113494848
06/06/2026 21:43:18,System.Runtime,dotnet.gc.last_collection.heap.size (By)[gc.heap.generation=poh],Metric,187741240
06/06/2026 21:43:18,System.Runtime,dotnet.gc.last_collection.heap.size (By)[gc.heap.generation=gen0],Metric,0
06/06/2026 21:43:18,System.Runtime,dotnet.monitor.lock_contentions ({contention} / 1 sec),Rate,191
06/06/2026 21:43:18,System.Runtime,dotnet.process.cpu.time (s / 1 sec)[cpu.mode=system],Rate,0.6398890000000002
06/06/2026 21:43:18,System.Runtime,dotnet.process.cpu.time (s / 1 sec)[cpu.mode=user],Rate,2.0801560000000023
06/06/2026 21:43:18,System.Runtime,dotnet.thread_pool.thread.count ({thread} / 1 sec),Rate,0
06/06/2026 21:43:18,System.Runtime,dotnet.assembly.count ({assembly}),Metric,54
06/06/2026 21:43:18,System.Runtime,dotnet.thread_pool.work_item.count ({work_item} / 1 sec),Rate,78720
06/06/2026 21:43:18,System.Runtime,dotnet.gc.heap.total_allocated (By / 1 sec),Rate,21735296
06/06/2026 21:43:18,System.Runtime,dotnet.gc.last_collection.heap.fragmentation.size (By)[gc.heap.generation=loh],Metric,33486416
06/06/2026 21:43:18,System.Runtime,dotnet.gc.last_collection.heap.fragmentation.size (By)[gc.heap.generation=gen2],Metric,32038504
06/06/2026 21:43:18,System.Runtime,dotnet.gc.last_collection.heap.fragmentation.size (By)[gc.heap.generation=gen1],Metric,3686728
06/06/2026 21:43:18,System.Runtime,dotnet.gc.last_collection.heap.fragmentation.size (By)[gc.heap.generation=poh],Metric,913240
06/06/2026 21:43:18,System.Runtime,dotnet.gc.last_collection.heap.fragmentation.size (By)[gc.heap.generation=gen0],Metric,0
06/06/2026 21:43:18,System.Runtime,dotnet.thread_pool.queue.length ({work_item} / 1 sec),Rate,-36
06/06/2026 21:43:18,System.Runtime,dotnet.gc.last_collection.memory.committed_size (By),Metric,579371008
06/06/2026 21:43:18,System.Runtime,dotnet.process.cpu.count ({cpu}),Metric,4
06/06/2026 21:43:18,System.Runtime,dotnet.timer.count ({timer}),Metric,28
06/06/2026 21:43:18,System.Runtime,dotnet.gc.collections ({collection} / 1 sec)[gc.heap.generation=gen2],Rate,0
06/06/2026 21:43:18,System.Runtime,dotnet.gc.collections ({collection} / 1 sec)[gc.heap.generation=gen1],Rate,0
06/06/2026 21:43:18,System.Runtime,dotnet.gc.collections ({collection} / 1 sec)[gc.heap.generation=gen0],Rate,0
06/06/2026 21:43:18,System.Runtime,dotnet.gc.pause.time (s / 1 sec),Rate,0
06/06/2026 21:43:19,System.Runtime,dotnet.exceptions ({exception} / 1 sec)[error.type=ObjectDisposedException],Rate,9
06/06/2026 21:43:19,System.Runtime,dotnet.exceptions ({exception} / 1 sec)[error.type=SocketException],Rate,0
06/06/2026 21:43:19,System.Runtime,dotnet.exceptions ({exception} / 1 sec)[error.type=CachedInternalErrorException],Rate,0
06/06/2026 21:43:19,System.Runtime,dotnet.exceptions ({exception} / 1 sec)[error.type=CachedNetworkException],Rate,46
06/06/2026 21:43:19,System.Runtime,dotnet.jit.compilation.time (s / 1 sec),Rate,0.015293899999999638
06/06/2026 21:43:19,System.Runtime,dotnet.jit.compiled_il.size (By / 1 sec),Rate,2788
06/06/2026 21:43:19,System.Runtime,dotnet.process.memory.working_set (By),Metric,653508608
06/06/2026 21:43:19,System.Runtime,dotnet.jit.compiled_methods ({method} / 1 sec),Rate,43
06/06/2026 21:43:19,System.Runtime,dotnet.gc.last_collection.heap.size (By)[gc.heap.generation=loh],Metric,47791424
06/06/2026 21:43:19,System.Runtime,dotnet.gc.last_collection.heap.size (By)[gc.heap.generation=gen2],Metric,108627040
06/06/2026 21:43:19,System.Runtime,dotnet.gc.last_collection.heap.size (By)[gc.heap.generation=gen1],Metric,113494848
06/06/2026 21:43:19,System.Runtime,dotnet.gc.last_collection.heap.size (By)[gc.heap.generation=poh],Metric,187741240
06/06/2026 21:43:19,System.Runtime,dotnet.gc.last_collection.heap.size (By)[gc.heap.generation=gen0],Metric,0
06/06/2026 21:43:19,System.Runtime,dotnet.monitor.lock_contentions ({contention} / 1 sec),Rate,188
06/06/2026 21:43:19,System.Runtime,dotnet.process.cpu.time (s / 1 sec)[cpu.mode=system],Rate,0.2804719999999996
06/06/2026 21:43:19,System.Runtime,dotnet.process.cpu.time (s / 1 sec)[cpu.mode=user],Rate,0.8701750000000033
06/06/2026 21:43:19,System.Runtime,dotnet.thread_pool.thread.count ({thread} / 1 sec),Rate,0
06/06/2026 21:43:19,System.Runtime,dotnet.assembly.count ({assembly}),Metric,54
06/06/2026 21:43:19,System.Runtime,dotnet.thread_pool.work_item.count ({work_item} / 1 sec),Rate,54072
06/06/2026 21:43:19,System.Runtime,dotnet.gc.heap.total_allocated (By / 1 sec),Rate,18457544
06/06/2026 21:43:19,System.Runtime,dotnet.gc.last_collection.heap.fragmentation.size (By)[gc.heap.generation=loh],Metric,33486416
06/06/2026 21:43:19,System.Runtime,dotnet.gc.last_collection.heap.fragmentation.size (By)[gc.heap.generation=gen2],Metric,32038504
06/06/2026 21:43:19,System.Runtime,dotnet.gc.last_collection.heap.fragmentation.size (By)[gc.heap.generation=gen1],Metric,3686728
06/06/2026 21:43:19,System.Runtime,dotnet.gc.last_collection.heap.fragmentation.size (By)[gc.heap.generation=poh],Metric,913240
06/06/2026 21:43:19,System.Runtime,dotnet.gc.last_collection.heap.fragmentation.size (By)[gc.heap.generation=gen0],Metric,0
06/06/2026 21:43:19,System.Runtime,dotnet.thread_pool.queue.length ({work_item} / 1 sec),Rate,0
06/06/2026 21:43:19,System.Runtime,dotnet.gc.last_collection.memory.committed_size (By),Metric,579371008
06/06/2026 21:43:19,System.Runtime,dotnet.process.cpu.count ({cpu}),Metric,4
06/06/2026 21:43:19,System.Runtime,dotnet.timer.count ({timer}),Metric,28
06/06/2026 21:43:19,System.Runtime,dotnet.gc.collections ({collection} / 1 sec)[gc.heap.generation=gen2],Rate,0
06/06/2026 21:43:19,System.Runtime,dotnet.gc.collections ({collection} / 1 sec)[gc.heap.generation=gen1],Rate,0
06/06/2026 21:43:19,System.Runtime,dotnet.gc.collections ({collection} / 1 sec)[gc.heap.generation=gen0],Rate,0
06/06/2026 21:43:19,System.Runtime,dotnet.gc.pause.time (s / 1 sec),Rate,0
06/06/2026 21:43:20,System.Runtime,dotnet.exceptions ({exception} / 1 sec)[error.type=ObjectDisposedException],Rate,0
06/06/2026 21:43:20,System.Runtime,dotnet.exceptions ({exception} / 1 sec)[error.type=SocketException],Rate,0
06/06/2026 21:43:20,System.Runtime,dotnet.exceptions ({exception} / 1 sec)[error.type=CachedInternalErrorException],Rate,0
06/06/2026 21:43:20,System.Runtime,dotnet.exceptions ({exception} / 1 sec)[error.type=CachedNetworkException],Rate,0
06/06/2026 21:43:20,System.Runtime,dotnet.jit.compilation.time (s / 1 sec),Rate,0.005487900000000323
06/06/2026 21:43:20,System.Runtime,dotnet.jit.compiled_il.size (By / 1 sec),Rate,987
06/06/2026 21:43:20,System.Runtime,dotnet.process.memory.working_set (By),Metric,653508608
06/06/2026 21:43:20,System.Runtime,dotnet.jit.compiled_methods ({method} / 1 sec),Rate,31
06/06/2026 21:43:20,System.Runtime,dotnet.gc.last_collection.heap.size (By)[gc.heap.generation=loh],Metric,47791424
06/06/2026 21:43:20,System.Runtime,dotnet.gc.last_collection.heap.size (By)[gc.heap.generation=gen2],Metric,108627040
06/06/2026 21:43:20,System.Runtime,dotnet.gc.last_collection.heap.size (By)[gc.heap.generation=gen1],Metric,113494848
06/06/2026 21:43:20,System.Runtime,dotnet.gc.last_collection.heap.size (By)[gc.heap.generation=poh],Metric,187741240
06/06/2026 21:43:20,System.Runtime,dotnet.gc.last_collection.heap.size (By)[gc.heap.generation=gen0],Metric,0
06/06/2026 21:43:20,System.Runtime,dotnet.monitor.lock_contentions ({contention} / 1 sec),Rate,211
06/06/2026 21:43:20,System.Runtime,dotnet.process.cpu.time (s / 1 sec)[cpu.mode=system],Rate,0.1647810000000014
06/06/2026 21:43:20,System.Runtime,dotnet.process.cpu.time (s / 1 sec)[cpu.mode=user],Rate,0.36358999999998787
06/06/2026 21:43:20,System.Runtime,dotnet.thread_pool.thread.count ({thread} / 1 sec),Rate,0
06/06/2026 21:43:20,System.Runtime,dotnet.assembly.count ({assembly}),Metric,54
06/06/2026 21:43:20,System.Runtime,dotnet.thread_pool.work_item.count ({work_item} / 1 sec),Rate,33779
06/06/2026 21:43:20,System.Runtime,dotnet.gc.heap.total_allocated (By / 1 sec),Rate,13170680
06/06/2026 21:43:20,System.Runtime,dotnet.gc.last_collection.heap.fragmentation.size (By)[gc.heap.generation=loh],Metric,33486416
06/06/2026 21:43:20,System.Runtime,dotnet.gc.last_collection.heap.fragmentation.size (By)[gc.heap.generation=gen2],Metric,32038504
06/06/2026 21:43:20,System.Runtime,dotnet.gc.last_collection.heap.fragmentation.size (By)[gc.heap.generation=gen1],Metric,3686728
06/06/2026 21:43:20,System.Runtime,dotnet.gc.last_collection.heap.fragmentation.size (By)[gc.heap.generation=poh],Metric,913240
06/06/2026 21:43:20,System.Runtime,dotnet.gc.last_collection.heap.fragmentation.size (By)[gc.heap.generation=gen0],Metric,0
06/06/2026 21:43:20,System.Runtime,dotnet.thread_pool.queue.length ({work_item} / 1 sec),Rate,8
06/06/2026 21:43:20,System.Runtime,dotnet.gc.last_collection.memory.committed_size (By),Metric,579371008
06/06/2026 21:43:20,System.Runtime,dotnet.process.cpu.count ({cpu}),Metric,4
06/06/2026 21:43:20,System.Runtime,dotnet.timer.count ({timer}),Metric,28
06/06/2026 21:43:20,System.Runtime,dotnet.gc.collections ({collection} / 1 sec)[gc.heap.generation=gen2],Rate,0
06/06/2026 21:43:20,System.Runtime,dotnet.gc.collections ({collection} / 1 sec)[gc.heap.generation=gen1],Rate,0
06/06/2026 21:43:20,System.Runtime,dotnet.gc.collections ({collection} / 1 sec)[gc.heap.generation=gen0],Rate,0
06/06/2026 21:43:20,System.Runtime,dotnet.gc.pause.time (s / 1 sec),Rate,0
06/06/2026 21:43:21,System.Runtime,dotnet.exceptions ({exception} / 1 sec)[error.type=ObjectDisposedException],Rate,0
06/06/2026 21:43:21,System.Runtime,dotnet.exceptions ({exception} / 1 sec)[error.type=SocketException],Rate,0
06/06/2026 21:43:21,System.Runtime,dotnet.exceptions ({exception} / 1 sec)[error.type=CachedInternalErrorException],Rate,0
06/06/2026 21:43:21,System.Runtime,dotnet.exceptions ({exception} / 1 sec)[error.type=CachedNetworkException],Rate,0
06/06/2026 21:43:21,System.Runtime,dotnet.jit.compilation.time (s / 1 sec),Rate,0.0024359000000000464
06/06/2026 21:43:21,System.Runtime,dotnet.jit.compiled_il.size (By / 1 sec),Rate,47
06/06/2026 21:43:21,System.Runtime,dotnet.process.memory.working_set (By),Metric,659275776
06/06/2026 21:43:21,System.Runtime,dotnet.jit.compiled_methods ({method} / 1 sec),Rate,2
06/06/2026 21:43:21,System.Runtime,dotnet.gc.last_collection.heap.size (By)[gc.heap.generation=loh],Metric,47791424
06/06/2026 21:43:21,System.Runtime,dotnet.gc.last_collection.heap.size (By)[gc.heap.generation=gen2],Metric,108627040
06/06/2026 21:43:21,System.Runtime,dotnet.gc.last_collection.heap.size (By)[gc.heap.generation=gen1],Metric,113494848
06/06/2026 21:43:21,System.Runtime,dotnet.gc.last_collection.heap.size (By)[gc.heap.generation=poh],Metric,187741240
06/06/2026 21:43:21,System.Runtime,dotnet.gc.last_collection.heap.size (By)[gc.heap.generation=gen0],Metric,0
06/06/2026 21:43:21,System.Runtime,dotnet.monitor.lock_contentions ({contention} / 1 sec),Rate,340
06/06/2026 21:43:21,System.Runtime,dotnet.process.cpu.time (s / 1 sec)[cpu.mode=system],Rate,0.5624539999999989
06/06/2026 21:43:21,System.Runtime,dotnet.process.cpu.time (s / 1 sec)[cpu.mode=user],Rate,2.058195000000012
06/06/2026 21:43:21,System.Runtime,dotnet.thread_pool.thread.count ({thread} / 1 sec),Rate,0
06/06/2026 21:43:21,System.Runtime,dotnet.assembly.count ({assembly}),Metric,54
06/06/2026 21:43:21,System.Runtime,dotnet.thread_pool.work_item.count ({work_item} / 1 sec),Rate,81817
06/06/2026 21:43:21,System.Runtime,dotnet.gc.heap.total_allocated (By / 1 sec),Rate,21545064
06/06/2026 21:43:21,System.Runtime,dotnet.gc.last_collection.heap.fragmentation.size (By)[gc.heap.generation=loh],Metric,33486416
06/06/2026 21:43:21,System.Runtime,dotnet.gc.last_collection.heap.fragmentation.size (By)[gc.heap.generation=gen2],Metric,32038504
06/06/2026 21:43:21,System.Runtime,dotnet.gc.last_collection.heap.fragmentation.size (By)[gc.heap.generation=gen1],Metric,3686728
06/06/2026 21:43:21,System.Runtime,dotnet.gc.last_collection.heap.fragmentation.size (By)[gc.heap.generation=poh],Metric,913240
06/06/2026 21:43:21,System.Runtime,dotnet.gc.last_collection.heap.fragmentation.size (By)[gc.heap.generation=gen0],Metric,0
06/06/2026 21:43:21,System.Runtime,dotnet.thread_pool.queue.length ({work_item} / 1 sec),Rate,26
06/06/2026 21:43:21,System.Runtime,dotnet.gc.last_collection.memory.committed_size (By),Metric,579371008
06/06/2026 21:43:21,System.Runtime,dotnet.process.cpu.count ({cpu}),Metric,4
06/06/2026 21:43:21,System.Runtime,dotnet.timer.count ({timer}),Metric,28
06/06/2026 21:43:21,System.Runtime,dotnet.gc.collections ({collection} / 1 sec)[gc.heap.generation=gen2],Rate,0
06/06/2026 21:43:21,System.Runtime,dotnet.gc.collections ({collection} / 1 sec)[gc.heap.generation=gen1],Rate,0
06/06/2026 21:43:21,System.Runtime,dotnet.gc.collections ({collection} / 1 sec)[gc.heap.generation=gen0],Rate,0
06/06/2026 21:43:21,System.Runtime,dotnet.gc.pause.time (s / 1 sec),Rate,0
06/06/2026 21:43:22,System.Runtime,dotnet.exceptions ({exception} / 1 sec)[error.type=ObjectDisposedException],Rate,0
06/06/2026 21:43:22,System.Runtime,dotnet.exceptions ({exception} / 1 sec)[error.type=SocketException],Rate,0
06/06/2026 21:43:22,System.Runtime,dotnet.exceptions ({exception} / 1 sec)[error.type=CachedInternalErrorException],Rate,0
06/06/2026 21:43:22,System.Runtime,dotnet.exceptions ({exception} / 1 sec)[error.type=CachedNetworkException],Rate,0
06/06/2026 21:43:22,System.Runtime,dotnet.jit.compilation.time (s / 1 sec),Rate,0
06/06/2026 21:43:22,System.Runtime,dotnet.jit.compiled_il.size (By / 1 sec),Rate,0
06/06/2026 21:43:22,System.Runtime,dotnet.process.memory.working_set (By),Metric,675004416
06/06/2026 21:43:22,System.Runtime,dotnet.jit.compiled_methods ({method} / 1 sec),Rate,0
06/06/2026 21:43:22,System.Runtime,dotnet.gc.last_collection.heap.size (By)[gc.heap.generation=loh],Metric,47791424
06/06/2026 21:43:22,System.Runtime,dotnet.gc.last_collection.heap.size (By)[gc.heap.generation=gen2],Metric,108627040
06/06/2026 21:43:22,System.Runtime,dotnet.gc.last_collection.heap.size (By)[gc.heap.generation=gen1],Metric,113494848
06/06/2026 21:43:22,System.Runtime,dotnet.gc.last_collection.heap.size (By)[gc.heap.generation=poh],Metric,187741240
06/06/2026 21:43:22,System.Runtime,dotnet.gc.last_collection.heap.size (By)[gc.heap.generation=gen0],Metric,0
06/06/2026 21:43:22,System.Runtime,dotnet.monitor.lock_contentions ({contention} / 1 sec),Rate,273
06/06/2026 21:43:22,System.Runtime,dotnet.process.cpu.time (s / 1 sec)[cpu.mode=system],Rate,1.005831999999998
06/06/2026 21:43:22,System.Runtime,dotnet.process.cpu.time (s / 1 sec)[cpu.mode=user],Rate,2.729011
06/06/2026 21:43:22,System.Runtime,dotnet.thread_pool.thread.count ({thread} / 1 sec),Rate,0
06/06/2026 21:43:22,System.Runtime,dotnet.assembly.count ({assembly}),Metric,54
06/06/2026 21:43:22,System.Runtime,dotnet.thread_pool.work_item.count ({work_item} / 1 sec),Rate,97371
06/06/2026 21:43:22,System.Runtime,dotnet.gc.heap.total_allocated (By / 1 sec),Rate,23657416
06/06/2026 21:43:22,System.Runtime,dotnet.gc.last_collection.heap.fragmentation.size (By)[gc.heap.generation=loh],Metric,33486416
06/06/2026 21:43:22,System.Runtime,dotnet.gc.last_collection.heap.fragmentation.size (By)[gc.heap.generation=gen2],Metric,32038504
06/06/2026 21:43:22,System.Runtime,dotnet.gc.last_collection.heap.fragmentation.size (By)[gc.heap.generation=gen1],Metric,3686728
06/06/2026 21:43:22,System.Runtime,dotnet.gc.last_collection.heap.fragmentation.size (By)[gc.heap.generation=poh],Metric,913240
06/06/2026 21:43:22,System.Runtime,dotnet.gc.last_collection.heap.fragmentation.size (By)[gc.heap.generation=gen0],Metric,0
06/06/2026 21:43:22,System.Runtime,dotnet.thread_pool.queue.length ({work_item} / 1 sec),Rate,1147
06/06/2026 21:43:22,System.Runtime,dotnet.gc.last_collection.memory.committed_size (By),Metric,579371008
06/06/2026 21:43:22,System.Runtime,dotnet.process.cpu.count ({cpu}),Metric,4
06/06/2026 21:43:22,System.Runtime,dotnet.timer.count ({timer}),Metric,28
06/06/2026 21:43:22,System.Runtime,dotnet.gc.collections ({collection} / 1 sec)[gc.heap.generation=gen2],Rate,0
06/06/2026 21:43:22,System.Runtime,dotnet.gc.collections ({collection} / 1 sec)[gc.heap.generation=gen1],Rate,0
06/06/2026 21:43:22,System.Runtime,dotnet.gc.collections ({collection} / 1 sec)[gc.heap.generation=gen0],Rate,0
06/06/2026 21:43:22,System.Runtime,dotnet.gc.pause.time (s / 1 sec),Rate,0
06/06/2026 21:43:23,System.Runtime,dotnet.exceptions ({exception} / 1 sec)[error.type=ObjectDisposedException],Rate,0
06/06/2026 21:43:23,System.Runtime,dotnet.exceptions ({exception} / 1 sec)[error.type=SocketException],Rate,0
06/06/2026 21:43:23,System.Runtime,dotnet.exceptions ({exception} / 1 sec)[error.type=CachedInternalErrorException],Rate,0
06/06/2026 21:43:23,System.Runtime,dotnet.exceptions ({exception} / 1 sec)[error.type=CachedNetworkException],Rate,0
06/06/2026 21:43:23,System.Runtime,dotnet.jit.compilation.time (s / 1 sec),Rate,0
06/06/2026 21:43:23,System.Runtime,dotnet.jit.compiled_il.size (By / 1 sec),Rate,0
06/06/2026 21:43:23,System.Runtime,dotnet.process.memory.working_set (By),Metric,693878784
06/06/2026 21:43:23,System.Runtime,dotnet.jit.compiled_methods ({method} / 1 sec),Rate,0
06/06/2026 21:43:23,System.Runtime,dotnet.gc.last_collection.heap.size (By)[gc.heap.generation=loh],Metric,47791424
06/06/2026 21:43:23,System.Runtime,dotnet.gc.last_collection.heap.size (By)[gc.heap.generation=gen2],Metric,108627040
06/06/2026 21:43:23,System.Runtime,dotnet.gc.last_collection.heap.size (By)[gc.heap.generation=gen1],Metric,113494848
06/06/2026 21:43:23,System.Runtime,dotnet.gc.last_collection.heap.size (By)[gc.heap.generation=poh],Metric,187741240
06/06/2026 21:43:23,System.Runtime,dotnet.gc.last_collection.heap.size (By)[gc.heap.generation=gen0],Metric,0
06/06/2026 21:43:23,System.Runtime,dotnet.monitor.lock_contentions ({contention} / 1 sec),Rate,201
06/06/2026 21:43:23,System.Runtime,dotnet.process.cpu.time (s / 1 sec)[cpu.mode=system],Rate,1.0617990000000006
06/06/2026 21:43:23,System.Runtime,dotnet.process.cpu.time (s / 1 sec)[cpu.mode=user],Rate,2.638486999999998
06/06/2026 21:43:23,System.Runtime,dotnet.thread_pool.thread.count ({thread} / 1 sec),Rate,0
06/06/2026 21:43:23,System.Runtime,dotnet.assembly.count ({assembly}),Metric,54
06/06/2026 21:43:23,System.Runtime,dotnet.thread_pool.work_item.count ({work_item} / 1 sec),Rate,96339
06/06/2026 21:43:23,System.Runtime,dotnet.gc.heap.total_allocated (By / 1 sec),Rate,23529672
06/06/2026 21:43:23,System.Runtime,dotnet.gc.last_collection.heap.fragmentation.size (By)[gc.heap.generation=loh],Metric,33486416
06/06/2026 21:43:23,System.Runtime,dotnet.gc.last_collection.heap.fragmentation.size (By)[gc.heap.generation=gen2],Metric,32038504
06/06/2026 21:43:23,System.Runtime,dotnet.gc.last_collection.heap.fragmentation.size (By)[gc.heap.generation=gen1],Metric,3686728
06/06/2026 21:43:23,System.Runtime,dotnet.gc.last_collection.heap.fragmentation.size (By)[gc.heap.generation=poh],Metric,913240
06/06/2026 21:43:23,System.Runtime,dotnet.gc.last_collection.heap.fragmentation.size (By)[gc.heap.generation=gen0],Metric,0
06/06/2026 21:43:23,System.Runtime,dotnet.thread_pool.queue.length ({work_item} / 1 sec),Rate,-868
06/06/2026 21:43:23,System.Runtime,dotnet.gc.last_collection.memory.committed_size (By),Metric,579371008
06/06/2026 21:43:23,System.Runtime,dotnet.process.cpu.count ({cpu}),Metric,4
06/06/2026 21:43:23,System.Runtime,dotnet.timer.count ({timer}),Metric,28
06/06/2026 21:43:23,System.Runtime,dotnet.gc.collections ({collection} / 1 sec)[gc.heap.generation=gen2],Rate,0
06/06/2026 21:43:23,System.Runtime,dotnet.gc.collections ({collection} / 1 sec)[gc.heap.generation=gen1],Rate,0
06/06/2026 21:43:23,System.Runtime,dotnet.gc.collections ({collection} / 1 sec)[gc.heap.generation=gen0],Rate,0
06/06/2026 21:43:23,System.Runtime,dotnet.gc.pause.time (s / 1 sec),Rate,0
06/06/2026 21:43:24,System.Runtime,dotnet.exceptions ({exception} / 1 sec)[error.type=ObjectDisposedException],Rate,0
06/06/2026 21:43:24,System.Runtime,dotnet.exceptions ({exception} / 1 sec)[error.type=SocketException],Rate,0
06/06/2026 21:43:24,System.Runtime,dotnet.exceptions ({exception} / 1 sec)[error.type=CachedInternalErrorException],Rate,0
06/06/2026 21:43:24,System.Runtime,dotnet.exceptions ({exception} / 1 sec)[error.type=CachedNetworkException],Rate,0
06/06/2026 21:43:24,System.Runtime,dotnet.jit.compilation.time (s / 1 sec),Rate,0.0002640999999998783
06/06/2026 21:43:24,System.Runtime,dotnet.jit.compiled_il.size (By / 1 sec),Rate,14
06/06/2026 21:43:24,System.Runtime,dotnet.process.memory.working_set (By),Metric,704888832
06/06/2026 21:43:24,System.Runtime,dotnet.jit.compiled_methods ({method} / 1 sec),Rate,2
06/06/2026 21:43:24,System.Runtime,dotnet.gc.last_collection.heap.size (By)[gc.heap.generation=loh],Metric,47791424
06/06/2026 21:43:24,System.Runtime,dotnet.gc.last_collection.heap.size (By)[gc.heap.generation=gen2],Metric,108627040
06/06/2026 21:43:24,System.Runtime,dotnet.gc.last_collection.heap.size (By)[gc.heap.generation=gen1],Metric,115789696
06/06/2026 21:43:24,System.Runtime,dotnet.gc.last_collection.heap.size (By)[gc.heap.generation=poh],Metric,187741240
06/06/2026 21:43:24,System.Runtime,dotnet.gc.last_collection.heap.size (By)[gc.heap.generation=gen0],Metric,0
06/06/2026 21:43:24,System.Runtime,dotnet.monitor.lock_contentions ({contention} / 1 sec),Rate,257
06/06/2026 21:43:24,System.Runtime,dotnet.process.cpu.time (s / 1 sec)[cpu.mode=system],Rate,0.5253540000000001
06/06/2026 21:43:24,System.Runtime,dotnet.process.cpu.time (s / 1 sec)[cpu.mode=user],Rate,1.8013139999999908
06/06/2026 21:43:24,System.Runtime,dotnet.thread_pool.thread.count ({thread} / 1 sec),Rate,0
06/06/2026 21:43:24,System.Runtime,dotnet.assembly.count ({assembly}),Metric,54
06/06/2026 21:43:24,System.Runtime,dotnet.thread_pool.work_item.count ({work_item} / 1 sec),Rate,61002
06/06/2026 21:43:24,System.Runtime,dotnet.gc.heap.total_allocated (By / 1 sec),Rate,15885104
06/06/2026 21:43:24,System.Runtime,dotnet.gc.last_collection.heap.fragmentation.size (By)[gc.heap.generation=loh],Metric,33486416
06/06/2026 21:43:24,System.Runtime,dotnet.gc.last_collection.heap.fragmentation.size (By)[gc.heap.generation=gen2],Metric,32038504
06/06/2026 21:43:24,System.Runtime,dotnet.gc.last_collection.heap.fragmentation.size (By)[gc.heap.generation=gen1],Metric,3714016
06/06/2026 21:43:24,System.Runtime,dotnet.gc.last_collection.heap.fragmentation.size (By)[gc.heap.generation=poh],Metric,913240
06/06/2026 21:43:24,System.Runtime,dotnet.gc.last_collection.heap.fragmentation.size (By)[gc.heap.generation=gen0],Metric,0
06/06/2026 21:43:24,System.Runtime,dotnet.thread_pool.queue.length ({work_item} / 1 sec),Rate,-313
06/06/2026 21:43:24,System.Runtime,dotnet.gc.last_collection.memory.committed_size (By),Metric,629964800
06/06/2026 21:43:24,System.Runtime,dotnet.process.cpu.count ({cpu}),Metric,4
06/06/2026 21:43:24,System.Runtime,dotnet.timer.count ({timer}),Metric,28
06/06/2026 21:43:24,System.Runtime,dotnet.gc.collections ({collection} / 1 sec)[gc.heap.generation=gen2],Rate,0
06/06/2026 21:43:24,System.Runtime,dotnet.gc.collections ({collection} / 1 sec)[gc.heap.generation=gen1],Rate,0
06/06/2026 21:43:24,System.Runtime,dotnet.gc.collections ({collection} / 1 sec)[gc.heap.generation=gen0],Rate,1
06/06/2026 21:43:24,System.Runtime,dotnet.gc.pause.time (s / 1 sec),Rate,0.025101999999999958
06/06/2026 21:43:25,System.Runtime,dotnet.exceptions ({exception} / 1 sec)[error.type=ObjectDisposedException],Rate,0
06/06/2026 21:43:25,System.Runtime,dotnet.exceptions ({exception} / 1 sec)[error.type=SocketException],Rate,0
06/06/2026 21:43:25,System.Runtime,dotnet.exceptions ({exception} / 1 sec)[error.type=CachedInternalErrorException],Rate,0
06/06/2026 21:43:25,System.Runtime,dotnet.exceptions ({exception} / 1 sec)[error.type=CachedNetworkException],Rate,0
06/06/2026 21:43:25,System.Runtime,dotnet.jit.compilation.time (s / 1 sec),Rate,0.020629900000000312
06/06/2026 21:43:25,System.Runtime,dotnet.jit.compiled_il.size (By / 1 sec),Rate,802
06/06/2026 21:43:25,System.Runtime,dotnet.process.memory.working_set (By),Metric,704888832
06/06/2026 21:43:25,System.Runtime,dotnet.jit.compiled_methods ({method} / 1 sec),Rate,20
06/06/2026 21:43:25,System.Runtime,dotnet.gc.last_collection.heap.size (By)[gc.heap.generation=loh],Metric,47791424
06/06/2026 21:43:25,System.Runtime,dotnet.gc.last_collection.heap.size (By)[gc.heap.generation=gen2],Metric,108627040
06/06/2026 21:43:25,System.Runtime,dotnet.gc.last_collection.heap.size (By)[gc.heap.generation=gen1],Metric,115789696
06/06/2026 21:43:25,System.Runtime,dotnet.gc.last_collection.heap.size (By)[gc.heap.generation=poh],Metric,187741240
06/06/2026 21:43:25,System.Runtime,dotnet.gc.last_collection.heap.size (By)[gc.heap.generation=gen0],Metric,0
06/06/2026 21:43:25,System.Runtime,dotnet.monitor.lock_contentions ({contention} / 1 sec),Rate,180
06/06/2026 21:43:25,System.Runtime,dotnet.process.cpu.time (s / 1 sec)[cpu.mode=system],Rate,0.19072000000000244
06/06/2026 21:43:25,System.Runtime,dotnet.process.cpu.time (s / 1 sec)[cpu.mode=user],Rate,0.4519870000000026
06/06/2026 21:43:25,System.Runtime,dotnet.thread_pool.thread.count ({thread} / 1 sec),Rate,0
06/06/2026 21:43:25,System.Runtime,dotnet.assembly.count ({assembly}),Metric,54
06/06/2026 21:43:25,System.Runtime,dotnet.thread_pool.work_item.count ({work_item} / 1 sec),Rate,40737
06/06/2026 21:43:25,System.Runtime,dotnet.gc.heap.total_allocated (By / 1 sec),Rate,15835272
06/06/2026 21:43:25,System.Runtime,dotnet.gc.last_collection.heap.fragmentation.size (By)[gc.heap.generation=loh],Metric,33486416
06/06/2026 21:43:25,System.Runtime,dotnet.gc.last_collection.heap.fragmentation.size (By)[gc.heap.generation=gen2],Metric,32038504
06/06/2026 21:43:25,System.Runtime,dotnet.gc.last_collection.heap.fragmentation.size (By)[gc.heap.generation=gen1],Metric,3714016
06/06/2026 21:43:25,System.Runtime,dotnet.gc.last_collection.heap.fragmentation.size (By)[gc.heap.generation=poh],Metric,913240
06/06/2026 21:43:25,System.Runtime,dotnet.gc.last_collection.heap.fragmentation.size (By)[gc.heap.generation=gen0],Metric,0
06/06/2026 21:43:25,System.Runtime,dotnet.thread_pool.queue.length ({work_item} / 1 sec),Rate,0
06/06/2026 21:43:25,System.Runtime,dotnet.gc.last_collection.memory.committed_size (By),Metric,629964800
06/06/2026 21:43:25,System.Runtime,dotnet.process.cpu.count ({cpu}),Metric,4
06/06/2026 21:43:25,System.Runtime,dotnet.timer.count ({timer}),Metric,28
06/06/2026 21:43:25,System.Runtime,dotnet.gc.collections ({collection} / 1 sec)[gc.heap.generation=gen2],Rate,0
06/06/2026 21:43:25,System.Runtime,dotnet.gc.collections ({collection} / 1 sec)[gc.heap.generation=gen1],Rate,0
06/06/2026 21:43:25,System.Runtime,dotnet.gc.collections ({collection} / 1 sec)[gc.heap.generation=gen0],Rate,0
06/06/2026 21:43:25,System.Runtime,dotnet.gc.pause.time (s / 1 sec),Rate,0
06/06/2026 21:43:26,System.Runtime,dotnet.exceptions ({exception} / 1 sec)[error.type=ObjectDisposedException],Rate,0
06/06/2026 21:43:26,System.Runtime,dotnet.exceptions ({exception} / 1 sec)[error.type=SocketException],Rate,0
06/06/2026 21:43:26,System.Runtime,dotnet.exceptions ({exception} / 1 sec)[error.type=CachedInternalErrorException],Rate,0
06/06/2026 21:43:26,System.Runtime,dotnet.exceptions ({exception} / 1 sec)[error.type=CachedNetworkException],Rate,0
06/06/2026 21:43:26,System.Runtime,dotnet.jit.compilation.time (s / 1 sec),Rate,0
06/06/2026 21:43:26,System.Runtime,dotnet.jit.compiled_il.size (By / 1 sec),Rate,0
06/06/2026 21:43:26,System.Runtime,dotnet.process.memory.working_set (By),Metric,704888832
06/06/2026 21:43:26,System.Runtime,dotnet.jit.compiled_methods ({method} / 1 sec),Rate,0
06/06/2026 21:43:26,System.Runtime,dotnet.gc.last_collection.heap.size (By)[gc.heap.generation=loh],Metric,47791424
06/06/2026 21:43:26,System.Runtime,dotnet.gc.last_collection.heap.size (By)[gc.heap.generation=gen2],Metric,108627040
06/06/2026 21:43:26,System.Runtime,dotnet.gc.last_collection.heap.size (By)[gc.heap.generation=gen1],Metric,115789696
06/06/2026 21:43:26,System.Runtime,dotnet.gc.last_collection.heap.size (By)[gc.heap.generation=poh],Metric,187741240
06/06/2026 21:43:26,System.Runtime,dotnet.gc.last_collection.heap.size (By)[gc.heap.generation=gen0],Metric,0
06/06/2026 21:43:26,System.Runtime,dotnet.monitor.lock_contentions ({contention} / 1 sec),Rate,350
06/06/2026 21:43:26,System.Runtime,dotnet.process.cpu.time (s / 1 sec)[cpu.mode=system],Rate,0.5635039999999982
06/06/2026 21:43:26,System.Runtime,dotnet.process.cpu.time (s / 1 sec)[cpu.mode=user],Rate,1.7900740000000042
06/06/2026 21:43:26,System.Runtime,dotnet.thread_pool.thread.count ({thread} / 1 sec),Rate,0
06/06/2026 21:43:26,System.Runtime,dotnet.assembly.count ({assembly}),Metric,54
06/06/2026 21:43:26,System.Runtime,dotnet.thread_pool.work_item.count ({work_item} / 1 sec),Rate,86372
06/06/2026 21:43:26,System.Runtime,dotnet.gc.heap.total_allocated (By / 1 sec),Rate,24576688
06/06/2026 21:43:26,System.Runtime,dotnet.gc.last_collection.heap.fragmentation.size (By)[gc.heap.generation=loh],Metric,33486416
06/06/2026 21:43:26,System.Runtime,dotnet.gc.last_collection.heap.fragmentation.size (By)[gc.heap.generation=gen2],Metric,32038504
06/06/2026 21:43:26,System.Runtime,dotnet.gc.last_collection.heap.fragmentation.size (By)[gc.heap.generation=gen1],Metric,3714016
06/06/2026 21:43:26,System.Runtime,dotnet.gc.last_collection.heap.fragmentation.size (By)[gc.heap.generation=poh],Metric,913240
06/06/2026 21:43:26,System.Runtime,dotnet.gc.last_collection.heap.fragmentation.size (By)[gc.heap.generation=gen0],Metric,0
06/06/2026 21:43:26,System.Runtime,dotnet.thread_pool.queue.length ({work_item} / 1 sec),Rate,0
06/06/2026 21:43:26,System.Runtime,dotnet.gc.last_collection.memory.committed_size (By),Metric,629964800
06/06/2026 21:43:26,System.Runtime,dotnet.process.cpu.count ({cpu}),Metric,4
06/06/2026 21:43:26,System.Runtime,dotnet.timer.count ({timer}),Metric,28
06/06/2026 21:43:26,System.Runtime,dotnet.gc.collections ({collection} / 1 sec)[gc.heap.generation=gen2],Rate,0
06/06/2026 21:43:26,System.Runtime,dotnet.gc.collections ({collection} / 1 sec)[gc.heap.generation=gen1],Rate,0
06/06/2026 21:43:26,System.Runtime,dotnet.gc.collections ({collection} / 1 sec)[gc.heap.generation=gen0],Rate,0
06/06/2026 21:43:26,System.Runtime,dotnet.gc.pause.time (s / 1 sec),Rate,0
06/06/2026 21:43:27,System.Runtime,dotnet.exceptions ({exception} / 1 sec)[error.type=ObjectDisposedException],Rate,0
06/06/2026 21:43:27,System.Runtime,dotnet.exceptions ({exception} / 1 sec)[error.type=SocketException],Rate,0
06/06/2026 21:43:27,System.Runtime,dotnet.exceptions ({exception} / 1 sec)[error.type=CachedInternalErrorException],Rate,0
06/06/2026 21:43:27,System.Runtime,dotnet.exceptions ({exception} / 1 sec)[error.type=CachedNetworkException],Rate,19112
06/06/2026 21:43:27,System.Runtime,dotnet.jit.compilation.time (s / 1 sec),Rate,0.031085599999999936
06/06/2026 21:43:27,System.Runtime,dotnet.jit.compiled_il.size (By / 1 sec),Rate,1352
06/06/2026 21:43:27,System.Runtime,dotnet.process.memory.working_set (By),Metric,704888832
06/06/2026 21:43:27,System.Runtime,dotnet.jit.compiled_methods ({method} / 1 sec),Rate,6
06/06/2026 21:43:27,System.Runtime,dotnet.gc.last_collection.heap.size (By)[gc.heap.generation=loh],Metric,47791424
06/06/2026 21:43:27,System.Runtime,dotnet.gc.last_collection.heap.size (By)[gc.heap.generation=gen2],Metric,108627040
06/06/2026 21:43:27,System.Runtime,dotnet.gc.last_collection.heap.size (By)[gc.heap.generation=gen1],Metric,115789696
06/06/2026 21:43:27,System.Runtime,dotnet.gc.last_collection.heap.size (By)[gc.heap.generation=poh],Metric,187741240
06/06/2026 21:43:27,System.Runtime,dotnet.gc.last_collection.heap.size (By)[gc.heap.generation=gen0],Metric,0
06/06/2026 21:43:27,System.Runtime,dotnet.monitor.lock_contentions ({contention} / 1 sec),Rate,228
06/06/2026 21:43:27,System.Runtime,dotnet.process.cpu.time (s / 1 sec)[cpu.mode=system],Rate,0.5320199999999993
06/06/2026 21:43:27,System.Runtime,dotnet.process.cpu.time (s / 1 sec)[cpu.mode=user],Rate,1.6183910000000026
06/06/2026 21:43:27,System.Runtime,dotnet.thread_pool.thread.count ({thread} / 1 sec),Rate,0
06/06/2026 21:43:27,System.Runtime,dotnet.assembly.count ({assembly}),Metric,54
06/06/2026 21:43:27,System.Runtime,dotnet.thread_pool.work_item.count ({work_item} / 1 sec),Rate,68982
06/06/2026 21:43:27,System.Runtime,dotnet.gc.heap.total_allocated (By / 1 sec),Rate,50187136
06/06/2026 21:43:27,System.Runtime,dotnet.gc.last_collection.heap.fragmentation.size (By)[gc.heap.generation=loh],Metric,33486416
06/06/2026 21:43:27,System.Runtime,dotnet.gc.last_collection.heap.fragmentation.size (By)[gc.heap.generation=gen2],Metric,32038504
06/06/2026 21:43:27,System.Runtime,dotnet.gc.last_collection.heap.fragmentation.size (By)[gc.heap.generation=gen1],Metric,3714016
06/06/2026 21:43:27,System.Runtime,dotnet.gc.last_collection.heap.fragmentation.size (By)[gc.heap.generation=poh],Metric,913240
06/06/2026 21:43:27,System.Runtime,dotnet.gc.last_collection.heap.fragmentation.size (By)[gc.heap.generation=gen0],Metric,0
06/06/2026 21:43:27,System.Runtime,dotnet.thread_pool.queue.length ({work_item} / 1 sec),Rate,0
06/06/2026 21:43:27,System.Runtime,dotnet.gc.last_collection.memory.committed_size (By),Metric,629964800
06/06/2026 21:43:27,System.Runtime,dotnet.process.cpu.count ({cpu}),Metric,4
06/06/2026 21:43:27,System.Runtime,dotnet.timer.count ({timer}),Metric,28
06/06/2026 21:43:27,System.Runtime,dotnet.gc.collections ({collection} / 1 sec)[gc.heap.generation=gen2],Rate,0
06/06/2026 21:43:27,System.Runtime,dotnet.gc.collections ({collection} / 1 sec)[gc.heap.generation=gen1],Rate,0
06/06/2026 21:43:27,System.Runtime,dotnet.gc.collections ({collection} / 1 sec)[gc.heap.generation=gen0],Rate,0
06/06/2026 21:43:27,System.Runtime,dotnet.gc.pause.time (s / 1 sec),Rate,0
06/06/2026 21:43:28,System.Runtime,dotnet.exceptions ({exception} / 1 sec)[error.type=ObjectDisposedException],Rate,0
06/06/2026 21:43:28,System.Runtime,dotnet.exceptions ({exception} / 1 sec)[error.type=SocketException],Rate,0
06/06/2026 21:43:28,System.Runtime,dotnet.exceptions ({exception} / 1 sec)[error.type=CachedInternalErrorException],Rate,0
06/06/2026 21:43:28,System.Runtime,dotnet.exceptions ({exception} / 1 sec)[error.type=CachedNetworkException],Rate,0
06/06/2026 21:43:28,System.Runtime,dotnet.jit.compilation.time (s / 1 sec),Rate,0
06/06/2026 21:43:28,System.Runtime,dotnet.jit.compiled_il.size (By / 1 sec),Rate,0
06/06/2026 21:43:28,System.Runtime,dotnet.process.memory.working_set (By),Metric,704888832
06/06/2026 21:43:28,System.Runtime,dotnet.jit.compiled_methods ({method} / 1 sec),Rate,0
06/06/2026 21:43:28,System.Runtime,dotnet.gc.last_collection.heap.size (By)[gc.heap.generation=loh],Metric,47791424
06/06/2026 21:43:28,System.Runtime,dotnet.gc.last_collection.heap.size (By)[gc.heap.generation=gen2],Metric,108627040
06/06/2026 21:43:28,System.Runtime,dotnet.gc.last_collection.heap.size (By)[gc.heap.generation=gen1],Metric,115789696
06/06/2026 21:43:28,System.Runtime,dotnet.gc.last_collection.heap.size (By)[gc.heap.generation=poh],Metric,187741240
06/06/2026 21:43:28,System.Runtime,dotnet.gc.last_collection.heap.size (By)[gc.heap.generation=gen0],Metric,0
06/06/2026 21:43:28,System.Runtime,dotnet.monitor.lock_contentions ({contention} / 1 sec),Rate,11
06/06/2026 21:43:28,System.Runtime,dotnet.process.cpu.time (s / 1 sec)[cpu.mode=system],Rate,0.0006799999999991257
06/06/2026 21:43:28,System.Runtime,dotnet.process.cpu.time (s / 1 sec)[cpu.mode=user],Rate,0.007392999999993322
06/06/2026 21:43:28,System.Runtime,dotnet.thread_pool.thread.count ({thread} / 1 sec),Rate,0
06/06/2026 21:43:28,System.Runtime,dotnet.assembly.count ({assembly}),Metric,54
06/06/2026 21:43:28,System.Runtime,dotnet.thread_pool.work_item.count ({work_item} / 1 sec),Rate,317
06/06/2026 21:43:28,System.Runtime,dotnet.gc.heap.total_allocated (By / 1 sec),Rate,309696
06/06/2026 21:43:28,System.Runtime,dotnet.gc.last_collection.heap.fragmentation.size (By)[gc.heap.generation=loh],Metric,33486416
06/06/2026 21:43:28,System.Runtime,dotnet.gc.last_collection.heap.fragmentation.size (By)[gc.heap.generation=gen2],Metric,32038504
06/06/2026 21:43:28,System.Runtime,dotnet.gc.last_collection.heap.fragmentation.size (By)[gc.heap.generation=gen1],Metric,3714016
06/06/2026 21:43:28,System.Runtime,dotnet.gc.last_collection.heap.fragmentation.size (By)[gc.heap.generation=poh],Metric,913240
06/06/2026 21:43:28,System.Runtime,dotnet.gc.last_collection.heap.fragmentation.size (By)[gc.heap.generation=gen0],Metric,0
06/06/2026 21:43:28,System.Runtime,dotnet.thread_pool.queue.length ({work_item} / 1 sec),Rate,0
06/06/2026 21:43:28,System.Runtime,dotnet.gc.last_collection.memory.committed_size (By),Metric,629964800
06/06/2026 21:43:28,System.Runtime,dotnet.process.cpu.count ({cpu}),Metric,4
06/06/2026 21:43:28,System.Runtime,dotnet.timer.count ({timer}),Metric,28
06/06/2026 21:43:28,System.Runtime,dotnet.gc.collections ({collection} / 1 sec)[gc.heap.generation=gen2],Rate,0
06/06/2026 21:43:28,System.Runtime,dotnet.gc.collections ({collection} / 1 sec)[gc.heap.generation=gen1],Rate,0
06/06/2026 21:43:28,System.Runtime,dotnet.gc.collections ({collection} / 1 sec)[gc.heap.generation=gen0],Rate,0
06/06/2026 21:43:28,System.Runtime,dotnet.gc.pause.time (s / 1 sec),Rate,0
06/06/2026 21:43:29,System.Runtime,dotnet.exceptions ({exception} / 1 sec)[error.type=ObjectDisposedException],Rate,0
06/06/2026 21:43:29,System.Runtime,dotnet.exceptions ({exception} / 1 sec)[error.type=SocketException],Rate,0
06/06/2026 21:43:29,System.Runtime,dotnet.exceptions ({exception} / 1 sec)[error.type=CachedInternalErrorException],Rate,0
06/06/2026 21:43:29,System.Runtime,dotnet.exceptions ({exception} / 1 sec)[error.type=CachedNetworkException],Rate,0
06/06/2026 21:43:29,System.Runtime,dotnet.jit.compilation.time (s / 1 sec),Rate,0
06/06/2026 21:43:29,System.Runtime,dotnet.jit.compiled_il.size (By / 1 sec),Rate,0
06/06/2026 21:43:29,System.Runtime,dotnet.process.memory.working_set (By),Metric,704888832
06/06/2026 21:43:29,System.Runtime,dotnet.jit.compiled_methods ({method} / 1 sec),Rate,0
06/06/2026 21:43:29,System.Runtime,dotnet.gc.last_collection.heap.size (By)[gc.heap.generation=loh],Metric,47791424
06/06/2026 21:43:29,System.Runtime,dotnet.gc.last_collection.heap.size (By)[gc.heap.generation=gen2],Metric,108627040
06/06/2026 21:43:29,System.Runtime,dotnet.gc.last_collection.heap.size (By)[gc.heap.generation=gen1],Metric,115789696
06/06/2026 21:43:29,System.Runtime,dotnet.gc.last_collection.heap.size (By)[gc.heap.generation=poh],Metric,187741240
06/06/2026 21:43:29,System.Runtime,dotnet.gc.last_collection.heap.size (By)[gc.heap.generation=gen0],Metric,0
06/06/2026 21:43:29,System.Runtime,dotnet.monitor.lock_contentions ({contention} / 1 sec),Rate,13
06/06/2026 21:43:29,System.Runtime,dotnet.process.cpu.time (s / 1 sec)[cpu.mode=system],Rate,0.0008940000000023929
06/06/2026 21:43:29,System.Runtime,dotnet.process.cpu.time (s / 1 sec)[cpu.mode=user],Rate,0.007357999999996423
06/06/2026 21:43:29,System.Runtime,dotnet.thread_pool.thread.count ({thread} / 1 sec),Rate,0
06/06/2026 21:43:29,System.Runtime,dotnet.assembly.count ({assembly}),Metric,54
06/06/2026 21:43:29,System.Runtime,dotnet.thread_pool.work_item.count ({work_item} / 1 sec),Rate,315
06/06/2026 21:43:29,System.Runtime,dotnet.gc.heap.total_allocated (By / 1 sec),Rate,279920
06/06/2026 21:43:29,System.Runtime,dotnet.gc.last_collection.heap.fragmentation.size (By)[gc.heap.generation=loh],Metric,33486416
06/06/2026 21:43:29,System.Runtime,dotnet.gc.last_collection.heap.fragmentation.size (By)[gc.heap.generation=gen2],Metric,32038504
06/06/2026 21:43:29,System.Runtime,dotnet.gc.last_collection.heap.fragmentation.size (By)[gc.heap.generation=gen1],Metric,3714016
06/06/2026 21:43:29,System.Runtime,dotnet.gc.last_collection.heap.fragmentation.size (By)[gc.heap.generation=poh],Metric,913240
06/06/2026 21:43:29,System.Runtime,dotnet.gc.last_collection.heap.fragmentation.size (By)[gc.heap.generation=gen0],Metric,0
06/06/2026 21:43:29,System.Runtime,dotnet.thread_pool.queue.length ({work_item} / 1 sec),Rate,0
06/06/2026 21:43:29,System.Runtime,dotnet.gc.last_collection.memory.committed_size (By),Metric,629964800
06/06/2026 21:43:29,System.Runtime,dotnet.process.cpu.count ({cpu}),Metric,4
06/06/2026 21:43:29,System.Runtime,dotnet.timer.count ({timer}),Metric,28
06/06/2026 21:43:29,System.Runtime,dotnet.gc.collections ({collection} / 1 sec)[gc.heap.generation=gen2],Rate,0
06/06/2026 21:43:29,System.Runtime,dotnet.gc.collections ({collection} / 1 sec)[gc.heap.generation=gen1],Rate,0
06/06/2026 21:43:29,System.Runtime,dotnet.gc.collections ({collection} / 1 sec)[gc.heap.generation=gen0],Rate,0
06/06/2026 21:43:29,System.Runtime,dotnet.gc.pause.time (s / 1 sec),Rate,0
06/06/2026 21:43:30,System.Runtime,dotnet.exceptions ({exception} / 1 sec)[error.type=ObjectDisposedException],Rate,0
06/06/2026 21:43:30,System.Runtime,dotnet.exceptions ({exception} / 1 sec)[error.type=SocketException],Rate,0
06/06/2026 21:43:30,System.Runtime,dotnet.exceptions ({exception} / 1 sec)[error.type=CachedInternalErrorException],Rate,0
06/06/2026 21:43:30,System.Runtime,dotnet.exceptions ({exception} / 1 sec)[error.type=CachedNetworkException],Rate,0
06/06/2026 21:43:30,System.Runtime,dotnet.jit.compilation.time (s / 1 sec),Rate,0
06/06/2026 21:43:30,System.Runtime,dotnet.jit.compiled_il.size (By / 1 sec),Rate,0
06/06/2026 21:43:30,System.Runtime,dotnet.process.memory.working_set (By),Metric,704888832
06/06/2026 21:43:30,System.Runtime,dotnet.jit.compiled_methods ({method} / 1 sec),Rate,0
06/06/2026 21:43:30,System.Runtime,dotnet.gc.last_collection.heap.size (By)[gc.heap.generation=loh],Metric,47791424
06/06/2026 21:43:30,System.Runtime,dotnet.gc.last_collection.heap.size (By)[gc.heap.generation=gen2],Metric,108627040
06/06/2026 21:43:30,System.Runtime,dotnet.gc.last_collection.heap.size (By)[gc.heap.generation=gen1],Metric,115789696
06/06/2026 21:43:30,System.Runtime,dotnet.gc.last_collection.heap.size (By)[gc.heap.generation=poh],Metric,187741240
06/06/2026 21:43:30,System.Runtime,dotnet.gc.last_collection.heap.size (By)[gc.heap.generation=gen0],Metric,0
06/06/2026 21:43:30,System.Runtime,dotnet.monitor.lock_contentions ({contention} / 1 sec),Rate,9
06/06/2026 21:43:30,System.Runtime,dotnet.process.cpu.time (s / 1 sec)[cpu.mode=system],Rate,0.0024879999999996016
06/06/2026 21:43:30,System.Runtime,dotnet.process.cpu.time (s / 1 sec)[cpu.mode=user],Rate,0.006367000000011558
06/06/2026 21:43:30,System.Runtime,dotnet.thread_pool.thread.count ({thread} / 1 sec),Rate,0
06/06/2026 21:43:30,System.Runtime,dotnet.assembly.count ({assembly}),Metric,54
06/06/2026 21:43:30,System.Runtime,dotnet.thread_pool.work_item.count ({work_item} / 1 sec),Rate,318
06/06/2026 21:43:30,System.Runtime,dotnet.gc.heap.total_allocated (By / 1 sec),Rate,295008
06/06/2026 21:43:30,System.Runtime,dotnet.gc.last_collection.heap.fragmentation.size (By)[gc.heap.generation=loh],Metric,33486416
06/06/2026 21:43:30,System.Runtime,dotnet.gc.last_collection.heap.fragmentation.size (By)[gc.heap.generation=gen2],Metric,32038504
06/06/2026 21:43:30,System.Runtime,dotnet.gc.last_collection.heap.fragmentation.size (By)[gc.heap.generation=gen1],Metric,3714016
06/06/2026 21:43:30,System.Runtime,dotnet.gc.last_collection.heap.fragmentation.size (By)[gc.heap.generation=poh],Metric,913240
06/06/2026 21:43:30,System.Runtime,dotnet.gc.last_collection.heap.fragmentation.size (By)[gc.heap.generation=gen0],Metric,0
06/06/2026 21:43:30,System.Runtime,dotnet.thread_pool.queue.length ({work_item} / 1 sec),Rate,0
06/06/2026 21:43:30,System.Runtime,dotnet.gc.last_collection.memory.committed_size (By),Metric,629964800
06/06/2026 21:43:30,System.Runtime,dotnet.process.cpu.count ({cpu}),Metric,4
06/06/2026 21:43:30,System.Runtime,dotnet.timer.count ({timer}),Metric,28
06/06/2026 21:43:30,System.Runtime,dotnet.gc.collections ({collection} / 1 sec)[gc.heap.generation=gen2],Rate,0
06/06/2026 21:43:30,System.Runtime,dotnet.gc.collections ({collection} / 1 sec)[gc.heap.generation=gen1],Rate,0
06/06/2026 21:43:30,System.Runtime,dotnet.gc.collections ({collection} / 1 sec)[gc.heap.generation=gen0],Rate,0
06/06/2026 21:43:30,System.Runtime,dotnet.gc.pause.time (s / 1 sec),Rate,0
06/06/2026 21:43:31,System.Runtime,dotnet.exceptions ({exception} / 1 sec)[error.type=ObjectDisposedException],Rate,0
06/06/2026 21:43:31,System.Runtime,dotnet.exceptions ({exception} / 1 sec)[error.type=SocketException],Rate,0
06/06/2026 21:43:31,System.Runtime,dotnet.exceptions ({exception} / 1 sec)[error.type=CachedInternalErrorException],Rate,0
06/06/2026 21:43:31,System.Runtime,dotnet.exceptions ({exception} / 1 sec)[error.type=CachedNetworkException],Rate,0
06/06/2026 21:43:31,System.Runtime,dotnet.jit.compilation.time (s / 1 sec),Rate,0
06/06/2026 21:43:31,System.Runtime,dotnet.jit.compiled_il.size (By / 1 sec),Rate,0
06/06/2026 21:43:31,System.Runtime,dotnet.process.memory.working_set (By),Metric,705413120
06/06/2026 21:43:31,System.Runtime,dotnet.jit.compiled_methods ({method} / 1 sec),Rate,0
06/06/2026 21:43:31,System.Runtime,dotnet.gc.last_collection.heap.size (By)[gc.heap.generation=loh],Metric,47791424
06/06/2026 21:43:31,System.Runtime,dotnet.gc.last_collection.heap.size (By)[gc.heap.generation=gen2],Metric,108627040
06/06/2026 21:43:31,System.Runtime,dotnet.gc.last_collection.heap.size (By)[gc.heap.generation=gen1],Metric,115789696
06/06/2026 21:43:31,System.Runtime,dotnet.gc.last_collection.heap.size (By)[gc.heap.generation=poh],Metric,187741240
06/06/2026 21:43:31,System.Runtime,dotnet.gc.last_collection.heap.size (By)[gc.heap.generation=gen0],Metric,0
06/06/2026 21:43:31,System.Runtime,dotnet.monitor.lock_contentions ({contention} / 1 sec),Rate,22
06/06/2026 21:43:31,System.Runtime,dotnet.process.cpu.time (s / 1 sec)[cpu.mode=system],Rate,0.0026799999999980173
06/06/2026 21:43:31,System.Runtime,dotnet.process.cpu.time (s / 1 sec)[cpu.mode=user],Rate,0.006591999999997711
06/06/2026 21:43:31,System.Runtime,dotnet.thread_pool.thread.count ({thread} / 1 sec),Rate,0
06/06/2026 21:43:31,System.Runtime,dotnet.assembly.count ({assembly}),Metric,54
06/06/2026 21:43:31,System.Runtime,dotnet.thread_pool.work_item.count ({work_item} / 1 sec),Rate,317
06/06/2026 21:43:31,System.Runtime,dotnet.gc.heap.total_allocated (By / 1 sec),Rate,302536
06/06/2026 21:43:31,System.Runtime,dotnet.gc.last_collection.heap.fragmentation.size (By)[gc.heap.generation=loh],Metric,33486416
06/06/2026 21:43:31,System.Runtime,dotnet.gc.last_collection.heap.fragmentation.size (By)[gc.heap.generation=gen2],Metric,32038504
06/06/2026 21:43:31,System.Runtime,dotnet.gc.last_collection.heap.fragmentation.size (By)[gc.heap.generation=gen1],Metric,3714016
06/06/2026 21:43:31,System.Runtime,dotnet.gc.last_collection.heap.fragmentation.size (By)[gc.heap.generation=poh],Metric,913240
06/06/2026 21:43:31,System.Runtime,dotnet.gc.last_collection.heap.fragmentation.size (By)[gc.heap.generation=gen0],Metric,0
06/06/2026 21:43:31,System.Runtime,dotnet.thread_pool.queue.length ({work_item} / 1 sec),Rate,0
06/06/2026 21:43:31,System.Runtime,dotnet.gc.last_collection.memory.committed_size (By),Metric,629964800
06/06/2026 21:43:31,System.Runtime,dotnet.process.cpu.count ({cpu}),Metric,4
06/06/2026 21:43:31,System.Runtime,dotnet.timer.count ({timer}),Metric,28
06/06/2026 21:43:31,System.Runtime,dotnet.gc.collections ({collection} / 1 sec)[gc.heap.generation=gen2],Rate,0
06/06/2026 21:43:31,System.Runtime,dotnet.gc.collections ({collection} / 1 sec)[gc.heap.generation=gen1],Rate,0
06/06/2026 21:43:31,System.Runtime,dotnet.gc.collections ({collection} / 1 sec)[gc.heap.generation=gen0],Rate,0
06/06/2026 21:43:31,System.Runtime,dotnet.gc.pause.time (s / 1 sec),Rate,0
06/06/2026 21:43:32,System.Runtime,dotnet.exceptions ({exception} / 1 sec)[error.type=ObjectDisposedException],Rate,0
06/06/2026 21:43:32,System.Runtime,dotnet.exceptions ({exception} / 1 sec)[error.type=SocketException],Rate,5020
06/06/2026 21:43:32,System.Runtime,dotnet.exceptions ({exception} / 1 sec)[error.type=CachedInternalErrorException],Rate,0
06/06/2026 21:43:32,System.Runtime,dotnet.exceptions ({exception} / 1 sec)[error.type=CachedSocketException],Rate,14
06/06/2026 21:43:32,System.Runtime,dotnet.exceptions ({exception} / 1 sec)[error.type=CachedNetworkException],Rate,0
06/06/2026 21:43:32,System.Runtime,dotnet.jit.compilation.time (s / 1 sec),Rate,0.001587799999999362
06/06/2026 21:43:32,System.Runtime,dotnet.jit.compiled_il.size (By / 1 sec),Rate,158
06/06/2026 21:43:32,System.Runtime,dotnet.process.memory.working_set (By),Metric,705413120
06/06/2026 21:43:32,System.Runtime,dotnet.jit.compiled_methods ({method} / 1 sec),Rate,4
06/06/2026 21:43:32,System.Runtime,dotnet.gc.last_collection.heap.size (By)[gc.heap.generation=loh],Metric,47791424
06/06/2026 21:43:32,System.Runtime,dotnet.gc.last_collection.heap.size (By)[gc.heap.generation=gen2],Metric,108627040
06/06/2026 21:43:32,System.Runtime,dotnet.gc.last_collection.heap.size (By)[gc.heap.generation=gen1],Metric,115789696
06/06/2026 21:43:32,System.Runtime,dotnet.gc.last_collection.heap.size (By)[gc.heap.generation=poh],Metric,187741240
06/06/2026 21:43:32,System.Runtime,dotnet.gc.last_collection.heap.size (By)[gc.heap.generation=gen0],Metric,0
06/06/2026 21:43:32,System.Runtime,dotnet.monitor.lock_contentions ({contention} / 1 sec),Rate,24
06/06/2026 21:43:32,System.Runtime,dotnet.process.cpu.time (s / 1 sec)[cpu.mode=system],Rate,0.30225200000000285
06/06/2026 21:43:32,System.Runtime,dotnet.process.cpu.time (s / 1 sec)[cpu.mode=user],Rate,2.3517769999999985
06/06/2026 21:43:32,System.Runtime,dotnet.thread_pool.thread.count ({thread} / 1 sec),Rate,0
06/06/2026 21:43:32,System.Runtime,dotnet.assembly.count ({assembly}),Metric,54
06/06/2026 21:43:32,System.Runtime,dotnet.thread_pool.work_item.count ({work_item} / 1 sec),Rate,19541
06/06/2026 21:43:32,System.Runtime,dotnet.gc.heap.total_allocated (By / 1 sec),Rate,31451784
06/06/2026 21:43:32,System.Runtime,dotnet.gc.last_collection.heap.fragmentation.size (By)[gc.heap.generation=loh],Metric,33486416
06/06/2026 21:43:32,System.Runtime,dotnet.gc.last_collection.heap.fragmentation.size (By)[gc.heap.generation=gen2],Metric,32038504
06/06/2026 21:43:32,System.Runtime,dotnet.gc.last_collection.heap.fragmentation.size (By)[gc.heap.generation=gen1],Metric,3714016
06/06/2026 21:43:32,System.Runtime,dotnet.gc.last_collection.heap.fragmentation.size (By)[gc.heap.generation=poh],Metric,913240
06/06/2026 21:43:32,System.Runtime,dotnet.gc.last_collection.heap.fragmentation.size (By)[gc.heap.generation=gen0],Metric,0
06/06/2026 21:43:32,System.Runtime,dotnet.thread_pool.queue.length ({work_item} / 1 sec),Rate,355
06/06/2026 21:43:32,System.Runtime,dotnet.gc.last_collection.memory.committed_size (By),Metric,629964800
06/06/2026 21:43:32,System.Runtime,dotnet.process.cpu.count ({cpu}),Metric,4
06/06/2026 21:43:32,System.Runtime,dotnet.timer.count ({timer}),Metric,22
06/06/2026 21:43:32,System.Runtime,dotnet.gc.collections ({collection} / 1 sec)[gc.heap.generation=gen2],Rate,0
06/06/2026 21:43:32,System.Runtime,dotnet.gc.collections ({collection} / 1 sec)[gc.heap.generation=gen1],Rate,0
06/06/2026 21:43:32,System.Runtime,dotnet.gc.collections ({collection} / 1 sec)[gc.heap.generation=gen0],Rate,0
06/06/2026 21:43:32,System.Runtime,dotnet.gc.pause.time (s / 1 sec),Rate,0
06/06/2026 21:43:33,System.Runtime,dotnet.exceptions ({exception} / 1 sec)[error.type=ObjectDisposedException],Rate,0
06/06/2026 21:43:33,System.Runtime,dotnet.exceptions ({exception} / 1 sec)[error.type=SocketException],Rate,3319
06/06/2026 21:43:33,System.Runtime,dotnet.exceptions ({exception} / 1 sec)[error.type=CachedInternalErrorException],Rate,0
06/06/2026 21:43:33,System.Runtime,dotnet.exceptions ({exception} / 1 sec)[error.type=CachedSocketException],Rate,0
06/06/2026 21:43:33,System.Runtime,dotnet.exceptions ({exception} / 1 sec)[error.type=CachedNetworkException],Rate,0
06/06/2026 21:43:33,System.Runtime,dotnet.jit.compilation.time (s / 1 sec),Rate,0.06067100000000014
06/06/2026 21:43:33,System.Runtime,dotnet.jit.compiled_il.size (By / 1 sec),Rate,2160
06/06/2026 21:43:33,System.Runtime,dotnet.process.memory.working_set (By),Metric,716423168
06/06/2026 21:43:33,System.Runtime,dotnet.jit.compiled_methods ({method} / 1 sec),Rate,15
06/06/2026 21:43:33,System.Runtime,dotnet.gc.last_collection.heap.size (By)[gc.heap.generation=loh],Metric,47938192
06/06/2026 21:43:33,System.Runtime,dotnet.gc.last_collection.heap.size (By)[gc.heap.generation=gen2],Metric,174320944
06/06/2026 21:43:33,System.Runtime,dotnet.gc.last_collection.heap.size (By)[gc.heap.generation=gen1],Metric,42233384
06/06/2026 21:43:33,System.Runtime,dotnet.gc.last_collection.heap.size (By)[gc.heap.generation=poh],Metric,187741240
06/06/2026 21:43:33,System.Runtime,dotnet.gc.last_collection.heap.size (By)[gc.heap.generation=gen0],Metric,0
06/06/2026 21:43:33,System.Runtime,dotnet.monitor.lock_contentions ({contention} / 1 sec),Rate,24
06/06/2026 21:43:33,System.Runtime,dotnet.process.cpu.time (s / 1 sec)[cpu.mode=system],Rate,0.49569199999999825
06/06/2026 21:43:33,System.Runtime,dotnet.process.cpu.time (s / 1 sec)[cpu.mode=user],Rate,3.769924000000003
06/06/2026 21:43:33,System.Runtime,dotnet.thread_pool.thread.count ({thread} / 1 sec),Rate,0
06/06/2026 21:43:33,System.Runtime,dotnet.assembly.count ({assembly}),Metric,54
06/06/2026 21:43:33,System.Runtime,dotnet.thread_pool.work_item.count ({work_item} / 1 sec),Rate,30246
06/06/2026 21:43:33,System.Runtime,dotnet.gc.heap.total_allocated (By / 1 sec),Rate,30438600
06/06/2026 21:43:33,System.Runtime,dotnet.gc.last_collection.heap.fragmentation.size (By)[gc.heap.generation=loh],Metric,33486448
06/06/2026 21:43:33,System.Runtime,dotnet.gc.last_collection.heap.fragmentation.size (By)[gc.heap.generation=gen2],Metric,16835512
06/06/2026 21:43:33,System.Runtime,dotnet.gc.last_collection.heap.fragmentation.size (By)[gc.heap.generation=gen1],Metric,593016
06/06/2026 21:43:33,System.Runtime,dotnet.gc.last_collection.heap.fragmentation.size (By)[gc.heap.generation=poh],Metric,913240
06/06/2026 21:43:33,System.Runtime,dotnet.gc.last_collection.heap.fragmentation.size (By)[gc.heap.generation=gen0],Metric,0
06/06/2026 21:43:33,System.Runtime,dotnet.thread_pool.queue.length ({work_item} / 1 sec),Rate,-336
06/06/2026 21:43:33,System.Runtime,dotnet.gc.last_collection.memory.committed_size (By),Metric,641007616
06/06/2026 21:43:33,System.Runtime,dotnet.process.cpu.count ({cpu}),Metric,4
06/06/2026 21:43:33,System.Runtime,dotnet.timer.count ({timer}),Metric,28
06/06/2026 21:43:33,System.Runtime,dotnet.gc.collections ({collection} / 1 sec)[gc.heap.generation=gen2],Rate,0
06/06/2026 21:43:33,System.Runtime,dotnet.gc.collections ({collection} / 1 sec)[gc.heap.generation=gen1],Rate,1
06/06/2026 21:43:33,System.Runtime,dotnet.gc.collections ({collection} / 1 sec)[gc.heap.generation=gen0],Rate,0
06/06/2026 21:43:33,System.Runtime,dotnet.gc.pause.time (s / 1 sec),Rate,0.37725999999999993
06/06/2026 21:43:34,System.Runtime,dotnet.exceptions ({exception} / 1 sec)[error.type=ObjectDisposedException],Rate,0
06/06/2026 21:43:34,System.Runtime,dotnet.exceptions ({exception} / 1 sec)[error.type=SocketException],Rate,2991
06/06/2026 21:43:34,System.Runtime,dotnet.exceptions ({exception} / 1 sec)[error.type=CachedInternalErrorException],Rate,0
06/06/2026 21:43:34,System.Runtime,dotnet.exceptions ({exception} / 1 sec)[error.type=CachedSocketException],Rate,0
06/06/2026 21:43:34,System.Runtime,dotnet.exceptions ({exception} / 1 sec)[error.type=CachedNetworkException],Rate,0
06/06/2026 21:43:34,System.Runtime,dotnet.jit.compilation.time (s / 1 sec),Rate,0
06/06/2026 21:43:34,System.Runtime,dotnet.jit.compiled_il.size (By / 1 sec),Rate,0
06/06/2026 21:43:34,System.Runtime,dotnet.process.memory.working_set (By),Metric,716423168
06/06/2026 21:43:34,System.Runtime,dotnet.jit.compiled_methods ({method} / 1 sec),Rate,0
06/06/2026 21:43:34,System.Runtime,dotnet.gc.last_collection.heap.size (By)[gc.heap.generation=loh],Metric,47938192
06/06/2026 21:43:34,System.Runtime,dotnet.gc.last_collection.heap.size (By)[gc.heap.generation=gen2],Metric,174320944
06/06/2026 21:43:34,System.Runtime,dotnet.gc.last_collection.heap.size (By)[gc.heap.generation=gen1],Metric,42233384
06/06/2026 21:43:34,System.Runtime,dotnet.gc.last_collection.heap.size (By)[gc.heap.generation=poh],Metric,187741240
06/06/2026 21:43:34,System.Runtime,dotnet.gc.last_collection.heap.size (By)[gc.heap.generation=gen0],Metric,0
06/06/2026 21:43:34,System.Runtime,dotnet.monitor.lock_contentions ({contention} / 1 sec),Rate,31
06/06/2026 21:43:34,System.Runtime,dotnet.process.cpu.time (s / 1 sec)[cpu.mode=system],Rate,0.5424569999999989
06/06/2026 21:43:34,System.Runtime,dotnet.process.cpu.time (s / 1 sec)[cpu.mode=user],Rate,2.5628849999999943
06/06/2026 21:43:34,System.Runtime,dotnet.thread_pool.thread.count ({thread} / 1 sec),Rate,0
06/06/2026 21:43:34,System.Runtime,dotnet.assembly.count ({assembly}),Metric,54
06/06/2026 21:43:34,System.Runtime,dotnet.thread_pool.work_item.count ({work_item} / 1 sec),Rate,49888
06/06/2026 21:43:34,System.Runtime,dotnet.gc.heap.total_allocated (By / 1 sec),Rate,31549264
06/06/2026 21:43:34,System.Runtime,dotnet.gc.last_collection.heap.fragmentation.size (By)[gc.heap.generation=loh],Metric,33486448
06/06/2026 21:43:34,System.Runtime,dotnet.gc.last_collection.heap.fragmentation.size (By)[gc.heap.generation=gen2],Metric,16835512
06/06/2026 21:43:34,System.Runtime,dotnet.gc.last_collection.heap.fragmentation.size (By)[gc.heap.generation=gen1],Metric,593016
06/06/2026 21:43:34,System.Runtime,dotnet.gc.last_collection.heap.fragmentation.size (By)[gc.heap.generation=poh],Metric,913240
06/06/2026 21:43:34,System.Runtime,dotnet.gc.last_collection.heap.fragmentation.size (By)[gc.heap.generation=gen0],Metric,0
06/06/2026 21:43:34,System.Runtime,dotnet.thread_pool.queue.length ({work_item} / 1 sec),Rate,71
06/06/2026 21:43:34,System.Runtime,dotnet.gc.last_collection.memory.committed_size (By),Metric,641007616
06/06/2026 21:43:34,System.Runtime,dotnet.process.cpu.count ({cpu}),Metric,4
06/06/2026 21:43:34,System.Runtime,dotnet.timer.count ({timer}),Metric,12
06/06/2026 21:43:34,System.Runtime,dotnet.gc.collections ({collection} / 1 sec)[gc.heap.generation=gen2],Rate,0
06/06/2026 21:43:34,System.Runtime,dotnet.gc.collections ({collection} / 1 sec)[gc.heap.generation=gen1],Rate,0
06/06/2026 21:43:34,System.Runtime,dotnet.gc.collections ({collection} / 1 sec)[gc.heap.generation=gen0],Rate,0
06/06/2026 21:43:34,System.Runtime,dotnet.gc.pause.time (s / 1 sec),Rate,0
06/06/2026 21:43:35,System.Runtime,dotnet.exceptions ({exception} / 1 sec)[error.type=ObjectDisposedException],Rate,0
06/06/2026 21:43:35,System.Runtime,dotnet.exceptions ({exception} / 1 sec)[error.type=SocketException],Rate,2362
06/06/2026 21:43:35,System.Runtime,dotnet.exceptions ({exception} / 1 sec)[error.type=CachedInternalErrorException],Rate,0
06/06/2026 21:43:35,System.Runtime,dotnet.exceptions ({exception} / 1 sec)[error.type=CachedSocketException],Rate,0
06/06/2026 21:43:35,System.Runtime,dotnet.exceptions ({exception} / 1 sec)[error.type=CachedNetworkException],Rate,0
06/06/2026 21:43:35,System.Runtime,dotnet.jit.compilation.time (s / 1 sec),Rate,0.005442300000000344
06/06/2026 21:43:35,System.Runtime,dotnet.jit.compiled_il.size (By / 1 sec),Rate,2528
06/06/2026 21:43:35,System.Runtime,dotnet.process.memory.working_set (By),Metric,716947456
06/06/2026 21:43:35,System.Runtime,dotnet.jit.compiled_methods ({method} / 1 sec),Rate,13
06/06/2026 21:43:35,System.Runtime,dotnet.gc.last_collection.heap.size (By)[gc.heap.generation=loh],Metric,47938192
06/06/2026 21:43:35,System.Runtime,dotnet.gc.last_collection.heap.size (By)[gc.heap.generation=gen2],Metric,174320944
06/06/2026 21:43:35,System.Runtime,dotnet.gc.last_collection.heap.size (By)[gc.heap.generation=gen1],Metric,42233384
06/06/2026 21:43:35,System.Runtime,dotnet.gc.last_collection.heap.size (By)[gc.heap.generation=poh],Metric,187741240
06/06/2026 21:43:35,System.Runtime,dotnet.gc.last_collection.heap.size (By)[gc.heap.generation=gen0],Metric,0
06/06/2026 21:43:35,System.Runtime,dotnet.monitor.lock_contentions ({contention} / 1 sec),Rate,102
06/06/2026 21:43:35,System.Runtime,dotnet.process.cpu.time (s / 1 sec)[cpu.mode=system],Rate,0.7227370000000022
06/06/2026 21:43:35,System.Runtime,dotnet.process.cpu.time (s / 1 sec)[cpu.mode=user],Rate,3.0320839999999976
06/06/2026 21:43:35,System.Runtime,dotnet.thread_pool.thread.count ({thread} / 1 sec),Rate,0
06/06/2026 21:43:35,System.Runtime,dotnet.assembly.count ({assembly}),Metric,54
06/06/2026 21:43:35,System.Runtime,dotnet.thread_pool.work_item.count ({work_item} / 1 sec),Rate,56784
06/06/2026 21:43:35,System.Runtime,dotnet.gc.heap.total_allocated (By / 1 sec),Rate,32487624
06/06/2026 21:43:35,System.Runtime,dotnet.gc.last_collection.heap.fragmentation.size (By)[gc.heap.generation=loh],Metric,33486448
06/06/2026 21:43:35,System.Runtime,dotnet.gc.last_collection.heap.fragmentation.size (By)[gc.heap.generation=gen2],Metric,16835512
06/06/2026 21:43:35,System.Runtime,dotnet.gc.last_collection.heap.fragmentation.size (By)[gc.heap.generation=gen1],Metric,593016
06/06/2026 21:43:35,System.Runtime,dotnet.gc.last_collection.heap.fragmentation.size (By)[gc.heap.generation=poh],Metric,913240
06/06/2026 21:43:35,System.Runtime,dotnet.gc.last_collection.heap.fragmentation.size (By)[gc.heap.generation=gen0],Metric,0
06/06/2026 21:43:35,System.Runtime,dotnet.thread_pool.queue.length ({work_item} / 1 sec),Rate,3945
06/06/2026 21:43:35,System.Runtime,dotnet.gc.last_collection.memory.committed_size (By),Metric,641007616
06/06/2026 21:43:35,System.Runtime,dotnet.process.cpu.count ({cpu}),Metric,4
06/06/2026 21:43:35,System.Runtime,dotnet.timer.count ({timer}),Metric,24
06/06/2026 21:43:35,System.Runtime,dotnet.gc.collections ({collection} / 1 sec)[gc.heap.generation=gen2],Rate,0
06/06/2026 21:43:35,System.Runtime,dotnet.gc.collections ({collection} / 1 sec)[gc.heap.generation=gen1],Rate,0
06/06/2026 21:43:35,System.Runtime,dotnet.gc.collections ({collection} / 1 sec)[gc.heap.generation=gen0],Rate,0
06/06/2026 21:43:35,System.Runtime,dotnet.gc.pause.time (s / 1 sec),Rate,0
06/06/2026 21:43:36,System.Runtime,dotnet.exceptions ({exception} / 1 sec)[error.type=ObjectDisposedException],Rate,0
06/06/2026 21:43:36,System.Runtime,dotnet.exceptions ({exception} / 1 sec)[error.type=SocketException],Rate,5932
06/06/2026 21:43:36,System.Runtime,dotnet.exceptions ({exception} / 1 sec)[error.type=CachedInternalErrorException],Rate,0
06/06/2026 21:43:36,System.Runtime,dotnet.exceptions ({exception} / 1 sec)[error.type=CachedSocketException],Rate,0
06/06/2026 21:43:36,System.Runtime,dotnet.exceptions ({exception} / 1 sec)[error.type=CachedNetworkException],Rate,0
06/06/2026 21:43:36,System.Runtime,dotnet.jit.compilation.time (s / 1 sec),Rate,0.00030850000000004485
06/06/2026 21:43:36,System.Runtime,dotnet.jit.compiled_il.size (By / 1 sec),Rate,31
06/06/2026 21:43:36,System.Runtime,dotnet.process.memory.working_set (By),Metric,716947456
06/06/2026 21:43:36,System.Runtime,dotnet.jit.compiled_methods ({method} / 1 sec),Rate,1
06/06/2026 21:43:36,System.Runtime,dotnet.gc.last_collection.heap.size (By)[gc.heap.generation=loh],Metric,47938192
06/06/2026 21:43:36,System.Runtime,dotnet.gc.last_collection.heap.size (By)[gc.heap.generation=gen2],Metric,174320944
06/06/2026 21:43:36,System.Runtime,dotnet.gc.last_collection.heap.size (By)[gc.heap.generation=gen1],Metric,42233384
06/06/2026 21:43:36,System.Runtime,dotnet.gc.last_collection.heap.size (By)[gc.heap.generation=poh],Metric,187741240
06/06/2026 21:43:36,System.Runtime,dotnet.gc.last_collection.heap.size (By)[gc.heap.generation=gen0],Metric,0
06/06/2026 21:43:36,System.Runtime,dotnet.monitor.lock_contentions ({contention} / 1 sec),Rate,30
06/06/2026 21:43:36,System.Runtime,dotnet.process.cpu.time (s / 1 sec)[cpu.mode=system],Rate,0.22824999999999918
06/06/2026 21:43:36,System.Runtime,dotnet.process.cpu.time (s / 1 sec)[cpu.mode=user],Rate,3.5659119999999973
06/06/2026 21:43:36,System.Runtime,dotnet.thread_pool.thread.count ({thread} / 1 sec),Rate,0
06/06/2026 21:43:36,System.Runtime,dotnet.assembly.count ({assembly}),Metric,54
06/06/2026 21:43:36,System.Runtime,dotnet.thread_pool.work_item.count ({work_item} / 1 sec),Rate,33376
06/06/2026 21:43:36,System.Runtime,dotnet.gc.heap.total_allocated (By / 1 sec),Rate,39046424
06/06/2026 21:43:36,System.Runtime,dotnet.gc.last_collection.heap.fragmentation.size (By)[gc.heap.generation=loh],Metric,33486448
06/06/2026 21:43:36,System.Runtime,dotnet.gc.last_collection.heap.fragmentation.size (By)[gc.heap.generation=gen2],Metric,16835512
06/06/2026 21:43:36,System.Runtime,dotnet.gc.last_collection.heap.fragmentation.size (By)[gc.heap.generation=gen1],Metric,593016
06/06/2026 21:43:36,System.Runtime,dotnet.gc.last_collection.heap.fragmentation.size (By)[gc.heap.generation=poh],Metric,913240
06/06/2026 21:43:36,System.Runtime,dotnet.gc.last_collection.heap.fragmentation.size (By)[gc.heap.generation=gen0],Metric,0
06/06/2026 21:43:36,System.Runtime,dotnet.thread_pool.queue.length ({work_item} / 1 sec),Rate,-4019
06/06/2026 21:43:36,System.Runtime,dotnet.gc.last_collection.memory.committed_size (By),Metric,641007616
06/06/2026 21:43:36,System.Runtime,dotnet.process.cpu.count ({cpu}),Metric,4
06/06/2026 21:43:36,System.Runtime,dotnet.timer.count ({timer}),Metric,27
06/06/2026 21:43:36,System.Runtime,dotnet.gc.collections ({collection} / 1 sec)[gc.heap.generation=gen2],Rate,0
06/06/2026 21:43:36,System.Runtime,dotnet.gc.collections ({collection} / 1 sec)[gc.heap.generation=gen1],Rate,0
06/06/2026 21:43:36,System.Runtime,dotnet.gc.collections ({collection} / 1 sec)[gc.heap.generation=gen0],Rate,0
06/06/2026 21:43:36,System.Runtime,dotnet.gc.pause.time (s / 1 sec),Rate,0
06/06/2026 21:43:37,System.Runtime,dotnet.exceptions ({exception} / 1 sec)[error.type=ObjectDisposedException],Rate,0
06/06/2026 21:43:37,System.Runtime,dotnet.exceptions ({exception} / 1 sec)[error.type=SocketException],Rate,376
06/06/2026 21:43:37,System.Runtime,dotnet.exceptions ({exception} / 1 sec)[error.type=CachedInternalErrorException],Rate,0
06/06/2026 21:43:37,System.Runtime,dotnet.exceptions ({exception} / 1 sec)[error.type=CachedSocketException],Rate,0
06/06/2026 21:43:37,System.Runtime,dotnet.exceptions ({exception} / 1 sec)[error.type=CachedNetworkException],Rate,0
06/06/2026 21:43:37,System.Runtime,dotnet.jit.compilation.time (s / 1 sec),Rate,0
06/06/2026 21:43:37,System.Runtime,dotnet.jit.compiled_il.size (By / 1 sec),Rate,0
06/06/2026 21:43:37,System.Runtime,dotnet.process.memory.working_set (By),Metric,716947456
06/06/2026 21:43:37,System.Runtime,dotnet.jit.compiled_methods ({method} / 1 sec),Rate,0
06/06/2026 21:43:37,System.Runtime,dotnet.gc.last_collection.heap.size (By)[gc.heap.generation=loh],Metric,47938192
06/06/2026 21:43:37,System.Runtime,dotnet.gc.last_collection.heap.size (By)[gc.heap.generation=gen2],Metric,174320944
06/06/2026 21:43:37,System.Runtime,dotnet.gc.last_collection.heap.size (By)[gc.heap.generation=gen1],Metric,42233384
06/06/2026 21:43:37,System.Runtime,dotnet.gc.last_collection.heap.size (By)[gc.heap.generation=poh],Metric,187741240
06/06/2026 21:43:37,System.Runtime,dotnet.gc.last_collection.heap.size (By)[gc.heap.generation=gen0],Metric,0
06/06/2026 21:43:37,System.Runtime,dotnet.monitor.lock_contentions ({contention} / 1 sec),Rate,23
06/06/2026 21:43:37,System.Runtime,dotnet.process.cpu.time (s / 1 sec)[cpu.mode=system],Rate,0.016107000000001648
06/06/2026 21:43:37,System.Runtime,dotnet.process.cpu.time (s / 1 sec)[cpu.mode=user],Rate,0.3912910000000096
06/06/2026 21:43:37,System.Runtime,dotnet.thread_pool.thread.count ({thread} / 1 sec),Rate,1
06/06/2026 21:43:37,System.Runtime,dotnet.assembly.count ({assembly}),Metric,54
06/06/2026 21:43:37,System.Runtime,dotnet.thread_pool.work_item.count ({work_item} / 1 sec),Rate,4401
06/06/2026 21:43:37,System.Runtime,dotnet.gc.heap.total_allocated (By / 1 sec),Rate,4323504
06/06/2026 21:43:37,System.Runtime,dotnet.gc.last_collection.heap.fragmentation.size (By)[gc.heap.generation=loh],Metric,33486448
06/06/2026 21:43:37,System.Runtime,dotnet.gc.last_collection.heap.fragmentation.size (By)[gc.heap.generation=gen2],Metric,16835512
06/06/2026 21:43:37,System.Runtime,dotnet.gc.last_collection.heap.fragmentation.size (By)[gc.heap.generation=gen1],Metric,593016
06/06/2026 21:43:37,System.Runtime,dotnet.gc.last_collection.heap.fragmentation.size (By)[gc.heap.generation=poh],Metric,913240
06/06/2026 21:43:37,System.Runtime,dotnet.gc.last_collection.heap.fragmentation.size (By)[gc.heap.generation=gen0],Metric,0
06/06/2026 21:43:37,System.Runtime,dotnet.thread_pool.queue.length ({work_item} / 1 sec),Rate,-16
06/06/2026 21:43:37,System.Runtime,dotnet.gc.last_collection.memory.committed_size (By),Metric,641007616
06/06/2026 21:43:37,System.Runtime,dotnet.process.cpu.count ({cpu}),Metric,4
06/06/2026 21:43:37,System.Runtime,dotnet.timer.count ({timer}),Metric,28
06/06/2026 21:43:37,System.Runtime,dotnet.gc.collections ({collection} / 1 sec)[gc.heap.generation=gen2],Rate,0
06/06/2026 21:43:37,System.Runtime,dotnet.gc.collections ({collection} / 1 sec)[gc.heap.generation=gen1],Rate,0
06/06/2026 21:43:37,System.Runtime,dotnet.gc.collections ({collection} / 1 sec)[gc.heap.generation=gen0],Rate,0
06/06/2026 21:43:37,System.Runtime,dotnet.gc.pause.time (s / 1 sec),Rate,0
06/06/2026 21:43:38,System.Runtime,dotnet.exceptions ({exception} / 1 sec)[error.type=ObjectDisposedException],Rate,0
06/06/2026 21:43:38,System.Runtime,dotnet.exceptions ({exception} / 1 sec)[error.type=SocketException],Rate,0
06/06/2026 21:43:38,System.Runtime,dotnet.exceptions ({exception} / 1 sec)[error.type=CachedInternalErrorException],Rate,0
06/06/2026 21:43:38,System.Runtime,dotnet.exceptions ({exception} / 1 sec)[error.type=CachedSocketException],Rate,0
06/06/2026 21:43:38,System.Runtime,dotnet.exceptions ({exception} / 1 sec)[error.type=CachedNetworkException],Rate,0
06/06/2026 21:43:38,System.Runtime,dotnet.jit.compilation.time (s / 1 sec),Rate,0
06/06/2026 21:43:38,System.Runtime,dotnet.jit.compiled_il.size (By / 1 sec),Rate,0
06/06/2026 21:43:38,System.Runtime,dotnet.process.memory.working_set (By),Metric,716947456
06/06/2026 21:43:38,System.Runtime,dotnet.jit.compiled_methods ({method} / 1 sec),Rate,0
06/06/2026 21:43:38,System.Runtime,dotnet.gc.last_collection.heap.size (By)[gc.heap.generation=loh],Metric,47938192
06/06/2026 21:43:38,System.Runtime,dotnet.gc.last_collection.heap.size (By)[gc.heap.generation=gen2],Metric,174320944
06/06/2026 21:43:38,System.Runtime,dotnet.gc.last_collection.heap.size (By)[gc.heap.generation=gen1],Metric,42233384
06/06/2026 21:43:38,System.Runtime,dotnet.gc.last_collection.heap.size (By)[gc.heap.generation=poh],Metric,187741240
06/06/2026 21:43:38,System.Runtime,dotnet.gc.last_collection.heap.size (By)[gc.heap.generation=gen0],Metric,0
06/06/2026 21:43:38,System.Runtime,dotnet.monitor.lock_contentions ({contention} / 1 sec),Rate,49
06/06/2026 21:43:38,System.Runtime,dotnet.process.cpu.time (s / 1 sec)[cpu.mode=system],Rate,0.042899999999999494
06/06/2026 21:43:38,System.Runtime,dotnet.process.cpu.time (s / 1 sec)[cpu.mode=user],Rate,0.08536800000000255
06/06/2026 21:43:38,System.Runtime,dotnet.thread_pool.thread.count ({thread} / 1 sec),Rate,0
06/06/2026 21:43:38,System.Runtime,dotnet.assembly.count ({assembly}),Metric,54
06/06/2026 21:43:38,System.Runtime,dotnet.thread_pool.work_item.count ({work_item} / 1 sec),Rate,5552
06/06/2026 21:43:38,System.Runtime,dotnet.gc.heap.total_allocated (By / 1 sec),Rate,2189248
06/06/2026 21:43:38,System.Runtime,dotnet.gc.last_collection.heap.fragmentation.size (By)[gc.heap.generation=loh],Metric,33486448
06/06/2026 21:43:38,System.Runtime,dotnet.gc.last_collection.heap.fragmentation.size (By)[gc.heap.generation=gen2],Metric,16835512
06/06/2026 21:43:38,System.Runtime,dotnet.gc.last_collection.heap.fragmentation.size (By)[gc.heap.generation=gen1],Metric,593016
06/06/2026 21:43:38,System.Runtime,dotnet.gc.last_collection.heap.fragmentation.size (By)[gc.heap.generation=poh],Metric,913240
06/06/2026 21:43:38,System.Runtime,dotnet.gc.last_collection.heap.fragmentation.size (By)[gc.heap.generation=gen0],Metric,0
06/06/2026 21:43:38,System.Runtime,dotnet.thread_pool.queue.length ({work_item} / 1 sec),Rate,0
06/06/2026 21:43:38,System.Runtime,dotnet.gc.last_collection.memory.committed_size (By),Metric,641007616
06/06/2026 21:43:38,System.Runtime,dotnet.process.cpu.count ({cpu}),Metric,4
06/06/2026 21:43:38,System.Runtime,dotnet.timer.count ({timer}),Metric,28
06/06/2026 21:43:38,System.Runtime,dotnet.gc.collections ({collection} / 1 sec)[gc.heap.generation=gen2],Rate,0
06/06/2026 21:43:38,System.Runtime,dotnet.gc.collections ({collection} / 1 sec)[gc.heap.generation=gen1],Rate,0
06/06/2026 21:43:38,System.Runtime,dotnet.gc.collections ({collection} / 1 sec)[gc.heap.generation=gen0],Rate,0
06/06/2026 21:43:38,System.Runtime,dotnet.gc.pause.time (s / 1 sec),Rate,0
06/06/2026 21:43:39,System.Runtime,dotnet.exceptions ({exception} / 1 sec)[error.type=ObjectDisposedException],Rate,0
06/06/2026 21:43:39,System.Runtime,dotnet.exceptions ({exception} / 1 sec)[error.type=SocketException],Rate,0
06/06/2026 21:43:39,System.Runtime,dotnet.exceptions ({exception} / 1 sec)[error.type=CachedInternalErrorException],Rate,0
06/06/2026 21:43:39,System.Runtime,dotnet.exceptions ({exception} / 1 sec)[error.type=CachedSocketException],Rate,0
06/06/2026 21:43:39,System.Runtime,dotnet.exceptions ({exception} / 1 sec)[error.type=CachedNetworkException],Rate,0
06/06/2026 21:43:39,System.Runtime,dotnet.jit.compilation.time (s / 1 sec),Rate,0
06/06/2026 21:43:39,System.Runtime,dotnet.jit.compiled_il.size (By / 1 sec),Rate,0
06/06/2026 21:43:39,System.Runtime,dotnet.process.memory.working_set (By),Metric,716947456
06/06/2026 21:43:39,System.Runtime,dotnet.jit.compiled_methods ({method} / 1 sec),Rate,0
06/06/2026 21:43:39,System.Runtime,dotnet.gc.last_collection.heap.size (By)[gc.heap.generation=loh],Metric,47938192
06/06/2026 21:43:39,System.Runtime,dotnet.gc.last_collection.heap.size (By)[gc.heap.generation=gen2],Metric,174320944
06/06/2026 21:43:39,System.Runtime,dotnet.gc.last_collection.heap.size (By)[gc.heap.generation=gen1],Metric,42233384
06/06/2026 21:43:39,System.Runtime,dotnet.gc.last_collection.heap.size (By)[gc.heap.generation=poh],Metric,187741240
06/06/2026 21:43:39,System.Runtime,dotnet.gc.last_collection.heap.size (By)[gc.heap.generation=gen0],Metric,0
06/06/2026 21:43:39,System.Runtime,dotnet.monitor.lock_contentions ({contention} / 1 sec),Rate,21
06/06/2026 21:43:39,System.Runtime,dotnet.process.cpu.time (s / 1 sec)[cpu.mode=system],Rate,0.0051109999999994216
06/06/2026 21:43:39,System.Runtime,dotnet.process.cpu.time (s / 1 sec)[cpu.mode=user],Rate,0.008524999999991678
06/06/2026 21:43:39,System.Runtime,dotnet.thread_pool.thread.count ({thread} / 1 sec),Rate,0
06/06/2026 21:43:39,System.Runtime,dotnet.assembly.count ({assembly}),Metric,54
06/06/2026 21:43:39,System.Runtime,dotnet.thread_pool.work_item.count ({work_item} / 1 sec),Rate,319
06/06/2026 21:43:39,System.Runtime,dotnet.gc.heap.total_allocated (By / 1 sec),Rate,397472
06/06/2026 21:43:39,System.Runtime,dotnet.gc.last_collection.heap.fragmentation.size (By)[gc.heap.generation=loh],Metric,33486448
06/06/2026 21:43:39,System.Runtime,dotnet.gc.last_collection.heap.fragmentation.size (By)[gc.heap.generation=gen2],Metric,16835512
06/06/2026 21:43:39,System.Runtime,dotnet.gc.last_collection.heap.fragmentation.size (By)[gc.heap.generation=gen1],Metric,593016
06/06/2026 21:43:39,System.Runtime,dotnet.gc.last_collection.heap.fragmentation.size (By)[gc.heap.generation=poh],Metric,913240
06/06/2026 21:43:39,System.Runtime,dotnet.gc.last_collection.heap.fragmentation.size (By)[gc.heap.generation=gen0],Metric,0
06/06/2026 21:43:39,System.Runtime,dotnet.thread_pool.queue.length ({work_item} / 1 sec),Rate,0
06/06/2026 21:43:39,System.Runtime,dotnet.gc.last_collection.memory.committed_size (By),Metric,641007616
06/06/2026 21:43:39,System.Runtime,dotnet.process.cpu.count ({cpu}),Metric,4
06/06/2026 21:43:39,System.Runtime,dotnet.timer.count ({timer}),Metric,28
06/06/2026 21:43:39,System.Runtime,dotnet.gc.collections ({collection} / 1 sec)[gc.heap.generation=gen2],Rate,0
06/06/2026 21:43:39,System.Runtime,dotnet.gc.collections ({collection} / 1 sec)[gc.heap.generation=gen1],Rate,0
06/06/2026 21:43:39,System.Runtime,dotnet.gc.collections ({collection} / 1 sec)[gc.heap.generation=gen0],Rate,0
06/06/2026 21:43:39,System.Runtime,dotnet.gc.pause.time (s / 1 sec),Rate,0
06/06/2026 21:43:40,System.Runtime,dotnet.exceptions ({exception} / 1 sec)[error.type=ObjectDisposedException],Rate,0
06/06/2026 21:43:40,System.Runtime,dotnet.exceptions ({exception} / 1 sec)[error.type=SocketException],Rate,0
06/06/2026 21:43:40,System.Runtime,dotnet.exceptions ({exception} / 1 sec)[error.type=CachedInternalErrorException],Rate,0
06/06/2026 21:43:40,System.Runtime,dotnet.exceptions ({exception} / 1 sec)[error.type=CachedSocketException],Rate,0
06/06/2026 21:43:40,System.Runtime,dotnet.exceptions ({exception} / 1 sec)[error.type=CachedNetworkException],Rate,4044
06/06/2026 21:43:40,System.Runtime,dotnet.jit.compilation.time (s / 1 sec),Rate,0
06/06/2026 21:43:40,System.Runtime,dotnet.jit.compiled_il.size (By / 1 sec),Rate,0
06/06/2026 21:43:40,System.Runtime,dotnet.process.memory.working_set (By),Metric,716947456
06/06/2026 21:43:40,System.Runtime,dotnet.jit.compiled_methods ({method} / 1 sec),Rate,0
06/06/2026 21:43:40,System.Runtime,dotnet.gc.last_collection.heap.size (By)[gc.heap.generation=loh],Metric,47938192
06/06/2026 21:43:40,System.Runtime,dotnet.gc.last_collection.heap.size (By)[gc.heap.generation=gen2],Metric,174320944
06/06/2026 21:43:40,System.Runtime,dotnet.gc.last_collection.heap.size (By)[gc.heap.generation=gen1],Metric,42233384
06/06/2026 21:43:40,System.Runtime,dotnet.gc.last_collection.heap.size (By)[gc.heap.generation=poh],Metric,187741240
06/06/2026 21:43:40,System.Runtime,dotnet.gc.last_collection.heap.size (By)[gc.heap.generation=gen0],Metric,0
06/06/2026 21:43:40,System.Runtime,dotnet.monitor.lock_contentions ({contention} / 1 sec),Rate,33
06/06/2026 21:43:40,System.Runtime,dotnet.process.cpu.time (s / 1 sec)[cpu.mode=system],Rate,0.09156600000000026
06/06/2026 21:43:40,System.Runtime,dotnet.process.cpu.time (s / 1 sec)[cpu.mode=user],Rate,0.3022619999999989
06/06/2026 21:43:40,System.Runtime,dotnet.thread_pool.thread.count ({thread} / 1 sec),Rate,0
06/06/2026 21:43:40,System.Runtime,dotnet.assembly.count ({assembly}),Metric,54
06/06/2026 21:43:40,System.Runtime,dotnet.thread_pool.work_item.count ({work_item} / 1 sec),Rate,14569
06/06/2026 21:43:40,System.Runtime,dotnet.gc.heap.total_allocated (By / 1 sec),Rate,10981696
06/06/2026 21:43:40,System.Runtime,dotnet.gc.last_collection.heap.fragmentation.size (By)[gc.heap.generation=loh],Metric,33486448
06/06/2026 21:43:40,System.Runtime,dotnet.gc.last_collection.heap.fragmentation.size (By)[gc.heap.generation=gen2],Metric,16835512
06/06/2026 21:43:40,System.Runtime,dotnet.gc.last_collection.heap.fragmentation.size (By)[gc.heap.generation=gen1],Metric,593016
06/06/2026 21:43:40,System.Runtime,dotnet.gc.last_collection.heap.fragmentation.size (By)[gc.heap.generation=poh],Metric,913240
06/06/2026 21:43:40,System.Runtime,dotnet.gc.last_collection.heap.fragmentation.size (By)[gc.heap.generation=gen0],Metric,0
06/06/2026 21:43:40,System.Runtime,dotnet.thread_pool.queue.length ({work_item} / 1 sec),Rate,0
06/06/2026 21:43:40,System.Runtime,dotnet.gc.last_collection.memory.committed_size (By),Metric,641007616
06/06/2026 21:43:40,System.Runtime,dotnet.process.cpu.count ({cpu}),Metric,4
06/06/2026 21:43:40,System.Runtime,dotnet.timer.count ({timer}),Metric,28
06/06/2026 21:43:40,System.Runtime,dotnet.gc.collections ({collection} / 1 sec)[gc.heap.generation=gen2],Rate,0
06/06/2026 21:43:40,System.Runtime,dotnet.gc.collections ({collection} / 1 sec)[gc.heap.generation=gen1],Rate,0
06/06/2026 21:43:40,System.Runtime,dotnet.gc.collections ({collection} / 1 sec)[gc.heap.generation=gen0],Rate,0
06/06/2026 21:43:40,System.Runtime,dotnet.gc.pause.time (s / 1 sec),Rate,0
06/06/2026 21:43:41,System.Runtime,dotnet.exceptions ({exception} / 1 sec)[error.type=ObjectDisposedException],Rate,0
06/06/2026 21:43:41,System.Runtime,dotnet.exceptions ({exception} / 1 sec)[error.type=SocketException],Rate,0
06/06/2026 21:43:41,System.Runtime,dotnet.exceptions ({exception} / 1 sec)[error.type=CachedInternalErrorException],Rate,0
06/06/2026 21:43:41,System.Runtime,dotnet.exceptions ({exception} / 1 sec)[error.type=CachedSocketException],Rate,0
06/06/2026 21:43:41,System.Runtime,dotnet.exceptions ({exception} / 1 sec)[error.type=CachedNetworkException],Rate,1952
06/06/2026 21:43:41,System.Runtime,dotnet.jit.compilation.time (s / 1 sec),Rate,0.0003009999999994406
06/06/2026 21:43:41,System.Runtime,dotnet.jit.compiled_il.size (By / 1 sec),Rate,17
06/06/2026 21:43:41,System.Runtime,dotnet.process.memory.working_set (By),Metric,716947456
06/06/2026 21:43:41,System.Runtime,dotnet.jit.compiled_methods ({method} / 1 sec),Rate,1
06/06/2026 21:43:41,System.Runtime,dotnet.gc.last_collection.heap.size (By)[gc.heap.generation=loh],Metric,47938192
06/06/2026 21:43:41,System.Runtime,dotnet.gc.last_collection.heap.size (By)[gc.heap.generation=gen2],Metric,174320944
06/06/2026 21:43:41,System.Runtime,dotnet.gc.last_collection.heap.size (By)[gc.heap.generation=gen1],Metric,42233384
06/06/2026 21:43:41,System.Runtime,dotnet.gc.last_collection.heap.size (By)[gc.heap.generation=poh],Metric,187741240
06/06/2026 21:43:41,System.Runtime,dotnet.gc.last_collection.heap.size (By)[gc.heap.generation=gen0],Metric,0
06/06/2026 21:43:41,System.Runtime,dotnet.monitor.lock_contentions ({contention} / 1 sec),Rate,27
06/06/2026 21:43:41,System.Runtime,dotnet.process.cpu.time (s / 1 sec)[cpu.mode=system],Rate,0.04948599999999814
06/06/2026 21:43:41,System.Runtime,dotnet.process.cpu.time (s / 1 sec)[cpu.mode=user],Rate,0.2102390000000014
06/06/2026 21:43:41,System.Runtime,dotnet.thread_pool.thread.count ({thread} / 1 sec),Rate,0
06/06/2026 21:43:41,System.Runtime,dotnet.assembly.count ({assembly}),Metric,54
06/06/2026 21:43:41,System.Runtime,dotnet.thread_pool.work_item.count ({work_item} / 1 sec),Rate,10671
06/06/2026 21:43:41,System.Runtime,dotnet.gc.heap.total_allocated (By / 1 sec),Rate,6606320
06/06/2026 21:43:41,System.Runtime,dotnet.gc.last_collection.heap.fragmentation.size (By)[gc.heap.generation=loh],Metric,33486448
06/06/2026 21:43:41,System.Runtime,dotnet.gc.last_collection.heap.fragmentation.size (By)[gc.heap.generation=gen2],Metric,16835512
06/06/2026 21:43:41,System.Runtime,dotnet.gc.last_collection.heap.fragmentation.size (By)[gc.heap.generation=gen1],Metric,593016
06/06/2026 21:43:41,System.Runtime,dotnet.gc.last_collection.heap.fragmentation.size (By)[gc.heap.generation=poh],Metric,913240
06/06/2026 21:43:41,System.Runtime,dotnet.gc.last_collection.heap.fragmentation.size (By)[gc.heap.generation=gen0],Metric,0
06/06/2026 21:43:41,System.Runtime,dotnet.thread_pool.queue.length ({work_item} / 1 sec),Rate,0
06/06/2026 21:43:41,System.Runtime,dotnet.gc.last_collection.memory.committed_size (By),Metric,641007616
06/06/2026 21:43:41,System.Runtime,dotnet.process.cpu.count ({cpu}),Metric,4
06/06/2026 21:43:41,System.Runtime,dotnet.timer.count ({timer}),Metric,28
06/06/2026 21:43:41,System.Runtime,dotnet.gc.collections ({collection} / 1 sec)[gc.heap.generation=gen2],Rate,0
06/06/2026 21:43:41,System.Runtime,dotnet.gc.collections ({collection} / 1 sec)[gc.heap.generation=gen1],Rate,0
06/06/2026 21:43:41,System.Runtime,dotnet.gc.collections ({collection} / 1 sec)[gc.heap.generation=gen0],Rate,0
06/06/2026 21:43:41,System.Runtime,dotnet.gc.pause.time (s / 1 sec),Rate,0
06/06/2026 21:43:42,System.Runtime,dotnet.exceptions ({exception} / 1 sec)[error.type=ObjectDisposedException],Rate,0
06/06/2026 21:43:42,System.Runtime,dotnet.exceptions ({exception} / 1 sec)[error.type=SocketException],Rate,160
06/06/2026 21:43:42,System.Runtime,dotnet.exceptions ({exception} / 1 sec)[error.type=CachedInternalErrorException],Rate,0
06/06/2026 21:43:42,System.Runtime,dotnet.exceptions ({exception} / 1 sec)[error.type=CachedSocketException],Rate,0
06/06/2026 21:43:42,System.Runtime,dotnet.exceptions ({exception} / 1 sec)[error.type=CachedNetworkException],Rate,214
06/06/2026 21:43:42,System.Runtime,dotnet.jit.compilation.time (s / 1 sec),Rate,0
06/06/2026 21:43:42,System.Runtime,dotnet.jit.compiled_il.size (By / 1 sec),Rate,0
06/06/2026 21:43:42,System.Runtime,dotnet.process.memory.working_set (By),Metric,716947456
06/06/2026 21:43:42,System.Runtime,dotnet.jit.compiled_methods ({method} / 1 sec),Rate,0
06/06/2026 21:43:42,System.Runtime,dotnet.gc.last_collection.heap.size (By)[gc.heap.generation=loh],Metric,47938192
06/06/2026 21:43:42,System.Runtime,dotnet.gc.last_collection.heap.size (By)[gc.heap.generation=gen2],Metric,174320944
06/06/2026 21:43:42,System.Runtime,dotnet.gc.last_collection.heap.size (By)[gc.heap.generation=gen1],Metric,42233384
06/06/2026 21:43:42,System.Runtime,dotnet.gc.last_collection.heap.size (By)[gc.heap.generation=poh],Metric,187741240
06/06/2026 21:43:42,System.Runtime,dotnet.gc.last_collection.heap.size (By)[gc.heap.generation=gen0],Metric,0
06/06/2026 21:43:42,System.Runtime,dotnet.monitor.lock_contentions ({contention} / 1 sec),Rate,26
06/06/2026 21:43:42,System.Runtime,dotnet.process.cpu.time (s / 1 sec)[cpu.mode=system],Rate,0.08838900000000294
06/06/2026 21:43:42,System.Runtime,dotnet.process.cpu.time (s / 1 sec)[cpu.mode=user],Rate,0.41042300000000864
06/06/2026 21:43:42,System.Runtime,dotnet.thread_pool.thread.count ({thread} / 1 sec),Rate,0
06/06/2026 21:43:42,System.Runtime,dotnet.assembly.count ({assembly}),Metric,54
06/06/2026 21:43:42,System.Runtime,dotnet.thread_pool.work_item.count ({work_item} / 1 sec),Rate,13094
06/06/2026 21:43:42,System.Runtime,dotnet.gc.heap.total_allocated (By / 1 sec),Rate,5011736
06/06/2026 21:43:42,System.Runtime,dotnet.gc.last_collection.heap.fragmentation.size (By)[gc.heap.generation=loh],Metric,33486448
06/06/2026 21:43:42,System.Runtime,dotnet.gc.last_collection.heap.fragmentation.size (By)[gc.heap.generation=gen2],Metric,16835512
06/06/2026 21:43:42,System.Runtime,dotnet.gc.last_collection.heap.fragmentation.size (By)[gc.heap.generation=gen1],Metric,593016
06/06/2026 21:43:42,System.Runtime,dotnet.gc.last_collection.heap.fragmentation.size (By)[gc.heap.generation=poh],Metric,913240
06/06/2026 21:43:42,System.Runtime,dotnet.gc.last_collection.heap.fragmentation.size (By)[gc.heap.generation=gen0],Metric,0
06/06/2026 21:43:42,System.Runtime,dotnet.thread_pool.queue.length ({work_item} / 1 sec),Rate,0
06/06/2026 21:43:42,System.Runtime,dotnet.gc.last_collection.memory.committed_size (By),Metric,641007616
06/06/2026 21:43:42,System.Runtime,dotnet.process.cpu.count ({cpu}),Metric,4
06/06/2026 21:43:42,System.Runtime,dotnet.timer.count ({timer}),Metric,28
06/06/2026 21:43:42,System.Runtime,dotnet.gc.collections ({collection} / 1 sec)[gc.heap.generation=gen2],Rate,0
06/06/2026 21:43:42,System.Runtime,dotnet.gc.collections ({collection} / 1 sec)[gc.heap.generation=gen1],Rate,0
06/06/2026 21:43:42,System.Runtime,dotnet.gc.collections ({collection} / 1 sec)[gc.heap.generation=gen0],Rate,0
06/06/2026 21:43:42,System.Runtime,dotnet.gc.pause.time (s / 1 sec),Rate,0
06/06/2026 21:43:43,System.Runtime,dotnet.exceptions ({exception} / 1 sec)[error.type=ObjectDisposedException],Rate,0
06/06/2026 21:43:43,System.Runtime,dotnet.exceptions ({exception} / 1 sec)[error.type=SocketException],Rate,3620
06/06/2026 21:43:43,System.Runtime,dotnet.exceptions ({exception} / 1 sec)[error.type=CachedInternalErrorException],Rate,0
06/06/2026 21:43:43,System.Runtime,dotnet.exceptions ({exception} / 1 sec)[error.type=CachedSocketException],Rate,0
06/06/2026 21:43:43,System.Runtime,dotnet.exceptions ({exception} / 1 sec)[error.type=CachedNetworkException],Rate,456
06/06/2026 21:43:43,System.Runtime,dotnet.jit.compilation.time (s / 1 sec),Rate,0
06/06/2026 21:43:43,System.Runtime,dotnet.jit.compiled_il.size (By / 1 sec),Rate,0
06/06/2026 21:43:43,System.Runtime,dotnet.process.memory.working_set (By),Metric,717471744
06/06/2026 21:43:43,System.Runtime,dotnet.jit.compiled_methods ({method} / 1 sec),Rate,0
06/06/2026 21:43:43,System.Runtime,dotnet.gc.last_collection.heap.size (By)[gc.heap.generation=loh],Metric,47938192
06/06/2026 21:43:43,System.Runtime,dotnet.gc.last_collection.heap.size (By)[gc.heap.generation=gen2],Metric,174320944
06/06/2026 21:43:43,System.Runtime,dotnet.gc.last_collection.heap.size (By)[gc.heap.generation=gen1],Metric,106261856
06/06/2026 21:43:43,System.Runtime,dotnet.gc.last_collection.heap.size (By)[gc.heap.generation=poh],Metric,188040840
06/06/2026 21:43:43,System.Runtime,dotnet.gc.last_collection.heap.size (By)[gc.heap.generation=gen0],Metric,2533120
06/06/2026 21:43:43,System.Runtime,dotnet.monitor.lock_contentions ({contention} / 1 sec),Rate,6
06/06/2026 21:43:43,System.Runtime,dotnet.process.cpu.time (s / 1 sec)[cpu.mode=system],Rate,0.2515059999999991
06/06/2026 21:43:43,System.Runtime,dotnet.process.cpu.time (s / 1 sec)[cpu.mode=user],Rate,2.7426309999999887
06/06/2026 21:43:43,System.Runtime,dotnet.thread_pool.thread.count ({thread} / 1 sec),Rate,0
06/06/2026 21:43:43,System.Runtime,dotnet.assembly.count ({assembly}),Metric,54
06/06/2026 21:43:43,System.Runtime,dotnet.thread_pool.work_item.count ({work_item} / 1 sec),Rate,29179
06/06/2026 21:43:43,System.Runtime,dotnet.gc.heap.total_allocated (By / 1 sec),Rate,27132584
06/06/2026 21:43:43,System.Runtime,dotnet.gc.last_collection.heap.fragmentation.size (By)[gc.heap.generation=loh],Metric,33388120
06/06/2026 21:43:43,System.Runtime,dotnet.gc.last_collection.heap.fragmentation.size (By)[gc.heap.generation=gen2],Metric,16835512
06/06/2026 21:43:43,System.Runtime,dotnet.gc.last_collection.heap.fragmentation.size (By)[gc.heap.generation=gen1],Metric,1445424
06/06/2026 21:43:43,System.Runtime,dotnet.gc.last_collection.heap.fragmentation.size (By)[gc.heap.generation=poh],Metric,887200
06/06/2026 21:43:43,System.Runtime,dotnet.gc.last_collection.heap.fragmentation.size (By)[gc.heap.generation=gen0],Metric,2523048
06/06/2026 21:43:43,System.Runtime,dotnet.thread_pool.queue.length ({work_item} / 1 sec),Rate,217
06/06/2026 21:43:43,System.Runtime,dotnet.gc.last_collection.memory.committed_size (By),Metric,641269760
06/06/2026 21:43:43,System.Runtime,dotnet.process.cpu.count ({cpu}),Metric,4
06/06/2026 21:43:43,System.Runtime,dotnet.timer.count ({timer}),Metric,28
06/06/2026 21:43:43,System.Runtime,dotnet.gc.collections ({collection} / 1 sec)[gc.heap.generation=gen2],Rate,0
06/06/2026 21:43:43,System.Runtime,dotnet.gc.collections ({collection} / 1 sec)[gc.heap.generation=gen1],Rate,0
06/06/2026 21:43:43,System.Runtime,dotnet.gc.collections ({collection} / 1 sec)[gc.heap.generation=gen0],Rate,1
06/06/2026 21:43:43,System.Runtime,dotnet.gc.pause.time (s / 1 sec),Rate,0.21634300000000017
06/06/2026 21:43:44,System.Runtime,dotnet.exceptions ({exception} / 1 sec)[error.type=ObjectDisposedException],Rate,0
06/06/2026 21:43:44,System.Runtime,dotnet.exceptions ({exception} / 1 sec)[error.type=SocketException],Rate,2194
06/06/2026 21:43:44,System.Runtime,dotnet.exceptions ({exception} / 1 sec)[error.type=CachedInternalErrorException],Rate,0
06/06/2026 21:43:44,System.Runtime,dotnet.exceptions ({exception} / 1 sec)[error.type=CachedSocketException],Rate,0
06/06/2026 21:43:44,System.Runtime,dotnet.exceptions ({exception} / 1 sec)[error.type=CachedNetworkException],Rate,0
06/06/2026 21:43:44,System.Runtime,dotnet.jit.compilation.time (s / 1 sec),Rate,0.007666000000000395
06/06/2026 21:43:44,System.Runtime,dotnet.jit.compiled_il.size (By / 1 sec),Rate,752
06/06/2026 21:43:44,System.Runtime,dotnet.process.memory.working_set (By),Metric,717996032
06/06/2026 21:43:44,System.Runtime,dotnet.jit.compiled_methods ({method} / 1 sec),Rate,8
06/06/2026 21:43:44,System.Runtime,dotnet.gc.last_collection.heap.size (By)[gc.heap.generation=loh],Metric,47938192
06/06/2026 21:43:44,System.Runtime,dotnet.gc.last_collection.heap.size (By)[gc.heap.generation=gen2],Metric,174320944
06/06/2026 21:43:44,System.Runtime,dotnet.gc.last_collection.heap.size (By)[gc.heap.generation=gen1],Metric,106261856
06/06/2026 21:43:44,System.Runtime,dotnet.gc.last_collection.heap.size (By)[gc.heap.generation=poh],Metric,188040840
06/06/2026 21:43:44,System.Runtime,dotnet.gc.last_collection.heap.size (By)[gc.heap.generation=gen0],Metric,2533120
06/06/2026 21:43:44,System.Runtime,dotnet.monitor.lock_contentions ({contention} / 1 sec),Rate,44
06/06/2026 21:43:44,System.Runtime,dotnet.process.cpu.time (s / 1 sec)[cpu.mode=system],Rate,0.41700600000000065
06/06/2026 21:43:44,System.Runtime,dotnet.process.cpu.time (s / 1 sec)[cpu.mode=user],Rate,2.4417530000000056
06/06/2026 21:43:44,System.Runtime,dotnet.thread_pool.thread.count ({thread} / 1 sec),Rate,1
06/06/2026 21:43:44,System.Runtime,dotnet.assembly.count ({assembly}),Metric,54
06/06/2026 21:43:44,System.Runtime,dotnet.thread_pool.work_item.count ({work_item} / 1 sec),Rate,45711
06/06/2026 21:43:44,System.Runtime,dotnet.gc.heap.total_allocated (By / 1 sec),Rate,25314784
06/06/2026 21:43:44,System.Runtime,dotnet.gc.last_collection.heap.fragmentation.size (By)[gc.heap.generation=loh],Metric,33388120
06/06/2026 21:43:44,System.Runtime,dotnet.gc.last_collection.heap.fragmentation.size (By)[gc.heap.generation=gen2],Metric,16835512
06/06/2026 21:43:44,System.Runtime,dotnet.gc.last_collection.heap.fragmentation.size (By)[gc.heap.generation=gen1],Metric,1445424
06/06/2026 21:43:44,System.Runtime,dotnet.gc.last_collection.heap.fragmentation.size (By)[gc.heap.generation=poh],Metric,887200
06/06/2026 21:43:44,System.Runtime,dotnet.gc.last_collection.heap.fragmentation.size (By)[gc.heap.generation=gen0],Metric,2523048
06/06/2026 21:43:44,System.Runtime,dotnet.thread_pool.queue.length ({work_item} / 1 sec),Rate,91
06/06/2026 21:43:44,System.Runtime,dotnet.gc.last_collection.memory.committed_size (By),Metric,641269760
06/06/2026 21:43:44,System.Runtime,dotnet.process.cpu.count ({cpu}),Metric,4
06/06/2026 21:43:44,System.Runtime,dotnet.timer.count ({timer}),Metric,28
06/06/2026 21:43:44,System.Runtime,dotnet.gc.collections ({collection} / 1 sec)[gc.heap.generation=gen2],Rate,0
06/06/2026 21:43:44,System.Runtime,dotnet.gc.collections ({collection} / 1 sec)[gc.heap.generation=gen1],Rate,0
06/06/2026 21:43:44,System.Runtime,dotnet.gc.collections ({collection} / 1 sec)[gc.heap.generation=gen0],Rate,0
06/06/2026 21:43:44,System.Runtime,dotnet.gc.pause.time (s / 1 sec),Rate,0
06/06/2026 21:43:45,System.Runtime,dotnet.exceptions ({exception} / 1 sec)[error.type=ObjectDisposedException],Rate,0
06/06/2026 21:43:45,System.Runtime,dotnet.exceptions ({exception} / 1 sec)[error.type=SocketException],Rate,0
06/06/2026 21:43:45,System.Runtime,dotnet.exceptions ({exception} / 1 sec)[error.type=CachedInternalErrorException],Rate,0
06/06/2026 21:43:45,System.Runtime,dotnet.exceptions ({exception} / 1 sec)[error.type=CachedSocketException],Rate,0
06/06/2026 21:43:45,System.Runtime,dotnet.exceptions ({exception} / 1 sec)[error.type=CachedNetworkException],Rate,0
06/06/2026 21:43:45,System.Runtime,dotnet.jit.compilation.time (s / 1 sec),Rate,0
06/06/2026 21:43:45,System.Runtime,dotnet.jit.compiled_il.size (By / 1 sec),Rate,0
06/06/2026 21:43:45,System.Runtime,dotnet.process.memory.working_set (By),Metric,717996032
06/06/2026 21:43:45,System.Runtime,dotnet.jit.compiled_methods ({method} / 1 sec),Rate,0
06/06/2026 21:43:45,System.Runtime,dotnet.gc.last_collection.heap.size (By)[gc.heap.generation=loh],Metric,47938192
06/06/2026 21:43:45,System.Runtime,dotnet.gc.last_collection.heap.size (By)[gc.heap.generation=gen2],Metric,174320944
06/06/2026 21:43:45,System.Runtime,dotnet.gc.last_collection.heap.size (By)[gc.heap.generation=gen1],Metric,106261856
06/06/2026 21:43:45,System.Runtime,dotnet.gc.last_collection.heap.size (By)[gc.heap.generation=poh],Metric,188040840
06/06/2026 21:43:45,System.Runtime,dotnet.gc.last_collection.heap.size (By)[gc.heap.generation=gen0],Metric,2533120
06/06/2026 21:43:45,System.Runtime,dotnet.monitor.lock_contentions ({contention} / 1 sec),Rate,7
06/06/2026 21:43:45,System.Runtime,dotnet.process.cpu.time (s / 1 sec)[cpu.mode=system],Rate,0.0011529999999986273
06/06/2026 21:43:45,System.Runtime,dotnet.process.cpu.time (s / 1 sec)[cpu.mode=user],Rate,0.31641899999999623
06/06/2026 21:43:45,System.Runtime,dotnet.thread_pool.thread.count ({thread} / 1 sec),Rate,0
06/06/2026 21:43:45,System.Runtime,dotnet.assembly.count ({assembly}),Metric,54
06/06/2026 21:43:45,System.Runtime,dotnet.thread_pool.work_item.count ({work_item} / 1 sec),Rate,883
06/06/2026 21:43:45,System.Runtime,dotnet.gc.heap.total_allocated (By / 1 sec),Rate,928440
06/06/2026 21:43:45,System.Runtime,dotnet.gc.last_collection.heap.fragmentation.size (By)[gc.heap.generation=loh],Metric,33388120
06/06/2026 21:43:45,System.Runtime,dotnet.gc.last_collection.heap.fragmentation.size (By)[gc.heap.generation=gen2],Metric,16835512
06/06/2026 21:43:45,System.Runtime,dotnet.gc.last_collection.heap.fragmentation.size (By)[gc.heap.generation=gen1],Metric,1445424
06/06/2026 21:43:45,System.Runtime,dotnet.gc.last_collection.heap.fragmentation.size (By)[gc.heap.generation=poh],Metric,887200
06/06/2026 21:43:45,System.Runtime,dotnet.gc.last_collection.heap.fragmentation.size (By)[gc.heap.generation=gen0],Metric,2523048
06/06/2026 21:43:45,System.Runtime,dotnet.thread_pool.queue.length ({work_item} / 1 sec),Rate,-308
06/06/2026 21:43:45,System.Runtime,dotnet.gc.last_collection.memory.committed_size (By),Metric,641269760
06/06/2026 21:43:45,System.Runtime,dotnet.process.cpu.count ({cpu}),Metric,4
06/06/2026 21:43:45,System.Runtime,dotnet.timer.count ({timer}),Metric,28
06/06/2026 21:43:45,System.Runtime,dotnet.gc.collections ({collection} / 1 sec)[gc.heap.generation=gen2],Rate,0
06/06/2026 21:43:45,System.Runtime,dotnet.gc.collections ({collection} / 1 sec)[gc.heap.generation=gen1],Rate,0
06/06/2026 21:43:45,System.Runtime,dotnet.gc.collections ({collection} / 1 sec)[gc.heap.generation=gen0],Rate,0
06/06/2026 21:43:45,System.Runtime,dotnet.gc.pause.time (s / 1 sec),Rate,0
06/06/2026 21:43:46,System.Runtime,dotnet.exceptions ({exception} / 1 sec)[error.type=ObjectDisposedException],Rate,0
06/06/2026 21:43:46,System.Runtime,dotnet.exceptions ({exception} / 1 sec)[error.type=SocketException],Rate,0
06/06/2026 21:43:46,System.Runtime,dotnet.exceptions ({exception} / 1 sec)[error.type=CachedInternalErrorException],Rate,0
06/06/2026 21:43:46,System.Runtime,dotnet.exceptions ({exception} / 1 sec)[error.type=CachedSocketException],Rate,0
06/06/2026 21:43:46,System.Runtime,dotnet.exceptions ({exception} / 1 sec)[error.type=CachedNetworkException],Rate,0
06/06/2026 21:43:46,System.Runtime,dotnet.jit.compilation.time (s / 1 sec),Rate,0
06/06/2026 21:43:46,System.Runtime,dotnet.jit.compiled_il.size (By / 1 sec),Rate,0
06/06/2026 21:43:46,System.Runtime,dotnet.process.memory.working_set (By),Metric,717996032
06/06/2026 21:43:46,System.Runtime,dotnet.jit.compiled_methods ({method} / 1 sec),Rate,0
06/06/2026 21:43:46,System.Runtime,dotnet.gc.last_collection.heap.size (By)[gc.heap.generation=loh],Metric,47938192
06/06/2026 21:43:46,System.Runtime,dotnet.gc.last_collection.heap.size (By)[gc.heap.generation=gen2],Metric,174320944
06/06/2026 21:43:46,System.Runtime,dotnet.gc.last_collection.heap.size (By)[gc.heap.generation=gen1],Metric,106261856
06/06/2026 21:43:46,System.Runtime,dotnet.gc.last_collection.heap.size (By)[gc.heap.generation=poh],Metric,188040840
06/06/2026 21:43:46,System.Runtime,dotnet.gc.last_collection.heap.size (By)[gc.heap.generation=gen0],Metric,2533120
06/06/2026 21:43:46,System.Runtime,dotnet.monitor.lock_contentions ({contention} / 1 sec),Rate,22
06/06/2026 21:43:46,System.Runtime,dotnet.process.cpu.time (s / 1 sec)[cpu.mode=system],Rate,0.011036000000000712
06/06/2026 21:43:46,System.Runtime,dotnet.process.cpu.time (s / 1 sec)[cpu.mode=user],Rate,0.10371000000000663
06/06/2026 21:43:46,System.Runtime,dotnet.thread_pool.thread.count ({thread} / 1 sec),Rate,0
06/06/2026 21:43:46,System.Runtime,dotnet.assembly.count ({assembly}),Metric,54
06/06/2026 21:43:46,System.Runtime,dotnet.thread_pool.work_item.count ({work_item} / 1 sec),Rate,4015
06/06/2026 21:43:46,System.Runtime,dotnet.gc.heap.total_allocated (By / 1 sec),Rate,1566224
06/06/2026 21:43:46,System.Runtime,dotnet.gc.last_collection.heap.fragmentation.size (By)[gc.heap.generation=loh],Metric,33388120
06/06/2026 21:43:46,System.Runtime,dotnet.gc.last_collection.heap.fragmentation.size (By)[gc.heap.generation=gen2],Metric,16835512
06/06/2026 21:43:46,System.Runtime,dotnet.gc.last_collection.heap.fragmentation.size (By)[gc.heap.generation=gen1],Metric,1445424
06/06/2026 21:43:46,System.Runtime,dotnet.gc.last_collection.heap.fragmentation.size (By)[gc.heap.generation=poh],Metric,887200
06/06/2026 21:43:46,System.Runtime,dotnet.gc.last_collection.heap.fragmentation.size (By)[gc.heap.generation=gen0],Metric,2523048
06/06/2026 21:43:46,System.Runtime,dotnet.thread_pool.queue.length ({work_item} / 1 sec),Rate,0
06/06/2026 21:43:46,System.Runtime,dotnet.gc.last_collection.memory.committed_size (By),Metric,641269760
06/06/2026 21:43:46,System.Runtime,dotnet.process.cpu.count ({cpu}),Metric,4
06/06/2026 21:43:46,System.Runtime,dotnet.timer.count ({timer}),Metric,28
06/06/2026 21:43:46,System.Runtime,dotnet.gc.collections ({collection} / 1 sec)[gc.heap.generation=gen2],Rate,0
06/06/2026 21:43:46,System.Runtime,dotnet.gc.collections ({collection} / 1 sec)[gc.heap.generation=gen1],Rate,0
06/06/2026 21:43:46,System.Runtime,dotnet.gc.collections ({collection} / 1 sec)[gc.heap.generation=gen0],Rate,0
06/06/2026 21:43:46,System.Runtime,dotnet.gc.pause.time (s / 1 sec),Rate,0
06/06/2026 21:43:47,System.Runtime,dotnet.exceptions ({exception} / 1 sec)[error.type=ObjectDisposedException],Rate,0
06/06/2026 21:43:47,System.Runtime,dotnet.exceptions ({exception} / 1 sec)[error.type=SocketException],Rate,0
06/06/2026 21:43:47,System.Runtime,dotnet.exceptions ({exception} / 1 sec)[error.type=CachedInternalErrorException],Rate,0
06/06/2026 21:43:47,System.Runtime,dotnet.exceptions ({exception} / 1 sec)[error.type=CachedSocketException],Rate,0
06/06/2026 21:43:47,System.Runtime,dotnet.exceptions ({exception} / 1 sec)[error.type=CachedNetworkException],Rate,42
06/06/2026 21:43:47,System.Runtime,dotnet.jit.compilation.time (s / 1 sec),Rate,0.0028199999999998226
06/06/2026 21:43:47,System.Runtime,dotnet.jit.compiled_il.size (By / 1 sec),Rate,416
06/06/2026 21:43:47,System.Runtime,dotnet.process.memory.working_set (By),Metric,717996032
06/06/2026 21:43:47,System.Runtime,dotnet.jit.compiled_methods ({method} / 1 sec),Rate,4
06/06/2026 21:43:47,System.Runtime,dotnet.gc.last_collection.heap.size (By)[gc.heap.generation=loh],Metric,47938192
06/06/2026 21:43:47,System.Runtime,dotnet.gc.last_collection.heap.size (By)[gc.heap.generation=gen2],Metric,174320944
06/06/2026 21:43:47,System.Runtime,dotnet.gc.last_collection.heap.size (By)[gc.heap.generation=gen1],Metric,106261856
06/06/2026 21:43:47,System.Runtime,dotnet.gc.last_collection.heap.size (By)[gc.heap.generation=poh],Metric,188040840
06/06/2026 21:43:47,System.Runtime,dotnet.gc.last_collection.heap.size (By)[gc.heap.generation=gen0],Metric,2533120
06/06/2026 21:43:47,System.Runtime,dotnet.monitor.lock_contentions ({contention} / 1 sec),Rate,38
06/06/2026 21:43:47,System.Runtime,dotnet.process.cpu.time (s / 1 sec)[cpu.mode=system],Rate,0.07900799999999819
06/06/2026 21:43:47,System.Runtime,dotnet.process.cpu.time (s / 1 sec)[cpu.mode=user],Rate,0.39949799999999414
06/06/2026 21:43:47,System.Runtime,dotnet.thread_pool.thread.count ({thread} / 1 sec),Rate,0
06/06/2026 21:43:47,System.Runtime,dotnet.assembly.count ({assembly}),Metric,54
06/06/2026 21:43:47,System.Runtime,dotnet.thread_pool.work_item.count ({work_item} / 1 sec),Rate,16396
06/06/2026 21:43:47,System.Runtime,dotnet.gc.heap.total_allocated (By / 1 sec),Rate,4716016
06/06/2026 21:43:47,System.Runtime,dotnet.gc.last_collection.heap.fragmentation.size (By)[gc.heap.generation=loh],Metric,33388120
06/06/2026 21:43:47,System.Runtime,dotnet.gc.last_collection.heap.fragmentation.size (By)[gc.heap.generation=gen2],Metric,16835512
06/06/2026 21:43:47,System.Runtime,dotnet.gc.last_collection.heap.fragmentation.size (By)[gc.heap.generation=gen1],Metric,1445424
06/06/2026 21:43:47,System.Runtime,dotnet.gc.last_collection.heap.fragmentation.size (By)[gc.heap.generation=poh],Metric,887200
06/06/2026 21:43:47,System.Runtime,dotnet.gc.last_collection.heap.fragmentation.size (By)[gc.heap.generation=gen0],Metric,2523048
06/06/2026 21:43:47,System.Runtime,dotnet.thread_pool.queue.length ({work_item} / 1 sec),Rate,32
06/06/2026 21:43:47,System.Runtime,dotnet.gc.last_collection.memory.committed_size (By),Metric,641269760
06/06/2026 21:43:47,System.Runtime,dotnet.process.cpu.count ({cpu}),Metric,4
06/06/2026 21:43:47,System.Runtime,dotnet.timer.count ({timer}),Metric,28
06/06/2026 21:43:47,System.Runtime,dotnet.gc.collections ({collection} / 1 sec)[gc.heap.generation=gen2],Rate,0
06/06/2026 21:43:47,System.Runtime,dotnet.gc.collections ({collection} / 1 sec)[gc.heap.generation=gen1],Rate,0
06/06/2026 21:43:47,System.Runtime,dotnet.gc.collections ({collection} / 1 sec)[gc.heap.generation=gen0],Rate,0
06/06/2026 21:43:47,System.Runtime,dotnet.gc.pause.time (s / 1 sec),Rate,0
06/06/2026 21:43:48,System.Runtime,dotnet.exceptions ({exception} / 1 sec)[error.type=ObjectDisposedException],Rate,0
06/06/2026 21:43:48,System.Runtime,dotnet.exceptions ({exception} / 1 sec)[error.type=SocketException],Rate,42
06/06/2026 21:43:48,System.Runtime,dotnet.exceptions ({exception} / 1 sec)[error.type=CachedInternalErrorException],Rate,0
06/06/2026 21:43:48,System.Runtime,dotnet.exceptions ({exception} / 1 sec)[error.type=CachedSocketException],Rate,0
06/06/2026 21:43:48,System.Runtime,dotnet.exceptions ({exception} / 1 sec)[error.type=CachedNetworkException],Rate,4
06/06/2026 21:43:48,System.Runtime,dotnet.jit.compilation.time (s / 1 sec),Rate,0
06/06/2026 21:43:48,System.Runtime,dotnet.jit.compiled_il.size (By / 1 sec),Rate,0
06/06/2026 21:43:48,System.Runtime,dotnet.process.memory.working_set (By),Metric,717996032
06/06/2026 21:43:48,System.Runtime,dotnet.jit.compiled_methods ({method} / 1 sec),Rate,0
06/06/2026 21:43:48,System.Runtime,dotnet.gc.last_collection.heap.size (By)[gc.heap.generation=loh],Metric,47938192
06/06/2026 21:43:48,System.Runtime,dotnet.gc.last_collection.heap.size (By)[gc.heap.generation=gen2],Metric,174320944
06/06/2026 21:43:48,System.Runtime,dotnet.gc.last_collection.heap.size (By)[gc.heap.generation=gen1],Metric,106261856
06/06/2026 21:43:48,System.Runtime,dotnet.gc.last_collection.heap.size (By)[gc.heap.generation=poh],Metric,188040840
06/06/2026 21:43:48,System.Runtime,dotnet.gc.last_collection.heap.size (By)[gc.heap.generation=gen0],Metric,2533120
06/06/2026 21:43:48,System.Runtime,dotnet.monitor.lock_contentions ({contention} / 1 sec),Rate,95
06/06/2026 21:43:48,System.Runtime,dotnet.process.cpu.time (s / 1 sec)[cpu.mode=system],Rate,0.5855689999999996
06/06/2026 21:43:48,System.Runtime,dotnet.process.cpu.time (s / 1 sec)[cpu.mode=user],Rate,1.8880050000000068
06/06/2026 21:43:48,System.Runtime,dotnet.thread_pool.thread.count ({thread} / 1 sec),Rate,0
06/06/2026 21:43:48,System.Runtime,dotnet.assembly.count ({assembly}),Metric,54
06/06/2026 21:43:48,System.Runtime,dotnet.thread_pool.work_item.count ({work_item} / 1 sec),Rate,72054
06/06/2026 21:43:48,System.Runtime,dotnet.gc.heap.total_allocated (By / 1 sec),Rate,20812504
06/06/2026 21:43:48,System.Runtime,dotnet.gc.last_collection.heap.fragmentation.size (By)[gc.heap.generation=loh],Metric,33388120
06/06/2026 21:43:48,System.Runtime,dotnet.gc.last_collection.heap.fragmentation.size (By)[gc.heap.generation=gen2],Metric,16835512
06/06/2026 21:43:48,System.Runtime,dotnet.gc.last_collection.heap.fragmentation.size (By)[gc.heap.generation=gen1],Metric,1445424
06/06/2026 21:43:48,System.Runtime,dotnet.gc.last_collection.heap.fragmentation.size (By)[gc.heap.generation=poh],Metric,887200
06/06/2026 21:43:48,System.Runtime,dotnet.gc.last_collection.heap.fragmentation.size (By)[gc.heap.generation=gen0],Metric,2523048
06/06/2026 21:43:48,System.Runtime,dotnet.thread_pool.queue.length ({work_item} / 1 sec),Rate,1591
06/06/2026 21:43:48,System.Runtime,dotnet.gc.last_collection.memory.committed_size (By),Metric,641269760
06/06/2026 21:43:48,System.Runtime,dotnet.process.cpu.count ({cpu}),Metric,4
06/06/2026 21:43:48,System.Runtime,dotnet.timer.count ({timer}),Metric,28
06/06/2026 21:43:48,System.Runtime,dotnet.gc.collections ({collection} / 1 sec)[gc.heap.generation=gen2],Rate,0
06/06/2026 21:43:48,System.Runtime,dotnet.gc.collections ({collection} / 1 sec)[gc.heap.generation=gen1],Rate,0
06/06/2026 21:43:48,System.Runtime,dotnet.gc.collections ({collection} / 1 sec)[gc.heap.generation=gen0],Rate,0
06/06/2026 21:43:48,System.Runtime,dotnet.gc.pause.time (s / 1 sec),Rate,0
06/06/2026 21:43:49,System.Runtime,dotnet.exceptions ({exception} / 1 sec)[error.type=ObjectDisposedException],Rate,0
06/06/2026 21:43:49,System.Runtime,dotnet.exceptions ({exception} / 1 sec)[error.type=SocketException],Rate,134
06/06/2026 21:43:49,System.Runtime,dotnet.exceptions ({exception} / 1 sec)[error.type=CachedInternalErrorException],Rate,0
06/06/2026 21:43:49,System.Runtime,dotnet.exceptions ({exception} / 1 sec)[error.type=CachedSocketException],Rate,0
06/06/2026 21:43:49,System.Runtime,dotnet.exceptions ({exception} / 1 sec)[error.type=CachedNetworkException],Rate,134
06/06/2026 21:43:49,System.Runtime,dotnet.jit.compilation.time (s / 1 sec),Rate,0
06/06/2026 21:43:49,System.Runtime,dotnet.jit.compiled_il.size (By / 1 sec),Rate,0
06/06/2026 21:43:49,System.Runtime,dotnet.process.memory.working_set (By),Metric,717996032
06/06/2026 21:43:49,System.Runtime,dotnet.jit.compiled_methods ({method} / 1 sec),Rate,0
06/06/2026 21:43:49,System.Runtime,dotnet.gc.last_collection.heap.size (By)[gc.heap.generation=loh],Metric,47938192
06/06/2026 21:43:49,System.Runtime,dotnet.gc.last_collection.heap.size (By)[gc.heap.generation=gen2],Metric,174320944
06/06/2026 21:43:49,System.Runtime,dotnet.gc.last_collection.heap.size (By)[gc.heap.generation=gen1],Metric,106261856
06/06/2026 21:43:49,System.Runtime,dotnet.gc.last_collection.heap.size (By)[gc.heap.generation=poh],Metric,188040840
06/06/2026 21:43:49,System.Runtime,dotnet.gc.last_collection.heap.size (By)[gc.heap.generation=gen0],Metric,2533120
06/06/2026 21:43:49,System.Runtime,dotnet.monitor.lock_contentions ({contention} / 1 sec),Rate,110
06/06/2026 21:43:49,System.Runtime,dotnet.process.cpu.time (s / 1 sec)[cpu.mode=system],Rate,0.7840300000000013
06/06/2026 21:43:49,System.Runtime,dotnet.process.cpu.time (s / 1 sec)[cpu.mode=user],Rate,2.518073000000001
06/06/2026 21:43:49,System.Runtime,dotnet.thread_pool.thread.count ({thread} / 1 sec),Rate,1
06/06/2026 21:43:49,System.Runtime,dotnet.assembly.count ({assembly}),Metric,54
06/06/2026 21:43:49,System.Runtime,dotnet.thread_pool.work_item.count ({work_item} / 1 sec),Rate,88273
06/06/2026 21:43:49,System.Runtime,dotnet.gc.heap.total_allocated (By / 1 sec),Rate,25440456
06/06/2026 21:43:49,System.Runtime,dotnet.gc.last_collection.heap.fragmentation.size (By)[gc.heap.generation=loh],Metric,33388120
06/06/2026 21:43:49,System.Runtime,dotnet.gc.last_collection.heap.fragmentation.size (By)[gc.heap.generation=gen2],Metric,16835512
06/06/2026 21:43:49,System.Runtime,dotnet.gc.last_collection.heap.fragmentation.size (By)[gc.heap.generation=gen1],Metric,1445424
06/06/2026 21:43:49,System.Runtime,dotnet.gc.last_collection.heap.fragmentation.size (By)[gc.heap.generation=poh],Metric,887200
06/06/2026 21:43:49,System.Runtime,dotnet.gc.last_collection.heap.fragmentation.size (By)[gc.heap.generation=gen0],Metric,2523048
06/06/2026 21:43:49,System.Runtime,dotnet.thread_pool.queue.length ({work_item} / 1 sec),Rate,629
06/06/2026 21:43:49,System.Runtime,dotnet.gc.last_collection.memory.committed_size (By),Metric,641269760
06/06/2026 21:43:49,System.Runtime,dotnet.process.cpu.count ({cpu}),Metric,4
06/06/2026 21:43:49,System.Runtime,dotnet.timer.count ({timer}),Metric,12
06/06/2026 21:43:49,System.Runtime,dotnet.gc.collections ({collection} / 1 sec)[gc.heap.generation=gen2],Rate,0
06/06/2026 21:43:49,System.Runtime,dotnet.gc.collections ({collection} / 1 sec)[gc.heap.generation=gen1],Rate,0
06/06/2026 21:43:49,System.Runtime,dotnet.gc.collections ({collection} / 1 sec)[gc.heap.generation=gen0],Rate,0
06/06/2026 21:43:49,System.Runtime,dotnet.gc.pause.time (s / 1 sec),Rate,0
06/06/2026 21:43:50,System.Runtime,dotnet.exceptions ({exception} / 1 sec)[error.type=ObjectDisposedException],Rate,0
06/06/2026 21:43:50,System.Runtime,dotnet.exceptions ({exception} / 1 sec)[error.type=SocketException],Rate,4
06/06/2026 21:43:50,System.Runtime,dotnet.exceptions ({exception} / 1 sec)[error.type=CachedInternalErrorException],Rate,0
06/06/2026 21:43:50,System.Runtime,dotnet.exceptions ({exception} / 1 sec)[error.type=CachedSocketException],Rate,0
06/06/2026 21:43:50,System.Runtime,dotnet.exceptions ({exception} / 1 sec)[error.type=CachedNetworkException],Rate,0
06/06/2026 21:43:50,System.Runtime,dotnet.jit.compilation.time (s / 1 sec),Rate,0
06/06/2026 21:43:50,System.Runtime,dotnet.jit.compiled_il.size (By / 1 sec),Rate,0
06/06/2026 21:43:50,System.Runtime,dotnet.process.memory.working_set (By),Metric,722714624
06/06/2026 21:43:50,System.Runtime,dotnet.jit.compiled_methods ({method} / 1 sec),Rate,0
06/06/2026 21:43:50,System.Runtime,dotnet.gc.last_collection.heap.size (By)[gc.heap.generation=loh],Metric,47938192
06/06/2026 21:43:50,System.Runtime,dotnet.gc.last_collection.heap.size (By)[gc.heap.generation=gen2],Metric,174320944
06/06/2026 21:43:50,System.Runtime,dotnet.gc.last_collection.heap.size (By)[gc.heap.generation=gen1],Metric,106261856
06/06/2026 21:43:50,System.Runtime,dotnet.gc.last_collection.heap.size (By)[gc.heap.generation=poh],Metric,188040840
06/06/2026 21:43:50,System.Runtime,dotnet.gc.last_collection.heap.size (By)[gc.heap.generation=gen0],Metric,2533120
06/06/2026 21:43:50,System.Runtime,dotnet.monitor.lock_contentions ({contention} / 1 sec),Rate,213
06/06/2026 21:43:50,System.Runtime,dotnet.process.cpu.time (s / 1 sec)[cpu.mode=system],Rate,1.0538929999999986
06/06/2026 21:43:50,System.Runtime,dotnet.process.cpu.time (s / 1 sec)[cpu.mode=user],Rate,2.771532999999991
06/06/2026 21:43:50,System.Runtime,dotnet.thread_pool.thread.count ({thread} / 1 sec),Rate,0
06/06/2026 21:43:50,System.Runtime,dotnet.assembly.count ({assembly}),Metric,54
06/06/2026 21:43:50,System.Runtime,dotnet.thread_pool.work_item.count ({work_item} / 1 sec),Rate,95738
06/06/2026 21:43:50,System.Runtime,dotnet.gc.heap.total_allocated (By / 1 sec),Rate,23127608
06/06/2026 21:43:50,System.Runtime,dotnet.gc.last_collection.heap.fragmentation.size (By)[gc.heap.generation=loh],Metric,33388120
06/06/2026 21:43:50,System.Runtime,dotnet.gc.last_collection.heap.fragmentation.size (By)[gc.heap.generation=gen2],Metric,16835512
06/06/2026 21:43:50,System.Runtime,dotnet.gc.last_collection.heap.fragmentation.size (By)[gc.heap.generation=gen1],Metric,1445424
06/06/2026 21:43:50,System.Runtime,dotnet.gc.last_collection.heap.fragmentation.size (By)[gc.heap.generation=poh],Metric,887200
06/06/2026 21:43:50,System.Runtime,dotnet.gc.last_collection.heap.fragmentation.size (By)[gc.heap.generation=gen0],Metric,2523048
06/06/2026 21:43:50,System.Runtime,dotnet.thread_pool.queue.length ({work_item} / 1 sec),Rate,-640
06/06/2026 21:43:50,System.Runtime,dotnet.gc.last_collection.memory.committed_size (By),Metric,641269760
06/06/2026 21:43:50,System.Runtime,dotnet.process.cpu.count ({cpu}),Metric,4
06/06/2026 21:43:50,System.Runtime,dotnet.timer.count ({timer}),Metric,17
06/06/2026 21:43:50,System.Runtime,dotnet.gc.collections ({collection} / 1 sec)[gc.heap.generation=gen2],Rate,0
06/06/2026 21:43:50,System.Runtime,dotnet.gc.collections ({collection} / 1 sec)[gc.heap.generation=gen1],Rate,0
06/06/2026 21:43:50,System.Runtime,dotnet.gc.collections ({collection} / 1 sec)[gc.heap.generation=gen0],Rate,0
06/06/2026 21:43:50,System.Runtime,dotnet.gc.pause.time (s / 1 sec),Rate,0
06/06/2026 21:43:51,System.Runtime,dotnet.exceptions ({exception} / 1 sec)[error.type=ObjectDisposedException],Rate,0
06/06/2026 21:43:51,System.Runtime,dotnet.exceptions ({exception} / 1 sec)[error.type=SocketException],Rate,0
06/06/2026 21:43:51,System.Runtime,dotnet.exceptions ({exception} / 1 sec)[error.type=CachedInternalErrorException],Rate,0
06/06/2026 21:43:51,System.Runtime,dotnet.exceptions ({exception} / 1 sec)[error.type=CachedSocketException],Rate,0
06/06/2026 21:43:51,System.Runtime,dotnet.exceptions ({exception} / 1 sec)[error.type=CachedNetworkException],Rate,0
06/06/2026 21:43:51,System.Runtime,dotnet.jit.compilation.time (s / 1 sec),Rate,0
06/06/2026 21:43:51,System.Runtime,dotnet.jit.compiled_il.size (By / 1 sec),Rate,0
06/06/2026 21:43:51,System.Runtime,dotnet.process.memory.working_set (By),Metric,736346112
06/06/2026 21:43:51,System.Runtime,dotnet.jit.compiled_methods ({method} / 1 sec),Rate,0
06/06/2026 21:43:51,System.Runtime,dotnet.gc.last_collection.heap.size (By)[gc.heap.generation=loh],Metric,47938192
06/06/2026 21:43:51,System.Runtime,dotnet.gc.last_collection.heap.size (By)[gc.heap.generation=gen2],Metric,174320944
06/06/2026 21:43:51,System.Runtime,dotnet.gc.last_collection.heap.size (By)[gc.heap.generation=gen1],Metric,106261856
06/06/2026 21:43:51,System.Runtime,dotnet.gc.last_collection.heap.size (By)[gc.heap.generation=poh],Metric,188040840
06/06/2026 21:43:51,System.Runtime,dotnet.gc.last_collection.heap.size (By)[gc.heap.generation=gen0],Metric,2533120
06/06/2026 21:43:51,System.Runtime,dotnet.monitor.lock_contentions ({contention} / 1 sec),Rate,517
06/06/2026 21:43:51,System.Runtime,dotnet.process.cpu.time (s / 1 sec)[cpu.mode=system],Rate,0.5337080000000007
06/06/2026 21:43:51,System.Runtime,dotnet.process.cpu.time (s / 1 sec)[cpu.mode=user],Rate,1.6330700000000036
06/06/2026 21:43:51,System.Runtime,dotnet.thread_pool.thread.count ({thread} / 1 sec),Rate,0
06/06/2026 21:43:51,System.Runtime,dotnet.assembly.count ({assembly}),Metric,54
06/06/2026 21:43:51,System.Runtime,dotnet.thread_pool.work_item.count ({work_item} / 1 sec),Rate,75553
06/06/2026 21:43:51,System.Runtime,dotnet.gc.heap.total_allocated (By / 1 sec),Rate,21995400
06/06/2026 21:43:51,System.Runtime,dotnet.gc.last_collection.heap.fragmentation.size (By)[gc.heap.generation=loh],Metric,33388120
06/06/2026 21:43:51,System.Runtime,dotnet.gc.last_collection.heap.fragmentation.size (By)[gc.heap.generation=gen2],Metric,16835512
06/06/2026 21:43:51,System.Runtime,dotnet.gc.last_collection.heap.fragmentation.size (By)[gc.heap.generation=gen1],Metric,1445424
06/06/2026 21:43:51,System.Runtime,dotnet.gc.last_collection.heap.fragmentation.size (By)[gc.heap.generation=poh],Metric,887200
06/06/2026 21:43:51,System.Runtime,dotnet.gc.last_collection.heap.fragmentation.size (By)[gc.heap.generation=gen0],Metric,2523048
06/06/2026 21:43:51,System.Runtime,dotnet.thread_pool.queue.length ({work_item} / 1 sec),Rate,-1612
06/06/2026 21:43:51,System.Runtime,dotnet.gc.last_collection.memory.committed_size (By),Metric,641269760
06/06/2026 21:43:51,System.Runtime,dotnet.process.cpu.count ({cpu}),Metric,4
06/06/2026 21:43:51,System.Runtime,dotnet.timer.count ({timer}),Metric,28
06/06/2026 21:43:51,System.Runtime,dotnet.gc.collections ({collection} / 1 sec)[gc.heap.generation=gen2],Rate,0
06/06/2026 21:43:51,System.Runtime,dotnet.gc.collections ({collection} / 1 sec)[gc.heap.generation=gen1],Rate,0
06/06/2026 21:43:51,System.Runtime,dotnet.gc.collections ({collection} / 1 sec)[gc.heap.generation=gen0],Rate,0
06/06/2026 21:43:51,System.Runtime,dotnet.gc.pause.time (s / 1 sec),Rate,0
06/06/2026 21:43:52,System.Runtime,dotnet.exceptions ({exception} / 1 sec)[error.type=ObjectDisposedException],Rate,0
06/06/2026 21:43:52,System.Runtime,dotnet.exceptions ({exception} / 1 sec)[error.type=SocketException],Rate,0
06/06/2026 21:43:52,System.Runtime,dotnet.exceptions ({exception} / 1 sec)[error.type=CachedInternalErrorException],Rate,0
06/06/2026 21:43:52,System.Runtime,dotnet.exceptions ({exception} / 1 sec)[error.type=CachedSocketException],Rate,0
06/06/2026 21:43:52,System.Runtime,dotnet.exceptions ({exception} / 1 sec)[error.type=CachedNetworkException],Rate,0
06/06/2026 21:43:52,System.Runtime,dotnet.jit.compilation.time (s / 1 sec),Rate,0
06/06/2026 21:43:52,System.Runtime,dotnet.jit.compiled_il.size (By / 1 sec),Rate,0
06/06/2026 21:43:52,System.Runtime,dotnet.process.memory.working_set (By),Metric,754171904
06/06/2026 21:43:52,System.Runtime,dotnet.jit.compiled_methods ({method} / 1 sec),Rate,0
06/06/2026 21:43:52,System.Runtime,dotnet.gc.last_collection.heap.size (By)[gc.heap.generation=loh],Metric,47938192
06/06/2026 21:43:52,System.Runtime,dotnet.gc.last_collection.heap.size (By)[gc.heap.generation=gen2],Metric,174320944
06/06/2026 21:43:52,System.Runtime,dotnet.gc.last_collection.heap.size (By)[gc.heap.generation=gen1],Metric,106261856
06/06/2026 21:43:52,System.Runtime,dotnet.gc.last_collection.heap.size (By)[gc.heap.generation=poh],Metric,188040840
06/06/2026 21:43:52,System.Runtime,dotnet.gc.last_collection.heap.size (By)[gc.heap.generation=gen0],Metric,2533120
06/06/2026 21:43:52,System.Runtime,dotnet.monitor.lock_contentions ({contention} / 1 sec),Rate,768
06/06/2026 21:43:52,System.Runtime,dotnet.process.cpu.time (s / 1 sec)[cpu.mode=system],Rate,0.26049599999999984
06/06/2026 21:43:52,System.Runtime,dotnet.process.cpu.time (s / 1 sec)[cpu.mode=user],Rate,0.8303379999999976
06/06/2026 21:43:52,System.Runtime,dotnet.thread_pool.thread.count ({thread} / 1 sec),Rate,0
06/06/2026 21:43:52,System.Runtime,dotnet.assembly.count ({assembly}),Metric,54
06/06/2026 21:43:52,System.Runtime,dotnet.thread_pool.work_item.count ({work_item} / 1 sec),Rate,51916
06/06/2026 21:43:52,System.Runtime,dotnet.gc.heap.total_allocated (By / 1 sec),Rate,17633784
06/06/2026 21:43:52,System.Runtime,dotnet.gc.last_collection.heap.fragmentation.size (By)[gc.heap.generation=loh],Metric,33388120
06/06/2026 21:43:52,System.Runtime,dotnet.gc.last_collection.heap.fragmentation.size (By)[gc.heap.generation=gen2],Metric,16835512
06/06/2026 21:43:52,System.Runtime,dotnet.gc.last_collection.heap.fragmentation.size (By)[gc.heap.generation=gen1],Metric,1445424
06/06/2026 21:43:52,System.Runtime,dotnet.gc.last_collection.heap.fragmentation.size (By)[gc.heap.generation=poh],Metric,887200
06/06/2026 21:43:52,System.Runtime,dotnet.gc.last_collection.heap.fragmentation.size (By)[gc.heap.generation=gen0],Metric,2523048
06/06/2026 21:43:52,System.Runtime,dotnet.thread_pool.queue.length ({work_item} / 1 sec),Rate,98
06/06/2026 21:43:52,System.Runtime,dotnet.gc.last_collection.memory.committed_size (By),Metric,641269760
06/06/2026 21:43:52,System.Runtime,dotnet.process.cpu.count ({cpu}),Metric,4
06/06/2026 21:43:52,System.Runtime,dotnet.timer.count ({timer}),Metric,28
06/06/2026 21:43:52,System.Runtime,dotnet.gc.collections ({collection} / 1 sec)[gc.heap.generation=gen2],Rate,0
06/06/2026 21:43:52,System.Runtime,dotnet.gc.collections ({collection} / 1 sec)[gc.heap.generation=gen1],Rate,0
06/06/2026 21:43:52,System.Runtime,dotnet.gc.collections ({collection} / 1 sec)[gc.heap.generation=gen0],Rate,0
06/06/2026 21:43:52,System.Runtime,dotnet.gc.pause.time (s / 1 sec),Rate,0
06/06/2026 21:43:53,System.Runtime,dotnet.exceptions ({exception} / 1 sec)[error.type=ObjectDisposedException],Rate,0
06/06/2026 21:43:53,System.Runtime,dotnet.exceptions ({exception} / 1 sec)[error.type=SocketException],Rate,94
06/06/2026 21:43:53,System.Runtime,dotnet.exceptions ({exception} / 1 sec)[error.type=CachedInternalErrorException],Rate,0
06/06/2026 21:43:53,System.Runtime,dotnet.exceptions ({exception} / 1 sec)[error.type=CachedSocketException],Rate,0
06/06/2026 21:43:53,System.Runtime,dotnet.exceptions ({exception} / 1 sec)[error.type=CachedNetworkException],Rate,94
06/06/2026 21:43:53,System.Runtime,dotnet.jit.compilation.time (s / 1 sec),Rate,0
06/06/2026 21:43:53,System.Runtime,dotnet.jit.compiled_il.size (By / 1 sec),Rate,0
06/06/2026 21:43:53,System.Runtime,dotnet.process.memory.working_set (By),Metric,772521984
06/06/2026 21:43:53,System.Runtime,dotnet.jit.compiled_methods ({method} / 1 sec),Rate,0
06/06/2026 21:43:53,System.Runtime,dotnet.gc.last_collection.heap.size (By)[gc.heap.generation=loh],Metric,47938192
06/06/2026 21:43:53,System.Runtime,dotnet.gc.last_collection.heap.size (By)[gc.heap.generation=gen2],Metric,174320944
06/06/2026 21:43:53,System.Runtime,dotnet.gc.last_collection.heap.size (By)[gc.heap.generation=gen1],Metric,119943680
06/06/2026 21:43:53,System.Runtime,dotnet.gc.last_collection.heap.size (By)[gc.heap.generation=poh],Metric,188430040
06/06/2026 21:43:53,System.Runtime,dotnet.gc.last_collection.heap.size (By)[gc.heap.generation=gen0],Metric,0
06/06/2026 21:43:53,System.Runtime,dotnet.monitor.lock_contentions ({contention} / 1 sec),Rate,727
06/06/2026 21:43:53,System.Runtime,dotnet.process.cpu.time (s / 1 sec)[cpu.mode=system],Rate,0.5881390000000017
06/06/2026 21:43:53,System.Runtime,dotnet.process.cpu.time (s / 1 sec)[cpu.mode=user],Rate,2.1277979999999985
06/06/2026 21:43:53,System.Runtime,dotnet.thread_pool.thread.count ({thread} / 1 sec),Rate,0
06/06/2026 21:43:53,System.Runtime,dotnet.assembly.count ({assembly}),Metric,54
06/06/2026 21:43:53,System.Runtime,dotnet.thread_pool.work_item.count ({work_item} / 1 sec),Rate,88751
06/06/2026 21:43:53,System.Runtime,dotnet.gc.heap.total_allocated (By / 1 sec),Rate,26843072
06/06/2026 21:43:53,System.Runtime,dotnet.gc.last_collection.heap.fragmentation.size (By)[gc.heap.generation=loh],Metric,33388120
06/06/2026 21:43:53,System.Runtime,dotnet.gc.last_collection.heap.fragmentation.size (By)[gc.heap.generation=gen2],Metric,16835512
06/06/2026 21:43:53,System.Runtime,dotnet.gc.last_collection.heap.fragmentation.size (By)[gc.heap.generation=gen1],Metric,1618200
06/06/2026 21:43:53,System.Runtime,dotnet.gc.last_collection.heap.fragmentation.size (By)[gc.heap.generation=poh],Metric,869280
06/06/2026 21:43:53,System.Runtime,dotnet.gc.last_collection.heap.fragmentation.size (By)[gc.heap.generation=gen0],Metric,0
06/06/2026 21:43:53,System.Runtime,dotnet.thread_pool.queue.length ({work_item} / 1 sec),Rate,-56
06/06/2026 21:43:53,System.Runtime,dotnet.gc.last_collection.memory.committed_size (By),Metric,696844288
06/06/2026 21:43:53,System.Runtime,dotnet.process.cpu.count ({cpu}),Metric,4
06/06/2026 21:43:53,System.Runtime,dotnet.timer.count ({timer}),Metric,28
06/06/2026 21:43:53,System.Runtime,dotnet.gc.collections ({collection} / 1 sec)[gc.heap.generation=gen2],Rate,0
06/06/2026 21:43:53,System.Runtime,dotnet.gc.collections ({collection} / 1 sec)[gc.heap.generation=gen1],Rate,0
06/06/2026 21:43:53,System.Runtime,dotnet.gc.collections ({collection} / 1 sec)[gc.heap.generation=gen0],Rate,1
06/06/2026 21:43:53,System.Runtime,dotnet.gc.pause.time (s / 1 sec),Rate,0.060937999999999715
06/06/2026 21:43:54,System.Runtime,dotnet.exceptions ({exception} / 1 sec)[error.type=ObjectDisposedException],Rate,0
06/06/2026 21:43:54,System.Runtime,dotnet.exceptions ({exception} / 1 sec)[error.type=SocketException],Rate,0
06/06/2026 21:43:54,System.Runtime,dotnet.exceptions ({exception} / 1 sec)[error.type=CachedInternalErrorException],Rate,0
06/06/2026 21:43:54,System.Runtime,dotnet.exceptions ({exception} / 1 sec)[error.type=CachedSocketException],Rate,0
06/06/2026 21:43:54,System.Runtime,dotnet.exceptions ({exception} / 1 sec)[error.type=CachedNetworkException],Rate,0
06/06/2026 21:43:54,System.Runtime,dotnet.jit.compilation.time (s / 1 sec),Rate,0
06/06/2026 21:43:54,System.Runtime,dotnet.jit.compiled_il.size (By / 1 sec),Rate,0
06/06/2026 21:43:54,System.Runtime,dotnet.process.memory.working_set (By),Metric,772521984
06/06/2026 21:43:54,System.Runtime,dotnet.jit.compiled_methods ({method} / 1 sec),Rate,0
06/06/2026 21:43:54,System.Runtime,dotnet.gc.last_collection.heap.size (By)[gc.heap.generation=loh],Metric,47938192
06/06/2026 21:43:54,System.Runtime,dotnet.gc.last_collection.heap.size (By)[gc.heap.generation=gen2],Metric,174320944
06/06/2026 21:43:54,System.Runtime,dotnet.gc.last_collection.heap.size (By)[gc.heap.generation=gen1],Metric,119943680
06/06/2026 21:43:54,System.Runtime,dotnet.gc.last_collection.heap.size (By)[gc.heap.generation=poh],Metric,188430040
06/06/2026 21:43:54,System.Runtime,dotnet.gc.last_collection.heap.size (By)[gc.heap.generation=gen0],Metric,0
06/06/2026 21:43:54,System.Runtime,dotnet.monitor.lock_contentions ({contention} / 1 sec),Rate,364
06/06/2026 21:43:54,System.Runtime,dotnet.process.cpu.time (s / 1 sec)[cpu.mode=system],Rate,0.6685119999999998
06/06/2026 21:43:54,System.Runtime,dotnet.process.cpu.time (s / 1 sec)[cpu.mode=user],Rate,2.0511780000000073
06/06/2026 21:43:54,System.Runtime,dotnet.thread_pool.thread.count ({thread} / 1 sec),Rate,0
06/06/2026 21:43:54,System.Runtime,dotnet.assembly.count ({assembly}),Metric,54
06/06/2026 21:43:54,System.Runtime,dotnet.thread_pool.work_item.count ({work_item} / 1 sec),Rate,99162
06/06/2026 21:43:54,System.Runtime,dotnet.gc.heap.total_allocated (By / 1 sec),Rate,28115160
06/06/2026 21:43:54,System.Runtime,dotnet.gc.last_collection.heap.fragmentation.size (By)[gc.heap.generation=loh],Metric,33388120
06/06/2026 21:43:54,System.Runtime,dotnet.gc.last_collection.heap.fragmentation.size (By)[gc.heap.generation=gen2],Metric,16835512
06/06/2026 21:43:54,System.Runtime,dotnet.gc.last_collection.heap.fragmentation.size (By)[gc.heap.generation=gen1],Metric,1618200
06/06/2026 21:43:54,System.Runtime,dotnet.gc.last_collection.heap.fragmentation.size (By)[gc.heap.generation=poh],Metric,869280
06/06/2026 21:43:54,System.Runtime,dotnet.gc.last_collection.heap.fragmentation.size (By)[gc.heap.generation=gen0],Metric,0
06/06/2026 21:43:54,System.Runtime,dotnet.thread_pool.queue.length ({work_item} / 1 sec),Rate,-42
06/06/2026 21:43:54,System.Runtime,dotnet.gc.last_collection.memory.committed_size (By),Metric,696844288
06/06/2026 21:43:54,System.Runtime,dotnet.process.cpu.count ({cpu}),Metric,4
06/06/2026 21:43:54,System.Runtime,dotnet.timer.count ({timer}),Metric,28
06/06/2026 21:43:54,System.Runtime,dotnet.gc.collections ({collection} / 1 sec)[gc.heap.generation=gen2],Rate,0
06/06/2026 21:43:54,System.Runtime,dotnet.gc.collections ({collection} / 1 sec)[gc.heap.generation=gen1],Rate,0
06/06/2026 21:43:54,System.Runtime,dotnet.gc.collections ({collection} / 1 sec)[gc.heap.generation=gen0],Rate,0
06/06/2026 21:43:54,System.Runtime,dotnet.gc.pause.time (s / 1 sec),Rate,0
06/06/2026 21:43:55,System.Runtime,dotnet.exceptions ({exception} / 1 sec)[error.type=ObjectDisposedException],Rate,0
06/06/2026 21:43:55,System.Runtime,dotnet.exceptions ({exception} / 1 sec)[error.type=SocketException],Rate,0
06/06/2026 21:43:55,System.Runtime,dotnet.exceptions ({exception} / 1 sec)[error.type=CachedInternalErrorException],Rate,0
06/06/2026 21:43:55,System.Runtime,dotnet.exceptions ({exception} / 1 sec)[error.type=CachedSocketException],Rate,0
06/06/2026 21:43:55,System.Runtime,dotnet.exceptions ({exception} / 1 sec)[error.type=CachedNetworkException],Rate,0
06/06/2026 21:43:55,System.Runtime,dotnet.jit.compilation.time (s / 1 sec),Rate,0
06/06/2026 21:43:55,System.Runtime,dotnet.jit.compiled_il.size (By / 1 sec),Rate,0
06/06/2026 21:43:55,System.Runtime,dotnet.process.memory.working_set (By),Metric,772521984
06/06/2026 21:43:55,System.Runtime,dotnet.jit.compiled_methods ({method} / 1 sec),Rate,0
06/06/2026 21:43:55,System.Runtime,dotnet.gc.last_collection.heap.size (By)[gc.heap.generation=loh],Metric,47938192
06/06/2026 21:43:55,System.Runtime,dotnet.gc.last_collection.heap.size (By)[gc.heap.generation=gen2],Metric,174320944
06/06/2026 21:43:55,System.Runtime,dotnet.gc.last_collection.heap.size (By)[gc.heap.generation=gen1],Metric,119943680
06/06/2026 21:43:55,System.Runtime,dotnet.gc.last_collection.heap.size (By)[gc.heap.generation=poh],Metric,188430040
06/06/2026 21:43:55,System.Runtime,dotnet.gc.last_collection.heap.size (By)[gc.heap.generation=gen0],Metric,0
06/06/2026 21:43:55,System.Runtime,dotnet.monitor.lock_contentions ({contention} / 1 sec),Rate,405
06/06/2026 21:43:55,System.Runtime,dotnet.process.cpu.time (s / 1 sec)[cpu.mode=system],Rate,0.6563219999999994
06/06/2026 21:43:55,System.Runtime,dotnet.process.cpu.time (s / 1 sec)[cpu.mode=user],Rate,2.158003999999991
06/06/2026 21:43:55,System.Runtime,dotnet.thread_pool.thread.count ({thread} / 1 sec),Rate,0
06/06/2026 21:43:55,System.Runtime,dotnet.assembly.count ({assembly}),Metric,54
06/06/2026 21:43:55,System.Runtime,dotnet.thread_pool.work_item.count ({work_item} / 1 sec),Rate,96529
06/06/2026 21:43:55,System.Runtime,dotnet.gc.heap.total_allocated (By / 1 sec),Rate,26655344
06/06/2026 21:43:55,System.Runtime,dotnet.gc.last_collection.heap.fragmentation.size (By)[gc.heap.generation=loh],Metric,33388120
06/06/2026 21:43:55,System.Runtime,dotnet.gc.last_collection.heap.fragmentation.size (By)[gc.heap.generation=gen2],Metric,16835512
06/06/2026 21:43:55,System.Runtime,dotnet.gc.last_collection.heap.fragmentation.size (By)[gc.heap.generation=gen1],Metric,1618200
06/06/2026 21:43:55,System.Runtime,dotnet.gc.last_collection.heap.fragmentation.size (By)[gc.heap.generation=poh],Metric,869280
06/06/2026 21:43:55,System.Runtime,dotnet.gc.last_collection.heap.fragmentation.size (By)[gc.heap.generation=gen0],Metric,0
06/06/2026 21:43:55,System.Runtime,dotnet.thread_pool.queue.length ({work_item} / 1 sec),Rate,103
06/06/2026 21:43:55,System.Runtime,dotnet.gc.last_collection.memory.committed_size (By),Metric,696844288
06/06/2026 21:43:55,System.Runtime,dotnet.process.cpu.count ({cpu}),Metric,4
06/06/2026 21:43:55,System.Runtime,dotnet.timer.count ({timer}),Metric,28
06/06/2026 21:43:55,System.Runtime,dotnet.gc.collections ({collection} / 1 sec)[gc.heap.generation=gen2],Rate,0
06/06/2026 21:43:55,System.Runtime,dotnet.gc.collections ({collection} / 1 sec)[gc.heap.generation=gen1],Rate,0
06/06/2026 21:43:55,System.Runtime,dotnet.gc.collections ({collection} / 1 sec)[gc.heap.generation=gen0],Rate,0
06/06/2026 21:43:55,System.Runtime,dotnet.gc.pause.time (s / 1 sec),Rate,0
06/06/2026 21:43:56,System.Runtime,dotnet.exceptions ({exception} / 1 sec)[error.type=ObjectDisposedException],Rate,0
06/06/2026 21:43:56,System.Runtime,dotnet.exceptions ({exception} / 1 sec)[error.type=SocketException],Rate,0
06/06/2026 21:43:56,System.Runtime,dotnet.exceptions ({exception} / 1 sec)[error.type=CachedInternalErrorException],Rate,0
06/06/2026 21:43:56,System.Runtime,dotnet.exceptions ({exception} / 1 sec)[error.type=CachedSocketException],Rate,0
06/06/2026 21:43:56,System.Runtime,dotnet.exceptions ({exception} / 1 sec)[error.type=CachedNetworkException],Rate,0
06/06/2026 21:43:56,System.Runtime,dotnet.jit.compilation.time (s / 1 sec),Rate,0
06/06/2026 21:43:56,System.Runtime,dotnet.jit.compiled_il.size (By / 1 sec),Rate,0
06/06/2026 21:43:56,System.Runtime,dotnet.process.memory.working_set (By),Metric,772521984
06/06/2026 21:43:56,System.Runtime,dotnet.jit.compiled_methods ({method} / 1 sec),Rate,0
06/06/2026 21:43:56,System.Runtime,dotnet.gc.last_collection.heap.size (By)[gc.heap.generation=loh],Metric,47938192
06/06/2026 21:43:56,System.Runtime,dotnet.gc.last_collection.heap.size (By)[gc.heap.generation=gen2],Metric,174320944
06/06/2026 21:43:56,System.Runtime,dotnet.gc.last_collection.heap.size (By)[gc.heap.generation=gen1],Metric,119943680
06/06/2026 21:43:56,System.Runtime,dotnet.gc.last_collection.heap.size (By)[gc.heap.generation=poh],Metric,188430040
06/06/2026 21:43:56,System.Runtime,dotnet.gc.last_collection.heap.size (By)[gc.heap.generation=gen0],Metric,0
06/06/2026 21:43:56,System.Runtime,dotnet.monitor.lock_contentions ({contention} / 1 sec),Rate,346
06/06/2026 21:43:56,System.Runtime,dotnet.process.cpu.time (s / 1 sec)[cpu.mode=system],Rate,0.49714099999999917
06/06/2026 21:43:56,System.Runtime,dotnet.process.cpu.time (s / 1 sec)[cpu.mode=user],Rate,1.6082440000000133
06/06/2026 21:43:56,System.Runtime,dotnet.thread_pool.thread.count ({thread} / 1 sec),Rate,0
06/06/2026 21:43:56,System.Runtime,dotnet.assembly.count ({assembly}),Metric,54
06/06/2026 21:43:56,System.Runtime,dotnet.thread_pool.work_item.count ({work_item} / 1 sec),Rate,83355
06/06/2026 21:43:56,System.Runtime,dotnet.gc.heap.total_allocated (By / 1 sec),Rate,25651224
06/06/2026 21:43:56,System.Runtime,dotnet.gc.last_collection.heap.fragmentation.size (By)[gc.heap.generation=loh],Metric,33388120
06/06/2026 21:43:56,System.Runtime,dotnet.gc.last_collection.heap.fragmentation.size (By)[gc.heap.generation=gen2],Metric,16835512
06/06/2026 21:43:56,System.Runtime,dotnet.gc.last_collection.heap.fragmentation.size (By)[gc.heap.generation=gen1],Metric,1618200
06/06/2026 21:43:56,System.Runtime,dotnet.gc.last_collection.heap.fragmentation.size (By)[gc.heap.generation=poh],Metric,869280
06/06/2026 21:43:56,System.Runtime,dotnet.gc.last_collection.heap.fragmentation.size (By)[gc.heap.generation=gen0],Metric,0
06/06/2026 21:43:56,System.Runtime,dotnet.thread_pool.queue.length ({work_item} / 1 sec),Rate,-91
06/06/2026 21:43:56,System.Runtime,dotnet.gc.last_collection.memory.committed_size (By),Metric,696844288
06/06/2026 21:43:56,System.Runtime,dotnet.process.cpu.count ({cpu}),Metric,4
06/06/2026 21:43:56,System.Runtime,dotnet.timer.count ({timer}),Metric,28
06/06/2026 21:43:56,System.Runtime,dotnet.gc.collections ({collection} / 1 sec)[gc.heap.generation=gen2],Rate,0
06/06/2026 21:43:56,System.Runtime,dotnet.gc.collections ({collection} / 1 sec)[gc.heap.generation=gen1],Rate,0
06/06/2026 21:43:56,System.Runtime,dotnet.gc.collections ({collection} / 1 sec)[gc.heap.generation=gen0],Rate,0
06/06/2026 21:43:56,System.Runtime,dotnet.gc.pause.time (s / 1 sec),Rate,0
06/06/2026 21:43:57,System.Runtime,dotnet.exceptions ({exception} / 1 sec)[error.type=ObjectDisposedException],Rate,0
06/06/2026 21:43:57,System.Runtime,dotnet.exceptions ({exception} / 1 sec)[error.type=SocketException],Rate,0
06/06/2026 21:43:57,System.Runtime,dotnet.exceptions ({exception} / 1 sec)[error.type=CachedInternalErrorException],Rate,0
06/06/2026 21:43:57,System.Runtime,dotnet.exceptions ({exception} / 1 sec)[error.type=CachedSocketException],Rate,0
06/06/2026 21:43:57,System.Runtime,dotnet.exceptions ({exception} / 1 sec)[error.type=CachedNetworkException],Rate,0
06/06/2026 21:43:57,System.Runtime,dotnet.jit.compilation.time (s / 1 sec),Rate,0
06/06/2026 21:43:57,System.Runtime,dotnet.jit.compiled_il.size (By / 1 sec),Rate,0
06/06/2026 21:43:57,System.Runtime,dotnet.process.memory.working_set (By),Metric,773046272
06/06/2026 21:43:57,System.Runtime,dotnet.jit.compiled_methods ({method} / 1 sec),Rate,0
06/06/2026 21:43:57,System.Runtime,dotnet.gc.last_collection.heap.size (By)[gc.heap.generation=loh],Metric,47938192
06/06/2026 21:43:57,System.Runtime,dotnet.gc.last_collection.heap.size (By)[gc.heap.generation=gen2],Metric,174320944
06/06/2026 21:43:57,System.Runtime,dotnet.gc.last_collection.heap.size (By)[gc.heap.generation=gen1],Metric,119943680
06/06/2026 21:43:57,System.Runtime,dotnet.gc.last_collection.heap.size (By)[gc.heap.generation=poh],Metric,188430040
06/06/2026 21:43:57,System.Runtime,dotnet.gc.last_collection.heap.size (By)[gc.heap.generation=gen0],Metric,0
06/06/2026 21:43:57,System.Runtime,dotnet.monitor.lock_contentions ({contention} / 1 sec),Rate,52
06/06/2026 21:43:57,System.Runtime,dotnet.process.cpu.time (s / 1 sec)[cpu.mode=system],Rate,0.05917000000000172
06/06/2026 21:43:57,System.Runtime,dotnet.process.cpu.time (s / 1 sec)[cpu.mode=user],Rate,0.14031099999999697
06/06/2026 21:43:57,System.Runtime,dotnet.thread_pool.thread.count ({thread} / 1 sec),Rate,0
06/06/2026 21:43:57,System.Runtime,dotnet.assembly.count ({assembly}),Metric,54
06/06/2026 21:43:57,System.Runtime,dotnet.thread_pool.work_item.count ({work_item} / 1 sec),Rate,8324
06/06/2026 21:43:57,System.Runtime,dotnet.gc.heap.total_allocated (By / 1 sec),Rate,2935136
06/06/2026 21:43:57,System.Runtime,dotnet.gc.last_collection.heap.fragmentation.size (By)[gc.heap.generation=loh],Metric,33388120
06/06/2026 21:43:57,System.Runtime,dotnet.gc.last_collection.heap.fragmentation.size (By)[gc.heap.generation=gen2],Metric,16835512
06/06/2026 21:43:57,System.Runtime,dotnet.gc.last_collection.heap.fragmentation.size (By)[gc.heap.generation=gen1],Metric,1618200
06/06/2026 21:43:57,System.Runtime,dotnet.gc.last_collection.heap.fragmentation.size (By)[gc.heap.generation=poh],Metric,869280
06/06/2026 21:43:57,System.Runtime,dotnet.gc.last_collection.heap.fragmentation.size (By)[gc.heap.generation=gen0],Metric,0
06/06/2026 21:43:57,System.Runtime,dotnet.thread_pool.queue.length ({work_item} / 1 sec),Rate,-12
06/06/2026 21:43:57,System.Runtime,dotnet.gc.last_collection.memory.committed_size (By),Metric,696844288
06/06/2026 21:43:57,System.Runtime,dotnet.process.cpu.count ({cpu}),Metric,4
06/06/2026 21:43:57,System.Runtime,dotnet.timer.count ({timer}),Metric,28
06/06/2026 21:43:57,System.Runtime,dotnet.gc.collections ({collection} / 1 sec)[gc.heap.generation=gen2],Rate,0
06/06/2026 21:43:57,System.Runtime,dotnet.gc.collections ({collection} / 1 sec)[gc.heap.generation=gen1],Rate,0
06/06/2026 21:43:57,System.Runtime,dotnet.gc.collections ({collection} / 1 sec)[gc.heap.generation=gen0],Rate,0
06/06/2026 21:43:57,System.Runtime,dotnet.gc.pause.time (s / 1 sec),Rate,0
06/06/2026 21:43:58,System.Runtime,dotnet.exceptions ({exception} / 1 sec)[error.type=ObjectDisposedException],Rate,0
06/06/2026 21:43:58,System.Runtime,dotnet.exceptions ({exception} / 1 sec)[error.type=SocketException],Rate,0
06/06/2026 21:43:58,System.Runtime,dotnet.exceptions ({exception} / 1 sec)[error.type=CachedInternalErrorException],Rate,0
06/06/2026 21:43:58,System.Runtime,dotnet.exceptions ({exception} / 1 sec)[error.type=CachedSocketException],Rate,0
06/06/2026 21:43:58,System.Runtime,dotnet.exceptions ({exception} / 1 sec)[error.type=CachedNetworkException],Rate,19280
06/06/2026 21:43:58,System.Runtime,dotnet.jit.compilation.time (s / 1 sec),Rate,0.0008613000000003979
06/06/2026 21:43:58,System.Runtime,dotnet.jit.compiled_il.size (By / 1 sec),Rate,75
06/06/2026 21:43:58,System.Runtime,dotnet.process.memory.working_set (By),Metric,773046272
06/06/2026 21:43:58,System.Runtime,dotnet.jit.compiled_methods ({method} / 1 sec),Rate,1
06/06/2026 21:43:58,System.Runtime,dotnet.gc.last_collection.heap.size (By)[gc.heap.generation=loh],Metric,47938192
06/06/2026 21:43:58,System.Runtime,dotnet.gc.last_collection.heap.size (By)[gc.heap.generation=gen2],Metric,174320944
06/06/2026 21:43:58,System.Runtime,dotnet.gc.last_collection.heap.size (By)[gc.heap.generation=gen1],Metric,119943680
06/06/2026 21:43:58,System.Runtime,dotnet.gc.last_collection.heap.size (By)[gc.heap.generation=poh],Metric,188430040
06/06/2026 21:43:58,System.Runtime,dotnet.gc.last_collection.heap.size (By)[gc.heap.generation=gen0],Metric,0
06/06/2026 21:43:58,System.Runtime,dotnet.monitor.lock_contentions ({contention} / 1 sec),Rate,38
06/06/2026 21:43:58,System.Runtime,dotnet.process.cpu.time (s / 1 sec)[cpu.mode=system],Rate,0.32756200000000035
06/06/2026 21:43:58,System.Runtime,dotnet.process.cpu.time (s / 1 sec)[cpu.mode=user],Rate,0.6663350000000037
06/06/2026 21:43:58,System.Runtime,dotnet.thread_pool.thread.count ({thread} / 1 sec),Rate,0
06/06/2026 21:43:58,System.Runtime,dotnet.assembly.count ({assembly}),Metric,54
06/06/2026 21:43:58,System.Runtime,dotnet.thread_pool.work_item.count ({work_item} / 1 sec),Rate,32955
06/06/2026 21:43:58,System.Runtime,dotnet.gc.heap.total_allocated (By / 1 sec),Rate,42005192
06/06/2026 21:43:58,System.Runtime,dotnet.gc.last_collection.heap.fragmentation.size (By)[gc.heap.generation=loh],Metric,33388120
06/06/2026 21:43:58,System.Runtime,dotnet.gc.last_collection.heap.fragmentation.size (By)[gc.heap.generation=gen2],Metric,16835512
06/06/2026 21:43:58,System.Runtime,dotnet.gc.last_collection.heap.fragmentation.size (By)[gc.heap.generation=gen1],Metric,1618200
06/06/2026 21:43:58,System.Runtime,dotnet.gc.last_collection.heap.fragmentation.size (By)[gc.heap.generation=poh],Metric,869280
06/06/2026 21:43:58,System.Runtime,dotnet.gc.last_collection.heap.fragmentation.size (By)[gc.heap.generation=gen0],Metric,0
06/06/2026 21:43:58,System.Runtime,dotnet.thread_pool.queue.length ({work_item} / 1 sec),Rate,0
06/06/2026 21:43:58,System.Runtime,dotnet.gc.last_collection.memory.committed_size (By),Metric,696844288
06/06/2026 21:43:58,System.Runtime,dotnet.process.cpu.count ({cpu}),Metric,4
06/06/2026 21:43:58,System.Runtime,dotnet.timer.count ({timer}),Metric,28
06/06/2026 21:43:58,System.Runtime,dotnet.gc.collections ({collection} / 1 sec)[gc.heap.generation=gen2],Rate,0
06/06/2026 21:43:58,System.Runtime,dotnet.gc.collections ({collection} / 1 sec)[gc.heap.generation=gen1],Rate,0
06/06/2026 21:43:58,System.Runtime,dotnet.gc.collections ({collection} / 1 sec)[gc.heap.generation=gen0],Rate,0
06/06/2026 21:43:58,System.Runtime,dotnet.gc.pause.time (s / 1 sec),Rate,0
06/06/2026 21:43:59,System.Runtime,dotnet.exceptions ({exception} / 1 sec)[error.type=ObjectDisposedException],Rate,0
06/06/2026 21:43:59,System.Runtime,dotnet.exceptions ({exception} / 1 sec)[error.type=SocketException],Rate,0
06/06/2026 21:43:59,System.Runtime,dotnet.exceptions ({exception} / 1 sec)[error.type=CachedInternalErrorException],Rate,0
06/06/2026 21:43:59,System.Runtime,dotnet.exceptions ({exception} / 1 sec)[error.type=CachedSocketException],Rate,0
06/06/2026 21:43:59,System.Runtime,dotnet.exceptions ({exception} / 1 sec)[error.type=CachedNetworkException],Rate,0
06/06/2026 21:43:59,System.Runtime,dotnet.jit.compilation.time (s / 1 sec),Rate,0
06/06/2026 21:43:59,System.Runtime,dotnet.jit.compiled_il.size (By / 1 sec),Rate,0
06/06/2026 21:43:59,System.Runtime,dotnet.process.memory.working_set (By),Metric,773046272
06/06/2026 21:43:59,System.Runtime,dotnet.jit.compiled_methods ({method} / 1 sec),Rate,0
06/06/2026 21:43:59,System.Runtime,dotnet.gc.last_collection.heap.size (By)[gc.heap.generation=loh],Metric,47938192
06/06/2026 21:43:59,System.Runtime,dotnet.gc.last_collection.heap.size (By)[gc.heap.generation=gen2],Metric,174320944
06/06/2026 21:43:59,System.Runtime,dotnet.gc.last_collection.heap.size (By)[gc.heap.generation=gen1],Metric,119943680
06/06/2026 21:43:59,System.Runtime,dotnet.gc.last_collection.heap.size (By)[gc.heap.generation=poh],Metric,188430040
06/06/2026 21:43:59,System.Runtime,dotnet.gc.last_collection.heap.size (By)[gc.heap.generation=gen0],Metric,0
06/06/2026 21:43:59,System.Runtime,dotnet.monitor.lock_contentions ({contention} / 1 sec),Rate,21
06/06/2026 21:43:59,System.Runtime,dotnet.process.cpu.time (s / 1 sec)[cpu.mode=system],Rate,0.001885999999998944
06/06/2026 21:43:59,System.Runtime,dotnet.process.cpu.time (s / 1 sec)[cpu.mode=user],Rate,0.008127000000001772
06/06/2026 21:43:59,System.Runtime,dotnet.thread_pool.thread.count ({thread} / 1 sec),Rate,0
06/06/2026 21:43:59,System.Runtime,dotnet.assembly.count ({assembly}),Metric,54
06/06/2026 21:43:59,System.Runtime,dotnet.thread_pool.work_item.count ({work_item} / 1 sec),Rate,317
06/06/2026 21:43:59,System.Runtime,dotnet.gc.heap.total_allocated (By / 1 sec),Rate,293000
06/06/2026 21:43:59,System.Runtime,dotnet.gc.last_collection.heap.fragmentation.size (By)[gc.heap.generation=loh],Metric,33388120
06/06/2026 21:43:59,System.Runtime,dotnet.gc.last_collection.heap.fragmentation.size (By)[gc.heap.generation=gen2],Metric,16835512
06/06/2026 21:43:59,System.Runtime,dotnet.gc.last_collection.heap.fragmentation.size (By)[gc.heap.generation=gen1],Metric,1618200
06/06/2026 21:43:59,System.Runtime,dotnet.gc.last_collection.heap.fragmentation.size (By)[gc.heap.generation=poh],Metric,869280
06/06/2026 21:43:59,System.Runtime,dotnet.gc.last_collection.heap.fragmentation.size (By)[gc.heap.generation=gen0],Metric,0
06/06/2026 21:43:59,System.Runtime,dotnet.thread_pool.queue.length ({work_item} / 1 sec),Rate,0
06/06/2026 21:43:59,System.Runtime,dotnet.gc.last_collection.memory.committed_size (By),Metric,696844288
06/06/2026 21:43:59,System.Runtime,dotnet.process.cpu.count ({cpu}),Metric,4
06/06/2026 21:43:59,System.Runtime,dotnet.timer.count ({timer}),Metric,28
06/06/2026 21:43:59,System.Runtime,dotnet.gc.collections ({collection} / 1 sec)[gc.heap.generation=gen2],Rate,0
06/06/2026 21:43:59,System.Runtime,dotnet.gc.collections ({collection} / 1 sec)[gc.heap.generation=gen1],Rate,0
06/06/2026 21:43:59,System.Runtime,dotnet.gc.collections ({collection} / 1 sec)[gc.heap.generation=gen0],Rate,0
06/06/2026 21:43:59,System.Runtime,dotnet.gc.pause.time (s / 1 sec),Rate,0
06/06/2026 21:44:00,System.Runtime,dotnet.exceptions ({exception} / 1 sec)[error.type=ObjectDisposedException],Rate,0
06/06/2026 21:44:00,System.Runtime,dotnet.exceptions ({exception} / 1 sec)[error.type=SocketException],Rate,0
06/06/2026 21:44:00,System.Runtime,dotnet.exceptions ({exception} / 1 sec)[error.type=CachedInternalErrorException],Rate,0
06/06/2026 21:44:00,System.Runtime,dotnet.exceptions ({exception} / 1 sec)[error.type=CachedSocketException],Rate,0
06/06/2026 21:44:00,System.Runtime,dotnet.exceptions ({exception} / 1 sec)[error.type=CachedNetworkException],Rate,0
06/06/2026 21:44:00,System.Runtime,dotnet.jit.compilation.time (s / 1 sec),Rate,0
06/06/2026 21:44:00,System.Runtime,dotnet.jit.compiled_il.size (By / 1 sec),Rate,0
06/06/2026 21:44:00,System.Runtime,dotnet.process.memory.working_set (By),Metric,773046272
06/06/2026 21:44:00,System.Runtime,dotnet.jit.compiled_methods ({method} / 1 sec),Rate,0
06/06/2026 21:44:00,System.Runtime,dotnet.gc.last_collection.heap.size (By)[gc.heap.generation=loh],Metric,47938192
06/06/2026 21:44:00,System.Runtime,dotnet.gc.last_collection.heap.size (By)[gc.heap.generation=gen2],Metric,174320944
06/06/2026 21:44:00,System.Runtime,dotnet.gc.last_collection.heap.size (By)[gc.heap.generation=gen1],Metric,119943680
06/06/2026 21:44:00,System.Runtime,dotnet.gc.last_collection.heap.size (By)[gc.heap.generation=poh],Metric,188430040
06/06/2026 21:44:00,System.Runtime,dotnet.gc.last_collection.heap.size (By)[gc.heap.generation=gen0],Metric,0
06/06/2026 21:44:00,System.Runtime,dotnet.monitor.lock_contentions ({contention} / 1 sec),Rate,25
06/06/2026 21:44:00,System.Runtime,dotnet.process.cpu.time (s / 1 sec)[cpu.mode=system],Rate,0.0014859999999998763
06/06/2026 21:44:00,System.Runtime,dotnet.process.cpu.time (s / 1 sec)[cpu.mode=user],Rate,0.008307999999999538
06/06/2026 21:44:00,System.Runtime,dotnet.thread_pool.thread.count ({thread} / 1 sec),Rate,0
06/06/2026 21:44:00,System.Runtime,dotnet.assembly.count ({assembly}),Metric,54
06/06/2026 21:44:00,System.Runtime,dotnet.thread_pool.work_item.count ({work_item} / 1 sec),Rate,319
06/06/2026 21:44:00,System.Runtime,dotnet.gc.heap.total_allocated (By / 1 sec),Rate,286552
06/06/2026 21:44:00,System.Runtime,dotnet.gc.last_collection.heap.fragmentation.size (By)[gc.heap.generation=loh],Metric,33388120
06/06/2026 21:44:00,System.Runtime,dotnet.gc.last_collection.heap.fragmentation.size (By)[gc.heap.generation=gen2],Metric,16835512
06/06/2026 21:44:00,System.Runtime,dotnet.gc.last_collection.heap.fragmentation.size (By)[gc.heap.generation=gen1],Metric,1618200
06/06/2026 21:44:00,System.Runtime,dotnet.gc.last_collection.heap.fragmentation.size (By)[gc.heap.generation=poh],Metric,869280
06/06/2026 21:44:00,System.Runtime,dotnet.gc.last_collection.heap.fragmentation.size (By)[gc.heap.generation=gen0],Metric,0
06/06/2026 21:44:00,System.Runtime,dotnet.thread_pool.queue.length ({work_item} / 1 sec),Rate,0
06/06/2026 21:44:00,System.Runtime,dotnet.gc.last_collection.memory.committed_size (By),Metric,696844288
06/06/2026 21:44:00,System.Runtime,dotnet.process.cpu.count ({cpu}),Metric,4
06/06/2026 21:44:00,System.Runtime,dotnet.timer.count ({timer}),Metric,28
06/06/2026 21:44:00,System.Runtime,dotnet.gc.collections ({collection} / 1 sec)[gc.heap.generation=gen2],Rate,0
06/06/2026 21:44:00,System.Runtime,dotnet.gc.collections ({collection} / 1 sec)[gc.heap.generation=gen1],Rate,0
06/06/2026 21:44:00,System.Runtime,dotnet.gc.collections ({collection} / 1 sec)[gc.heap.generation=gen0],Rate,0
06/06/2026 21:44:00,System.Runtime,dotnet.gc.pause.time (s / 1 sec),Rate,0
06/06/2026 21:44:01,System.Runtime,dotnet.exceptions ({exception} / 1 sec)[error.type=ObjectDisposedException],Rate,0
06/06/2026 21:44:01,System.Runtime,dotnet.exceptions ({exception} / 1 sec)[error.type=SocketException],Rate,3554
06/06/2026 21:44:01,System.Runtime,dotnet.exceptions ({exception} / 1 sec)[error.type=CachedInternalErrorException],Rate,0
06/06/2026 21:44:01,System.Runtime,dotnet.exceptions ({exception} / 1 sec)[error.type=CachedSocketException],Rate,0
06/06/2026 21:44:01,System.Runtime,dotnet.exceptions ({exception} / 1 sec)[error.type=CachedNetworkException],Rate,0
06/06/2026 21:44:01,System.Runtime,dotnet.jit.compilation.time (s / 1 sec),Rate,0
06/06/2026 21:44:01,System.Runtime,dotnet.jit.compiled_il.size (By / 1 sec),Rate,0
06/06/2026 21:44:01,System.Runtime,dotnet.process.memory.working_set (By),Metric,790347776
06/06/2026 21:44:01,System.Runtime,dotnet.jit.compiled_methods ({method} / 1 sec),Rate,0
06/06/2026 21:44:01,System.Runtime,dotnet.gc.last_collection.heap.size (By)[gc.heap.generation=loh],Metric,47938192
06/06/2026 21:44:01,System.Runtime,dotnet.gc.last_collection.heap.size (By)[gc.heap.generation=gen2],Metric,174320944
06/06/2026 21:44:01,System.Runtime,dotnet.gc.last_collection.heap.size (By)[gc.heap.generation=gen1],Metric,141493112
06/06/2026 21:44:01,System.Runtime,dotnet.gc.last_collection.heap.size (By)[gc.heap.generation=poh],Metric,188430040
06/06/2026 21:44:01,System.Runtime,dotnet.gc.last_collection.heap.size (By)[gc.heap.generation=gen0],Metric,0
06/06/2026 21:44:01,System.Runtime,dotnet.monitor.lock_contentions ({contention} / 1 sec),Rate,41
06/06/2026 21:44:01,System.Runtime,dotnet.process.cpu.time (s / 1 sec)[cpu.mode=system],Rate,0.291245
06/06/2026 21:44:01,System.Runtime,dotnet.process.cpu.time (s / 1 sec)[cpu.mode=user],Rate,2.1013849999999934
06/06/2026 21:44:01,System.Runtime,dotnet.thread_pool.thread.count ({thread} / 1 sec),Rate,0
06/06/2026 21:44:01,System.Runtime,dotnet.assembly.count ({assembly}),Metric,54
06/06/2026 21:44:01,System.Runtime,dotnet.thread_pool.work_item.count ({work_item} / 1 sec),Rate,20402
06/06/2026 21:44:01,System.Runtime,dotnet.gc.heap.total_allocated (By / 1 sec),Rate,25289832
06/06/2026 21:44:01,System.Runtime,dotnet.gc.last_collection.heap.fragmentation.size (By)[gc.heap.generation=loh],Metric,33388120
06/06/2026 21:44:01,System.Runtime,dotnet.gc.last_collection.heap.fragmentation.size (By)[gc.heap.generation=gen2],Metric,16835512
06/06/2026 21:44:01,System.Runtime,dotnet.gc.last_collection.heap.fragmentation.size (By)[gc.heap.generation=gen1],Metric,1937448
06/06/2026 21:44:01,System.Runtime,dotnet.gc.last_collection.heap.fragmentation.size (By)[gc.heap.generation=poh],Metric,869280
06/06/2026 21:44:01,System.Runtime,dotnet.gc.last_collection.heap.fragmentation.size (By)[gc.heap.generation=gen0],Metric,0
06/06/2026 21:44:01,System.Runtime,dotnet.thread_pool.queue.length ({work_item} / 1 sec),Rate,85
06/06/2026 21:44:01,System.Runtime,dotnet.gc.last_collection.memory.committed_size (By),Metric,714145792
06/06/2026 21:44:01,System.Runtime,dotnet.process.cpu.count ({cpu}),Metric,4
06/06/2026 21:44:01,System.Runtime,dotnet.timer.count ({timer}),Metric,28
06/06/2026 21:44:01,System.Runtime,dotnet.gc.collections ({collection} / 1 sec)[gc.heap.generation=gen2],Rate,1
06/06/2026 21:44:01,System.Runtime,dotnet.gc.collections ({collection} / 1 sec)[gc.heap.generation=gen1],Rate,0
06/06/2026 21:44:01,System.Runtime,dotnet.gc.collections ({collection} / 1 sec)[gc.heap.generation=gen0],Rate,1
06/06/2026 21:44:01,System.Runtime,dotnet.gc.pause.time (s / 1 sec),Rate,0.12086200000000025
06/06/2026 21:44:02,System.Runtime,dotnet.exceptions ({exception} / 1 sec)[error.type=ObjectDisposedException],Rate,0
06/06/2026 21:44:02,System.Runtime,dotnet.exceptions ({exception} / 1 sec)[error.type=SocketException],Rate,2742
06/06/2026 21:44:02,System.Runtime,dotnet.exceptions ({exception} / 1 sec)[error.type=CachedInternalErrorException],Rate,0
06/06/2026 21:44:02,System.Runtime,dotnet.exceptions ({exception} / 1 sec)[error.type=CachedSocketException],Rate,0
06/06/2026 21:44:02,System.Runtime,dotnet.exceptions ({exception} / 1 sec)[error.type=CachedNetworkException],Rate,0
06/06/2026 21:44:02,System.Runtime,dotnet.jit.compilation.time (s / 1 sec),Rate,0.016767100000000035
06/06/2026 21:44:02,System.Runtime,dotnet.jit.compiled_il.size (By / 1 sec),Rate,382
06/06/2026 21:44:02,System.Runtime,dotnet.process.memory.working_set (By),Metric,750665728
06/06/2026 21:44:02,System.Runtime,dotnet.jit.compiled_methods ({method} / 1 sec),Rate,5
06/06/2026 21:44:02,System.Runtime,dotnet.gc.last_collection.heap.size (By)[gc.heap.generation=loh],Metric,8580456
06/06/2026 21:44:02,System.Runtime,dotnet.gc.last_collection.heap.size (By)[gc.heap.generation=gen2],Metric,174308712
06/06/2026 21:44:02,System.Runtime,dotnet.gc.last_collection.heap.size (By)[gc.heap.generation=gen1],Metric,141493112
06/06/2026 21:44:02,System.Runtime,dotnet.gc.last_collection.heap.size (By)[gc.heap.generation=poh],Metric,188425920
06/06/2026 21:44:02,System.Runtime,dotnet.gc.last_collection.heap.size (By)[gc.heap.generation=gen0],Metric,16285864
06/06/2026 21:44:02,System.Runtime,dotnet.monitor.lock_contentions ({contention} / 1 sec),Rate,64
06/06/2026 21:44:02,System.Runtime,dotnet.process.cpu.time (s / 1 sec)[cpu.mode=system],Rate,0.4209759999999996
06/06/2026 21:44:02,System.Runtime,dotnet.process.cpu.time (s / 1 sec)[cpu.mode=user],Rate,3.257373000000001
06/06/2026 21:44:02,System.Runtime,dotnet.thread_pool.thread.count ({thread} / 1 sec),Rate,0
06/06/2026 21:44:02,System.Runtime,dotnet.assembly.count ({assembly}),Metric,54
06/06/2026 21:44:02,System.Runtime,dotnet.thread_pool.work_item.count ({work_item} / 1 sec),Rate,42158
06/06/2026 21:44:02,System.Runtime,dotnet.gc.heap.total_allocated (By / 1 sec),Rate,29551664
06/06/2026 21:44:02,System.Runtime,dotnet.gc.last_collection.heap.fragmentation.size (By)[gc.heap.generation=loh],Metric,4834800
06/06/2026 21:44:02,System.Runtime,dotnet.gc.last_collection.heap.fragmentation.size (By)[gc.heap.generation=gen2],Metric,21302064
06/06/2026 21:44:02,System.Runtime,dotnet.gc.last_collection.heap.fragmentation.size (By)[gc.heap.generation=gen1],Metric,33878736
06/06/2026 21:44:02,System.Runtime,dotnet.gc.last_collection.heap.fragmentation.size (By)[gc.heap.generation=poh],Metric,6178400
06/06/2026 21:44:02,System.Runtime,dotnet.gc.last_collection.heap.fragmentation.size (By)[gc.heap.generation=gen0],Metric,6752112
06/06/2026 21:44:02,System.Runtime,dotnet.thread_pool.queue.length ({work_item} / 1 sec),Rate,594
06/06/2026 21:44:02,System.Runtime,dotnet.gc.last_collection.memory.committed_size (By),Metric,672333824
06/06/2026 21:44:02,System.Runtime,dotnet.process.cpu.count ({cpu}),Metric,4
06/06/2026 21:44:02,System.Runtime,dotnet.timer.count ({timer}),Metric,12
06/06/2026 21:44:02,System.Runtime,dotnet.gc.collections ({collection} / 1 sec)[gc.heap.generation=gen2],Rate,0
06/06/2026 21:44:02,System.Runtime,dotnet.gc.collections ({collection} / 1 sec)[gc.heap.generation=gen1],Rate,0
06/06/2026 21:44:02,System.Runtime,dotnet.gc.collections ({collection} / 1 sec)[gc.heap.generation=gen0],Rate,0
06/06/2026 21:44:02,System.Runtime,dotnet.gc.pause.time (s / 1 sec),Rate,0.02376699999999987
06/06/2026 21:44:03,System.Runtime,dotnet.exceptions ({exception} / 1 sec)[error.type=ObjectDisposedException],Rate,0
06/06/2026 21:44:03,System.Runtime,dotnet.exceptions ({exception} / 1 sec)[error.type=SocketException],Rate,3844
06/06/2026 21:44:03,System.Runtime,dotnet.exceptions ({exception} / 1 sec)[error.type=CachedInternalErrorException],Rate,0
06/06/2026 21:44:03,System.Runtime,dotnet.exceptions ({exception} / 1 sec)[error.type=CachedSocketException],Rate,0
06/06/2026 21:44:03,System.Runtime,dotnet.exceptions ({exception} / 1 sec)[error.type=CachedNetworkException],Rate,0
06/06/2026 21:44:03,System.Runtime,dotnet.jit.compilation.time (s / 1 sec),Rate,0.006749499999999742
06/06/2026 21:44:03,System.Runtime,dotnet.jit.compiled_il.size (By / 1 sec),Rate,1109
06/06/2026 21:44:03,System.Runtime,dotnet.process.memory.working_set (By),Metric,751190016
06/06/2026 21:44:03,System.Runtime,dotnet.jit.compiled_methods ({method} / 1 sec),Rate,13
06/06/2026 21:44:03,System.Runtime,dotnet.gc.last_collection.heap.size (By)[gc.heap.generation=loh],Metric,8580456
06/06/2026 21:44:03,System.Runtime,dotnet.gc.last_collection.heap.size (By)[gc.heap.generation=gen2],Metric,174308712
06/06/2026 21:44:03,System.Runtime,dotnet.gc.last_collection.heap.size (By)[gc.heap.generation=gen1],Metric,141493112
06/06/2026 21:44:03,System.Runtime,dotnet.gc.last_collection.heap.size (By)[gc.heap.generation=poh],Metric,188425920
06/06/2026 21:44:03,System.Runtime,dotnet.gc.last_collection.heap.size (By)[gc.heap.generation=gen0],Metric,16285864
06/06/2026 21:44:03,System.Runtime,dotnet.monitor.lock_contentions ({contention} / 1 sec),Rate,90
06/06/2026 21:44:03,System.Runtime,dotnet.process.cpu.time (s / 1 sec)[cpu.mode=system],Rate,0.5425919999999991
06/06/2026 21:44:03,System.Runtime,dotnet.process.cpu.time (s / 1 sec)[cpu.mode=user],Rate,3.259030999999993
06/06/2026 21:44:03,System.Runtime,dotnet.thread_pool.thread.count ({thread} / 1 sec),Rate,0
06/06/2026 21:44:03,System.Runtime,dotnet.assembly.count ({assembly}),Metric,54
06/06/2026 21:44:03,System.Runtime,dotnet.thread_pool.work_item.count ({work_item} / 1 sec),Rate,54470
06/06/2026 21:44:03,System.Runtime,dotnet.gc.heap.total_allocated (By / 1 sec),Rate,35880960
06/06/2026 21:44:03,System.Runtime,dotnet.gc.last_collection.heap.fragmentation.size (By)[gc.heap.generation=loh],Metric,4834800
06/06/2026 21:44:03,System.Runtime,dotnet.gc.last_collection.heap.fragmentation.size (By)[gc.heap.generation=gen2],Metric,21302064
06/06/2026 21:44:03,System.Runtime,dotnet.gc.last_collection.heap.fragmentation.size (By)[gc.heap.generation=gen1],Metric,33878736
06/06/2026 21:44:03,System.Runtime,dotnet.gc.last_collection.heap.fragmentation.size (By)[gc.heap.generation=poh],Metric,6178400
06/06/2026 21:44:03,System.Runtime,dotnet.gc.last_collection.heap.fragmentation.size (By)[gc.heap.generation=gen0],Metric,6752112
06/06/2026 21:44:03,System.Runtime,dotnet.thread_pool.queue.length ({work_item} / 1 sec),Rate,-97
06/06/2026 21:44:03,System.Runtime,dotnet.gc.last_collection.memory.committed_size (By),Metric,672333824
06/06/2026 21:44:03,System.Runtime,dotnet.process.cpu.count ({cpu}),Metric,4
06/06/2026 21:44:03,System.Runtime,dotnet.timer.count ({timer}),Metric,12
06/06/2026 21:44:03,System.Runtime,dotnet.gc.collections ({collection} / 1 sec)[gc.heap.generation=gen2],Rate,0
06/06/2026 21:44:03,System.Runtime,dotnet.gc.collections ({collection} / 1 sec)[gc.heap.generation=gen1],Rate,0
06/06/2026 21:44:03,System.Runtime,dotnet.gc.collections ({collection} / 1 sec)[gc.heap.generation=gen0],Rate,0
06/06/2026 21:44:03,System.Runtime,dotnet.gc.pause.time (s / 1 sec),Rate,0
06/06/2026 21:44:04,System.Runtime,dotnet.exceptions ({exception} / 1 sec)[error.type=ObjectDisposedException],Rate,0
06/06/2026 21:44:04,System.Runtime,dotnet.exceptions ({exception} / 1 sec)[error.type=SocketException],Rate,3356
06/06/2026 21:44:04,System.Runtime,dotnet.exceptions ({exception} / 1 sec)[error.type=CachedInternalErrorException],Rate,0
06/06/2026 21:44:04,System.Runtime,dotnet.exceptions ({exception} / 1 sec)[error.type=CachedSocketException],Rate,20
06/06/2026 21:44:04,System.Runtime,dotnet.exceptions ({exception} / 1 sec)[error.type=CachedNetworkException],Rate,0
06/06/2026 21:44:04,System.Runtime,dotnet.jit.compilation.time (s / 1 sec),Rate,0
06/06/2026 21:44:04,System.Runtime,dotnet.jit.compiled_il.size (By / 1 sec),Rate,0
06/06/2026 21:44:04,System.Runtime,dotnet.process.memory.working_set (By),Metric,751190016
06/06/2026 21:44:04,System.Runtime,dotnet.jit.compiled_methods ({method} / 1 sec),Rate,0
06/06/2026 21:44:04,System.Runtime,dotnet.gc.last_collection.heap.size (By)[gc.heap.generation=loh],Metric,8580456
06/06/2026 21:44:04,System.Runtime,dotnet.gc.last_collection.heap.size (By)[gc.heap.generation=gen2],Metric,174308712
06/06/2026 21:44:04,System.Runtime,dotnet.gc.last_collection.heap.size (By)[gc.heap.generation=gen1],Metric,141493112
06/06/2026 21:44:04,System.Runtime,dotnet.gc.last_collection.heap.size (By)[gc.heap.generation=poh],Metric,188425920
06/06/2026 21:44:04,System.Runtime,dotnet.gc.last_collection.heap.size (By)[gc.heap.generation=gen0],Metric,16285864
06/06/2026 21:44:04,System.Runtime,dotnet.monitor.lock_contentions ({contention} / 1 sec),Rate,87
06/06/2026 21:44:04,System.Runtime,dotnet.process.cpu.time (s / 1 sec)[cpu.mode=system],Rate,0.6504979999999989
06/06/2026 21:44:04,System.Runtime,dotnet.process.cpu.time (s / 1 sec)[cpu.mode=user],Rate,3.0799869999999885
06/06/2026 21:44:04,System.Runtime,dotnet.thread_pool.thread.count ({thread} / 1 sec),Rate,0
06/06/2026 21:44:04,System.Runtime,dotnet.assembly.count ({assembly}),Metric,54
06/06/2026 21:44:04,System.Runtime,dotnet.thread_pool.work_item.count ({work_item} / 1 sec),Rate,53466
06/06/2026 21:44:04,System.Runtime,dotnet.gc.heap.total_allocated (By / 1 sec),Rate,36420904
06/06/2026 21:44:04,System.Runtime,dotnet.gc.last_collection.heap.fragmentation.size (By)[gc.heap.generation=loh],Metric,4834800
06/06/2026 21:44:04,System.Runtime,dotnet.gc.last_collection.heap.fragmentation.size (By)[gc.heap.generation=gen2],Metric,21302064
06/06/2026 21:44:04,System.Runtime,dotnet.gc.last_collection.heap.fragmentation.size (By)[gc.heap.generation=gen1],Metric,33878736
06/06/2026 21:44:04,System.Runtime,dotnet.gc.last_collection.heap.fragmentation.size (By)[gc.heap.generation=poh],Metric,6178400
06/06/2026 21:44:04,System.Runtime,dotnet.gc.last_collection.heap.fragmentation.size (By)[gc.heap.generation=gen0],Metric,6752112
06/06/2026 21:44:04,System.Runtime,dotnet.thread_pool.queue.length ({work_item} / 1 sec),Rate,2081
06/06/2026 21:44:04,System.Runtime,dotnet.gc.last_collection.memory.committed_size (By),Metric,672333824
06/06/2026 21:44:04,System.Runtime,dotnet.process.cpu.count ({cpu}),Metric,4
06/06/2026 21:44:04,System.Runtime,dotnet.timer.count ({timer}),Metric,12
06/06/2026 21:44:04,System.Runtime,dotnet.gc.collections ({collection} / 1 sec)[gc.heap.generation=gen2],Rate,0
06/06/2026 21:44:04,System.Runtime,dotnet.gc.collections ({collection} / 1 sec)[gc.heap.generation=gen1],Rate,0
06/06/2026 21:44:04,System.Runtime,dotnet.gc.collections ({collection} / 1 sec)[gc.heap.generation=gen0],Rate,0
06/06/2026 21:44:04,System.Runtime,dotnet.gc.pause.time (s / 1 sec),Rate,0
06/06/2026 21:44:05,System.Runtime,dotnet.exceptions ({exception} / 1 sec)[error.type=ObjectDisposedException],Rate,0
06/06/2026 21:44:05,System.Runtime,dotnet.exceptions ({exception} / 1 sec)[error.type=SocketException],Rate,3700
06/06/2026 21:44:05,System.Runtime,dotnet.exceptions ({exception} / 1 sec)[error.type=CachedInternalErrorException],Rate,0
06/06/2026 21:44:05,System.Runtime,dotnet.exceptions ({exception} / 1 sec)[error.type=CachedSocketException],Rate,0
06/06/2026 21:44:05,System.Runtime,dotnet.exceptions ({exception} / 1 sec)[error.type=CachedNetworkException],Rate,0
06/06/2026 21:44:05,System.Runtime,dotnet.jit.compilation.time (s / 1 sec),Rate,0
06/06/2026 21:44:05,System.Runtime,dotnet.jit.compiled_il.size (By / 1 sec),Rate,0
06/06/2026 21:44:05,System.Runtime,dotnet.process.memory.working_set (By),Metric,751190016
06/06/2026 21:44:05,System.Runtime,dotnet.jit.compiled_methods ({method} / 1 sec),Rate,0
06/06/2026 21:44:05,System.Runtime,dotnet.gc.last_collection.heap.size (By)[gc.heap.generation=loh],Metric,8580456
06/06/2026 21:44:05,System.Runtime,dotnet.gc.last_collection.heap.size (By)[gc.heap.generation=gen2],Metric,174308712
06/06/2026 21:44:05,System.Runtime,dotnet.gc.last_collection.heap.size (By)[gc.heap.generation=gen1],Metric,141493112
06/06/2026 21:44:05,System.Runtime,dotnet.gc.last_collection.heap.size (By)[gc.heap.generation=poh],Metric,188425920
06/06/2026 21:44:05,System.Runtime,dotnet.gc.last_collection.heap.size (By)[gc.heap.generation=gen0],Metric,16285864
06/06/2026 21:44:05,System.Runtime,dotnet.monitor.lock_contentions ({contention} / 1 sec),Rate,52
06/06/2026 21:44:05,System.Runtime,dotnet.process.cpu.time (s / 1 sec)[cpu.mode=system],Rate,0.5761500000000055
06/06/2026 21:44:05,System.Runtime,dotnet.process.cpu.time (s / 1 sec)[cpu.mode=user],Rate,3.2013810000000262
06/06/2026 21:44:05,System.Runtime,dotnet.thread_pool.thread.count ({thread} / 1 sec),Rate,0
06/06/2026 21:44:05,System.Runtime,dotnet.assembly.count ({assembly}),Metric,54
06/06/2026 21:44:05,System.Runtime,dotnet.thread_pool.work_item.count ({work_item} / 1 sec),Rate,53007
06/06/2026 21:44:05,System.Runtime,dotnet.gc.heap.total_allocated (By / 1 sec),Rate,36630904
06/06/2026 21:44:05,System.Runtime,dotnet.gc.last_collection.heap.fragmentation.size (By)[gc.heap.generation=loh],Metric,4834800
06/06/2026 21:44:05,System.Runtime,dotnet.gc.last_collection.heap.fragmentation.size (By)[gc.heap.generation=gen2],Metric,21302064
06/06/2026 21:44:05,System.Runtime,dotnet.gc.last_collection.heap.fragmentation.size (By)[gc.heap.generation=gen1],Metric,33878736
06/06/2026 21:44:05,System.Runtime,dotnet.gc.last_collection.heap.fragmentation.size (By)[gc.heap.generation=poh],Metric,6178400
06/06/2026 21:44:05,System.Runtime,dotnet.gc.last_collection.heap.fragmentation.size (By)[gc.heap.generation=gen0],Metric,6752112
06/06/2026 21:44:05,System.Runtime,dotnet.thread_pool.queue.length ({work_item} / 1 sec),Rate,1645
06/06/2026 21:44:05,System.Runtime,dotnet.gc.last_collection.memory.committed_size (By),Metric,672333824
06/06/2026 21:44:05,System.Runtime,dotnet.process.cpu.count ({cpu}),Metric,4
06/06/2026 21:44:05,System.Runtime,dotnet.timer.count ({timer}),Metric,12
06/06/2026 21:44:05,System.Runtime,dotnet.gc.collections ({collection} / 1 sec)[gc.heap.generation=gen2],Rate,0
06/06/2026 21:44:05,System.Runtime,dotnet.gc.collections ({collection} / 1 sec)[gc.heap.generation=gen1],Rate,0
06/06/2026 21:44:05,System.Runtime,dotnet.gc.collections ({collection} / 1 sec)[gc.heap.generation=gen0],Rate,0
06/06/2026 21:44:05,System.Runtime,dotnet.gc.pause.time (s / 1 sec),Rate,0
06/06/2026 21:44:06,System.Runtime,dotnet.exceptions ({exception} / 1 sec)[error.type=ObjectDisposedException],Rate,0
06/06/2026 21:44:06,System.Runtime,dotnet.exceptions ({exception} / 1 sec)[error.type=SocketException],Rate,2614
06/06/2026 21:44:06,System.Runtime,dotnet.exceptions ({exception} / 1 sec)[error.type=CachedInternalErrorException],Rate,0
06/06/2026 21:44:06,System.Runtime,dotnet.exceptions ({exception} / 1 sec)[error.type=CachedSocketException],Rate,4
06/06/2026 21:44:06,System.Runtime,dotnet.exceptions ({exception} / 1 sec)[error.type=CachedNetworkException],Rate,0
06/06/2026 21:44:06,System.Runtime,dotnet.jit.compilation.time (s / 1 sec),Rate,0
06/06/2026 21:44:06,System.Runtime,dotnet.jit.compiled_il.size (By / 1 sec),Rate,0
06/06/2026 21:44:06,System.Runtime,dotnet.process.memory.working_set (By),Metric,769540096
06/06/2026 21:44:06,System.Runtime,dotnet.jit.compiled_methods ({method} / 1 sec),Rate,0
06/06/2026 21:44:06,System.Runtime,dotnet.gc.last_collection.heap.size (By)[gc.heap.generation=loh],Metric,8793056
06/06/2026 21:44:06,System.Runtime,dotnet.gc.last_collection.heap.size (By)[gc.heap.generation=gen2],Metric,314379144
06/06/2026 21:44:06,System.Runtime,dotnet.gc.last_collection.heap.size (By)[gc.heap.generation=gen1],Metric,153861688
06/06/2026 21:44:06,System.Runtime,dotnet.gc.last_collection.heap.size (By)[gc.heap.generation=poh],Metric,188425920
06/06/2026 21:44:06,System.Runtime,dotnet.gc.last_collection.heap.size (By)[gc.heap.generation=gen0],Metric,0
06/06/2026 21:44:06,System.Runtime,dotnet.monitor.lock_contentions ({contention} / 1 sec),Rate,81
06/06/2026 21:44:06,System.Runtime,dotnet.process.cpu.time (s / 1 sec)[cpu.mode=system],Rate,0.532236999999995
06/06/2026 21:44:06,System.Runtime,dotnet.process.cpu.time (s / 1 sec)[cpu.mode=user],Rate,3.0571079999999995
06/06/2026 21:44:06,System.Runtime,dotnet.thread_pool.thread.count ({thread} / 1 sec),Rate,0
06/06/2026 21:44:06,System.Runtime,dotnet.assembly.count ({assembly}),Metric,54
06/06/2026 21:44:06,System.Runtime,dotnet.thread_pool.work_item.count ({work_item} / 1 sec),Rate,52579
06/06/2026 21:44:06,System.Runtime,dotnet.gc.heap.total_allocated (By / 1 sec),Rate,28228432
06/06/2026 21:44:06,System.Runtime,dotnet.gc.last_collection.heap.fragmentation.size (By)[gc.heap.generation=loh],Metric,4834832
06/06/2026 21:44:06,System.Runtime,dotnet.gc.last_collection.heap.fragmentation.size (By)[gc.heap.generation=gen2],Metric,58062512
06/06/2026 21:44:06,System.Runtime,dotnet.gc.last_collection.heap.fragmentation.size (By)[gc.heap.generation=gen1],Metric,78830448
06/06/2026 21:44:06,System.Runtime,dotnet.gc.last_collection.heap.fragmentation.size (By)[gc.heap.generation=poh],Metric,6178400
06/06/2026 21:44:06,System.Runtime,dotnet.gc.last_collection.heap.fragmentation.size (By)[gc.heap.generation=gen0],Metric,0
06/06/2026 21:44:06,System.Runtime,dotnet.thread_pool.queue.length ({work_item} / 1 sec),Rate,-4117
06/06/2026 21:44:06,System.Runtime,dotnet.gc.last_collection.memory.committed_size (By),Metric,686964736
06/06/2026 21:44:06,System.Runtime,dotnet.process.cpu.count ({cpu}),Metric,4
06/06/2026 21:44:06,System.Runtime,dotnet.timer.count ({timer}),Metric,27
06/06/2026 21:44:06,System.Runtime,dotnet.gc.collections ({collection} / 1 sec)[gc.heap.generation=gen2],Rate,0
06/06/2026 21:44:06,System.Runtime,dotnet.gc.collections ({collection} / 1 sec)[gc.heap.generation=gen1],Rate,1
06/06/2026 21:44:06,System.Runtime,dotnet.gc.collections ({collection} / 1 sec)[gc.heap.generation=gen0],Rate,0
06/06/2026 21:44:06,System.Runtime,dotnet.gc.pause.time (s / 1 sec),Rate,0.2271749999999999
06/06/2026 21:44:07,System.Runtime,dotnet.exceptions ({exception} / 1 sec)[error.type=ObjectDisposedException],Rate,0
06/06/2026 21:44:07,System.Runtime,dotnet.exceptions ({exception} / 1 sec)[error.type=SocketException],Rate,190
06/06/2026 21:44:07,System.Runtime,dotnet.exceptions ({exception} / 1 sec)[error.type=CachedInternalErrorException],Rate,0
06/06/2026 21:44:07,System.Runtime,dotnet.exceptions ({exception} / 1 sec)[error.type=CachedSocketException],Rate,0
06/06/2026 21:44:07,System.Runtime,dotnet.exceptions ({exception} / 1 sec)[error.type=CachedNetworkException],Rate,0
06/06/2026 21:44:07,System.Runtime,dotnet.jit.compilation.time (s / 1 sec),Rate,0.000771499999999925
06/06/2026 21:44:07,System.Runtime,dotnet.jit.compiled_il.size (By / 1 sec),Rate,81
06/06/2026 21:44:07,System.Runtime,dotnet.process.memory.working_set (By),Metric,785268736
06/06/2026 21:44:07,System.Runtime,dotnet.jit.compiled_methods ({method} / 1 sec),Rate,1
06/06/2026 21:44:07,System.Runtime,dotnet.gc.last_collection.heap.size (By)[gc.heap.generation=loh],Metric,8793056
06/06/2026 21:44:07,System.Runtime,dotnet.gc.last_collection.heap.size (By)[gc.heap.generation=gen2],Metric,314379144
06/06/2026 21:44:07,System.Runtime,dotnet.gc.last_collection.heap.size (By)[gc.heap.generation=gen1],Metric,153861688
06/06/2026 21:44:07,System.Runtime,dotnet.gc.last_collection.heap.size (By)[gc.heap.generation=poh],Metric,188425920
06/06/2026 21:44:07,System.Runtime,dotnet.gc.last_collection.heap.size (By)[gc.heap.generation=gen0],Metric,0
06/06/2026 21:44:07,System.Runtime,dotnet.monitor.lock_contentions ({contention} / 1 sec),Rate,130
06/06/2026 21:44:07,System.Runtime,dotnet.process.cpu.time (s / 1 sec)[cpu.mode=system],Rate,0.3285060000000044
06/06/2026 21:44:07,System.Runtime,dotnet.process.cpu.time (s / 1 sec)[cpu.mode=user],Rate,1.0333320000000015
06/06/2026 21:44:07,System.Runtime,dotnet.thread_pool.thread.count ({thread} / 1 sec),Rate,0
06/06/2026 21:44:07,System.Runtime,dotnet.assembly.count ({assembly}),Metric,54
06/06/2026 21:44:07,System.Runtime,dotnet.thread_pool.work_item.count ({work_item} / 1 sec),Rate,36093
06/06/2026 21:44:07,System.Runtime,dotnet.gc.heap.total_allocated (By / 1 sec),Rate,15739792
06/06/2026 21:44:07,System.Runtime,dotnet.gc.last_collection.heap.fragmentation.size (By)[gc.heap.generation=loh],Metric,4834832
06/06/2026 21:44:07,System.Runtime,dotnet.gc.last_collection.heap.fragmentation.size (By)[gc.heap.generation=gen2],Metric,58062512
06/06/2026 21:44:07,System.Runtime,dotnet.gc.last_collection.heap.fragmentation.size (By)[gc.heap.generation=gen1],Metric,78830448
06/06/2026 21:44:07,System.Runtime,dotnet.gc.last_collection.heap.fragmentation.size (By)[gc.heap.generation=poh],Metric,6178400
06/06/2026 21:44:07,System.Runtime,dotnet.gc.last_collection.heap.fragmentation.size (By)[gc.heap.generation=gen0],Metric,0
06/06/2026 21:44:07,System.Runtime,dotnet.thread_pool.queue.length ({work_item} / 1 sec),Rate,-191
06/06/2026 21:44:07,System.Runtime,dotnet.gc.last_collection.memory.committed_size (By),Metric,686964736
06/06/2026 21:44:07,System.Runtime,dotnet.process.cpu.count ({cpu}),Metric,4
06/06/2026 21:44:07,System.Runtime,dotnet.timer.count ({timer}),Metric,28
06/06/2026 21:44:07,System.Runtime,dotnet.gc.collections ({collection} / 1 sec)[gc.heap.generation=gen2],Rate,0
06/06/2026 21:44:07,System.Runtime,dotnet.gc.collections ({collection} / 1 sec)[gc.heap.generation=gen1],Rate,0
06/06/2026 21:44:07,System.Runtime,dotnet.gc.collections ({collection} / 1 sec)[gc.heap.generation=gen0],Rate,0
06/06/2026 21:44:07,System.Runtime,dotnet.gc.pause.time (s / 1 sec),Rate,0
06/06/2026 21:44:08,System.Runtime,dotnet.exceptions ({exception} / 1 sec)[error.type=ObjectDisposedException],Rate,0
06/06/2026 21:44:08,System.Runtime,dotnet.exceptions ({exception} / 1 sec)[error.type=SocketException],Rate,0
06/06/2026 21:44:08,System.Runtime,dotnet.exceptions ({exception} / 1 sec)[error.type=CachedInternalErrorException],Rate,0
06/06/2026 21:44:08,System.Runtime,dotnet.exceptions ({exception} / 1 sec)[error.type=CachedSocketException],Rate,0
06/06/2026 21:44:08,System.Runtime,dotnet.exceptions ({exception} / 1 sec)[error.type=CachedNetworkException],Rate,0
06/06/2026 21:44:08,System.Runtime,dotnet.jit.compilation.time (s / 1 sec),Rate,0
06/06/2026 21:44:08,System.Runtime,dotnet.jit.compiled_il.size (By / 1 sec),Rate,0
06/06/2026 21:44:08,System.Runtime,dotnet.process.memory.working_set (By),Metric,790511616
06/06/2026 21:44:08,System.Runtime,dotnet.jit.compiled_methods ({method} / 1 sec),Rate,0
06/06/2026 21:44:08,System.Runtime,dotnet.gc.last_collection.heap.size (By)[gc.heap.generation=loh],Metric,8793056
06/06/2026 21:44:08,System.Runtime,dotnet.gc.last_collection.heap.size (By)[gc.heap.generation=gen2],Metric,314379144
06/06/2026 21:44:08,System.Runtime,dotnet.gc.last_collection.heap.size (By)[gc.heap.generation=gen1],Metric,153861688
06/06/2026 21:44:08,System.Runtime,dotnet.gc.last_collection.heap.size (By)[gc.heap.generation=poh],Metric,188425920
06/06/2026 21:44:08,System.Runtime,dotnet.gc.last_collection.heap.size (By)[gc.heap.generation=gen0],Metric,0
06/06/2026 21:44:08,System.Runtime,dotnet.monitor.lock_contentions ({contention} / 1 sec),Rate,73
06/06/2026 21:44:08,System.Runtime,dotnet.process.cpu.time (s / 1 sec)[cpu.mode=system],Rate,0.2586159999999964
06/06/2026 21:44:08,System.Runtime,dotnet.process.cpu.time (s / 1 sec)[cpu.mode=user],Rate,0.44291699999999423
06/06/2026 21:44:08,System.Runtime,dotnet.thread_pool.thread.count ({thread} / 1 sec),Rate,0
06/06/2026 21:44:08,System.Runtime,dotnet.assembly.count ({assembly}),Metric,54
06/06/2026 21:44:08,System.Runtime,dotnet.thread_pool.work_item.count ({work_item} / 1 sec),Rate,19219
06/06/2026 21:44:08,System.Runtime,dotnet.gc.heap.total_allocated (By / 1 sec),Rate,5383000
06/06/2026 21:44:08,System.Runtime,dotnet.gc.last_collection.heap.fragmentation.size (By)[gc.heap.generation=loh],Metric,4834832
06/06/2026 21:44:08,System.Runtime,dotnet.gc.last_collection.heap.fragmentation.size (By)[gc.heap.generation=gen2],Metric,58062512
06/06/2026 21:44:08,System.Runtime,dotnet.gc.last_collection.heap.fragmentation.size (By)[gc.heap.generation=gen1],Metric,78830448
06/06/2026 21:44:08,System.Runtime,dotnet.gc.last_collection.heap.fragmentation.size (By)[gc.heap.generation=poh],Metric,6178400
06/06/2026 21:44:08,System.Runtime,dotnet.gc.last_collection.heap.fragmentation.size (By)[gc.heap.generation=gen0],Metric,0
06/06/2026 21:44:08,System.Runtime,dotnet.thread_pool.queue.length ({work_item} / 1 sec),Rate,0
06/06/2026 21:44:08,System.Runtime,dotnet.gc.last_collection.memory.committed_size (By),Metric,686964736
06/06/2026 21:44:08,System.Runtime,dotnet.process.cpu.count ({cpu}),Metric,4
06/06/2026 21:44:08,System.Runtime,dotnet.timer.count ({timer}),Metric,28
06/06/2026 21:44:08,System.Runtime,dotnet.gc.collections ({collection} / 1 sec)[gc.heap.generation=gen2],Rate,0
06/06/2026 21:44:08,System.Runtime,dotnet.gc.collections ({collection} / 1 sec)[gc.heap.generation=gen1],Rate,0
06/06/2026 21:44:08,System.Runtime,dotnet.gc.collections ({collection} / 1 sec)[gc.heap.generation=gen0],Rate,0
06/06/2026 21:44:08,System.Runtime,dotnet.gc.pause.time (s / 1 sec),Rate,0
06/06/2026 21:44:09,System.Runtime,dotnet.exceptions ({exception} / 1 sec)[error.type=ObjectDisposedException],Rate,0
06/06/2026 21:44:09,System.Runtime,dotnet.exceptions ({exception} / 1 sec)[error.type=SocketException],Rate,0
06/06/2026 21:44:09,System.Runtime,dotnet.exceptions ({exception} / 1 sec)[error.type=CachedInternalErrorException],Rate,0
06/06/2026 21:44:09,System.Runtime,dotnet.exceptions ({exception} / 1 sec)[error.type=CachedSocketException],Rate,0
06/06/2026 21:44:09,System.Runtime,dotnet.exceptions ({exception} / 1 sec)[error.type=CachedNetworkException],Rate,0
06/06/2026 21:44:09,System.Runtime,dotnet.jit.compilation.time (s / 1 sec),Rate,0
06/06/2026 21:44:09,System.Runtime,dotnet.jit.compiled_il.size (By / 1 sec),Rate,0
06/06/2026 21:44:09,System.Runtime,dotnet.process.memory.working_set (By),Metric,795230208
06/06/2026 21:44:09,System.Runtime,dotnet.jit.compiled_methods ({method} / 1 sec),Rate,0
06/06/2026 21:44:09,System.Runtime,dotnet.gc.last_collection.heap.size (By)[gc.heap.generation=loh],Metric,8793056
06/06/2026 21:44:09,System.Runtime,dotnet.gc.last_collection.heap.size (By)[gc.heap.generation=gen2],Metric,314379144
06/06/2026 21:44:09,System.Runtime,dotnet.gc.last_collection.heap.size (By)[gc.heap.generation=gen1],Metric,153861688
06/06/2026 21:44:09,System.Runtime,dotnet.gc.last_collection.heap.size (By)[gc.heap.generation=poh],Metric,188425920
06/06/2026 21:44:09,System.Runtime,dotnet.gc.last_collection.heap.size (By)[gc.heap.generation=gen0],Metric,0
06/06/2026 21:44:09,System.Runtime,dotnet.monitor.lock_contentions ({contention} / 1 sec),Rate,42
06/06/2026 21:44:09,System.Runtime,dotnet.process.cpu.time (s / 1 sec)[cpu.mode=system],Rate,0.14532700000000176
06/06/2026 21:44:09,System.Runtime,dotnet.process.cpu.time (s / 1 sec)[cpu.mode=user],Rate,0.22207299999999464
06/06/2026 21:44:09,System.Runtime,dotnet.thread_pool.thread.count ({thread} / 1 sec),Rate,0
06/06/2026 21:44:09,System.Runtime,dotnet.assembly.count ({assembly}),Metric,54
06/06/2026 21:44:09,System.Runtime,dotnet.thread_pool.work_item.count ({work_item} / 1 sec),Rate,13122
06/06/2026 21:44:09,System.Runtime,dotnet.gc.heap.total_allocated (By / 1 sec),Rate,4347936
06/06/2026 21:44:09,System.Runtime,dotnet.gc.last_collection.heap.fragmentation.size (By)[gc.heap.generation=loh],Metric,4834832
06/06/2026 21:44:09,System.Runtime,dotnet.gc.last_collection.heap.fragmentation.size (By)[gc.heap.generation=gen2],Metric,58062512
06/06/2026 21:44:09,System.Runtime,dotnet.gc.last_collection.heap.fragmentation.size (By)[gc.heap.generation=gen1],Metric,78830448
06/06/2026 21:44:09,System.Runtime,dotnet.gc.last_collection.heap.fragmentation.size (By)[gc.heap.generation=poh],Metric,6178400
06/06/2026 21:44:09,System.Runtime,dotnet.gc.last_collection.heap.fragmentation.size (By)[gc.heap.generation=gen0],Metric,0
06/06/2026 21:44:09,System.Runtime,dotnet.thread_pool.queue.length ({work_item} / 1 sec),Rate,0
06/06/2026 21:44:09,System.Runtime,dotnet.gc.last_collection.memory.committed_size (By),Metric,686964736
06/06/2026 21:44:09,System.Runtime,dotnet.process.cpu.count ({cpu}),Metric,4
06/06/2026 21:44:09,System.Runtime,dotnet.timer.count ({timer}),Metric,28
06/06/2026 21:44:09,System.Runtime,dotnet.gc.collections ({collection} / 1 sec)[gc.heap.generation=gen2],Rate,0
06/06/2026 21:44:09,System.Runtime,dotnet.gc.collections ({collection} / 1 sec)[gc.heap.generation=gen1],Rate,0
06/06/2026 21:44:09,System.Runtime,dotnet.gc.collections ({collection} / 1 sec)[gc.heap.generation=gen0],Rate,0
06/06/2026 21:44:09,System.Runtime,dotnet.gc.pause.time (s / 1 sec),Rate,0
06/06/2026 21:44:10,System.Runtime,dotnet.exceptions ({exception} / 1 sec)[error.type=ObjectDisposedException],Rate,0
06/06/2026 21:44:10,System.Runtime,dotnet.exceptions ({exception} / 1 sec)[error.type=SocketException],Rate,0
06/06/2026 21:44:10,System.Runtime,dotnet.exceptions ({exception} / 1 sec)[error.type=CachedInternalErrorException],Rate,0
06/06/2026 21:44:10,System.Runtime,dotnet.exceptions ({exception} / 1 sec)[error.type=CachedSocketException],Rate,0
06/06/2026 21:44:10,System.Runtime,dotnet.exceptions ({exception} / 1 sec)[error.type=CachedNetworkException],Rate,0
06/06/2026 21:44:10,System.Runtime,dotnet.jit.compilation.time (s / 1 sec),Rate,0.0003637000000002999
06/06/2026 21:44:10,System.Runtime,dotnet.jit.compiled_il.size (By / 1 sec),Rate,25
06/06/2026 21:44:10,System.Runtime,dotnet.process.memory.working_set (By),Metric,802045952
06/06/2026 21:44:10,System.Runtime,dotnet.jit.compiled_methods ({method} / 1 sec),Rate,1
06/06/2026 21:44:10,System.Runtime,dotnet.gc.last_collection.heap.size (By)[gc.heap.generation=loh],Metric,8793056
06/06/2026 21:44:10,System.Runtime,dotnet.gc.last_collection.heap.size (By)[gc.heap.generation=gen2],Metric,314379144
06/06/2026 21:44:10,System.Runtime,dotnet.gc.last_collection.heap.size (By)[gc.heap.generation=gen1],Metric,153861688
06/06/2026 21:44:10,System.Runtime,dotnet.gc.last_collection.heap.size (By)[gc.heap.generation=poh],Metric,188425920
06/06/2026 21:44:10,System.Runtime,dotnet.gc.last_collection.heap.size (By)[gc.heap.generation=gen0],Metric,0
06/06/2026 21:44:10,System.Runtime,dotnet.monitor.lock_contentions ({contention} / 1 sec),Rate,48
06/06/2026 21:44:10,System.Runtime,dotnet.process.cpu.time (s / 1 sec)[cpu.mode=system],Rate,0.25656000000000034
06/06/2026 21:44:10,System.Runtime,dotnet.process.cpu.time (s / 1 sec)[cpu.mode=user],Rate,0.24997099999998795
06/06/2026 21:44:10,System.Runtime,dotnet.thread_pool.thread.count ({thread} / 1 sec),Rate,0
06/06/2026 21:44:10,System.Runtime,dotnet.assembly.count ({assembly}),Metric,54
06/06/2026 21:44:10,System.Runtime,dotnet.thread_pool.work_item.count ({work_item} / 1 sec),Rate,19830
06/06/2026 21:44:10,System.Runtime,dotnet.gc.heap.total_allocated (By / 1 sec),Rate,6824592
06/06/2026 21:44:10,System.Runtime,dotnet.gc.last_collection.heap.fragmentation.size (By)[gc.heap.generation=loh],Metric,4834832
06/06/2026 21:44:10,System.Runtime,dotnet.gc.last_collection.heap.fragmentation.size (By)[gc.heap.generation=gen2],Metric,58062512
06/06/2026 21:44:10,System.Runtime,dotnet.gc.last_collection.heap.fragmentation.size (By)[gc.heap.generation=gen1],Metric,78830448
06/06/2026 21:44:10,System.Runtime,dotnet.gc.last_collection.heap.fragmentation.size (By)[gc.heap.generation=poh],Metric,6178400
06/06/2026 21:44:10,System.Runtime,dotnet.gc.last_collection.heap.fragmentation.size (By)[gc.heap.generation=gen0],Metric,0
06/06/2026 21:44:10,System.Runtime,dotnet.thread_pool.queue.length ({work_item} / 1 sec),Rate,0
06/06/2026 21:44:10,System.Runtime,dotnet.gc.last_collection.memory.committed_size (By),Metric,686964736
06/06/2026 21:44:10,System.Runtime,dotnet.process.cpu.count ({cpu}),Metric,4
06/06/2026 21:44:10,System.Runtime,dotnet.timer.count ({timer}),Metric,28
06/06/2026 21:44:10,System.Runtime,dotnet.gc.collections ({collection} / 1 sec)[gc.heap.generation=gen2],Rate,0
06/06/2026 21:44:10,System.Runtime,dotnet.gc.collections ({collection} / 1 sec)[gc.heap.generation=gen1],Rate,0
06/06/2026 21:44:10,System.Runtime,dotnet.gc.collections ({collection} / 1 sec)[gc.heap.generation=gen0],Rate,0
06/06/2026 21:44:10,System.Runtime,dotnet.gc.pause.time (s / 1 sec),Rate,0
06/06/2026 21:44:11,System.Runtime,dotnet.exceptions ({exception} / 1 sec)[error.type=ObjectDisposedException],Rate,0
06/06/2026 21:44:11,System.Runtime,dotnet.exceptions ({exception} / 1 sec)[error.type=SocketException],Rate,0
06/06/2026 21:44:11,System.Runtime,dotnet.exceptions ({exception} / 1 sec)[error.type=CachedInternalErrorException],Rate,0
06/06/2026 21:44:11,System.Runtime,dotnet.exceptions ({exception} / 1 sec)[error.type=CachedSocketException],Rate,0
06/06/2026 21:44:11,System.Runtime,dotnet.exceptions ({exception} / 1 sec)[error.type=CachedNetworkException],Rate,0
06/06/2026 21:44:11,System.Runtime,dotnet.jit.compilation.time (s / 1 sec),Rate,0
06/06/2026 21:44:11,System.Runtime,dotnet.jit.compiled_il.size (By / 1 sec),Rate,0
06/06/2026 21:44:11,System.Runtime,dotnet.process.memory.working_set (By),Metric,806240256
06/06/2026 21:44:11,System.Runtime,dotnet.jit.compiled_methods ({method} / 1 sec),Rate,0
06/06/2026 21:44:11,System.Runtime,dotnet.gc.last_collection.heap.size (By)[gc.heap.generation=loh],Metric,8793056
06/06/2026 21:44:11,System.Runtime,dotnet.gc.last_collection.heap.size (By)[gc.heap.generation=gen2],Metric,314379144
06/06/2026 21:44:11,System.Runtime,dotnet.gc.last_collection.heap.size (By)[gc.heap.generation=gen1],Metric,153861688
06/06/2026 21:44:11,System.Runtime,dotnet.gc.last_collection.heap.size (By)[gc.heap.generation=poh],Metric,188425920
06/06/2026 21:44:11,System.Runtime,dotnet.gc.last_collection.heap.size (By)[gc.heap.generation=gen0],Metric,0
06/06/2026 21:44:11,System.Runtime,dotnet.monitor.lock_contentions ({contention} / 1 sec),Rate,37
06/06/2026 21:44:11,System.Runtime,dotnet.process.cpu.time (s / 1 sec)[cpu.mode=system],Rate,0.21537200000000212
06/06/2026 21:44:11,System.Runtime,dotnet.process.cpu.time (s / 1 sec)[cpu.mode=user],Rate,0.14687100000000441
06/06/2026 21:44:11,System.Runtime,dotnet.thread_pool.thread.count ({thread} / 1 sec),Rate,0
06/06/2026 21:44:11,System.Runtime,dotnet.assembly.count ({assembly}),Metric,54
06/06/2026 21:44:11,System.Runtime,dotnet.thread_pool.work_item.count ({work_item} / 1 sec),Rate,9772
06/06/2026 21:44:11,System.Runtime,dotnet.gc.heap.total_allocated (By / 1 sec),Rate,3156656
06/06/2026 21:44:11,System.Runtime,dotnet.gc.last_collection.heap.fragmentation.size (By)[gc.heap.generation=loh],Metric,4834832
06/06/2026 21:44:11,System.Runtime,dotnet.gc.last_collection.heap.fragmentation.size (By)[gc.heap.generation=gen2],Metric,58062512
06/06/2026 21:44:11,System.Runtime,dotnet.gc.last_collection.heap.fragmentation.size (By)[gc.heap.generation=gen1],Metric,78830448
06/06/2026 21:44:11,System.Runtime,dotnet.gc.last_collection.heap.fragmentation.size (By)[gc.heap.generation=poh],Metric,6178400
06/06/2026 21:44:11,System.Runtime,dotnet.gc.last_collection.heap.fragmentation.size (By)[gc.heap.generation=gen0],Metric,0
06/06/2026 21:44:11,System.Runtime,dotnet.thread_pool.queue.length ({work_item} / 1 sec),Rate,1
06/06/2026 21:44:11,System.Runtime,dotnet.gc.last_collection.memory.committed_size (By),Metric,686964736
06/06/2026 21:44:11,System.Runtime,dotnet.process.cpu.count ({cpu}),Metric,4
06/06/2026 21:44:11,System.Runtime,dotnet.timer.count ({timer}),Metric,28
06/06/2026 21:44:11,System.Runtime,dotnet.gc.collections ({collection} / 1 sec)[gc.heap.generation=gen2],Rate,0
06/06/2026 21:44:11,System.Runtime,dotnet.gc.collections ({collection} / 1 sec)[gc.heap.generation=gen1],Rate,0
06/06/2026 21:44:11,System.Runtime,dotnet.gc.collections ({collection} / 1 sec)[gc.heap.generation=gen0],Rate,0
06/06/2026 21:44:11,System.Runtime,dotnet.gc.pause.time (s / 1 sec),Rate,0
06/06/2026 21:44:12,System.Runtime,dotnet.exceptions ({exception} / 1 sec)[error.type=ObjectDisposedException],Rate,0
06/06/2026 21:44:12,System.Runtime,dotnet.exceptions ({exception} / 1 sec)[error.type=SocketException],Rate,0
06/06/2026 21:44:12,System.Runtime,dotnet.exceptions ({exception} / 1 sec)[error.type=CachedInternalErrorException],Rate,0
06/06/2026 21:44:12,System.Runtime,dotnet.exceptions ({exception} / 1 sec)[error.type=CachedSocketException],Rate,0
06/06/2026 21:44:12,System.Runtime,dotnet.exceptions ({exception} / 1 sec)[error.type=CachedNetworkException],Rate,0
06/06/2026 21:44:12,System.Runtime,dotnet.jit.compilation.time (s / 1 sec),Rate,0
06/06/2026 21:44:12,System.Runtime,dotnet.jit.compiled_il.size (By / 1 sec),Rate,0
06/06/2026 21:44:12,System.Runtime,dotnet.process.memory.working_set (By),Metric,808337408
06/06/2026 21:44:12,System.Runtime,dotnet.jit.compiled_methods ({method} / 1 sec),Rate,0
06/06/2026 21:44:12,System.Runtime,dotnet.gc.last_collection.heap.size (By)[gc.heap.generation=loh],Metric,8793056
06/06/2026 21:44:12,System.Runtime,dotnet.gc.last_collection.heap.size (By)[gc.heap.generation=gen2],Metric,314379144
06/06/2026 21:44:12,System.Runtime,dotnet.gc.last_collection.heap.size (By)[gc.heap.generation=gen1],Metric,153861688
06/06/2026 21:44:12,System.Runtime,dotnet.gc.last_collection.heap.size (By)[gc.heap.generation=poh],Metric,188425920
06/06/2026 21:44:12,System.Runtime,dotnet.gc.last_collection.heap.size (By)[gc.heap.generation=gen0],Metric,0
06/06/2026 21:44:12,System.Runtime,dotnet.monitor.lock_contentions ({contention} / 1 sec),Rate,18
06/06/2026 21:44:12,System.Runtime,dotnet.process.cpu.time (s / 1 sec)[cpu.mode=system],Rate,0.1746610000000004
06/06/2026 21:44:12,System.Runtime,dotnet.process.cpu.time (s / 1 sec)[cpu.mode=user],Rate,0.10636500000001092
06/06/2026 21:44:12,System.Runtime,dotnet.thread_pool.thread.count ({thread} / 1 sec),Rate,0
06/06/2026 21:44:12,System.Runtime,dotnet.assembly.count ({assembly}),Metric,54
06/06/2026 21:44:12,System.Runtime,dotnet.thread_pool.work_item.count ({work_item} / 1 sec),Rate,8006
06/06/2026 21:44:12,System.Runtime,dotnet.gc.heap.total_allocated (By / 1 sec),Rate,2536864
06/06/2026 21:44:12,System.Runtime,dotnet.gc.last_collection.heap.fragmentation.size (By)[gc.heap.generation=loh],Metric,4834832
06/06/2026 21:44:12,System.Runtime,dotnet.gc.last_collection.heap.fragmentation.size (By)[gc.heap.generation=gen2],Metric,58062512
06/06/2026 21:44:12,System.Runtime,dotnet.gc.last_collection.heap.fragmentation.size (By)[gc.heap.generation=gen1],Metric,78830448
06/06/2026 21:44:12,System.Runtime,dotnet.gc.last_collection.heap.fragmentation.size (By)[gc.heap.generation=poh],Metric,6178400
06/06/2026 21:44:12,System.Runtime,dotnet.gc.last_collection.heap.fragmentation.size (By)[gc.heap.generation=gen0],Metric,0
06/06/2026 21:44:12,System.Runtime,dotnet.thread_pool.queue.length ({work_item} / 1 sec),Rate,-1
06/06/2026 21:44:12,System.Runtime,dotnet.gc.last_collection.memory.committed_size (By),Metric,686964736
06/06/2026 21:44:12,System.Runtime,dotnet.process.cpu.count ({cpu}),Metric,4
06/06/2026 21:44:12,System.Runtime,dotnet.timer.count ({timer}),Metric,28
06/06/2026 21:44:12,System.Runtime,dotnet.gc.collections ({collection} / 1 sec)[gc.heap.generation=gen2],Rate,0
06/06/2026 21:44:12,System.Runtime,dotnet.gc.collections ({collection} / 1 sec)[gc.heap.generation=gen1],Rate,0
06/06/2026 21:44:12,System.Runtime,dotnet.gc.collections ({collection} / 1 sec)[gc.heap.generation=gen0],Rate,0
06/06/2026 21:44:12,System.Runtime,dotnet.gc.pause.time (s / 1 sec),Rate,0
06/06/2026 21:44:13,System.Runtime,dotnet.exceptions ({exception} / 1 sec)[error.type=ObjectDisposedException],Rate,0
06/06/2026 21:44:13,System.Runtime,dotnet.exceptions ({exception} / 1 sec)[error.type=SocketException],Rate,0
06/06/2026 21:44:13,System.Runtime,dotnet.exceptions ({exception} / 1 sec)[error.type=CachedInternalErrorException],Rate,0
06/06/2026 21:44:13,System.Runtime,dotnet.exceptions ({exception} / 1 sec)[error.type=CachedSocketException],Rate,0
06/06/2026 21:44:13,System.Runtime,dotnet.exceptions ({exception} / 1 sec)[error.type=CachedNetworkException],Rate,0
06/06/2026 21:44:13,System.Runtime,dotnet.jit.compilation.time (s / 1 sec),Rate,0
06/06/2026 21:44:13,System.Runtime,dotnet.jit.compiled_il.size (By / 1 sec),Rate,0
06/06/2026 21:44:13,System.Runtime,dotnet.process.memory.working_set (By),Metric,810958848
06/06/2026 21:44:13,System.Runtime,dotnet.jit.compiled_methods ({method} / 1 sec),Rate,0
06/06/2026 21:44:13,System.Runtime,dotnet.gc.last_collection.heap.size (By)[gc.heap.generation=loh],Metric,8793056
06/06/2026 21:44:13,System.Runtime,dotnet.gc.last_collection.heap.size (By)[gc.heap.generation=gen2],Metric,314379144
06/06/2026 21:44:13,System.Runtime,dotnet.gc.last_collection.heap.size (By)[gc.heap.generation=gen1],Metric,153861688
06/06/2026 21:44:13,System.Runtime,dotnet.gc.last_collection.heap.size (By)[gc.heap.generation=poh],Metric,188425920
06/06/2026 21:44:13,System.Runtime,dotnet.gc.last_collection.heap.size (By)[gc.heap.generation=gen0],Metric,0
06/06/2026 21:44:13,System.Runtime,dotnet.monitor.lock_contentions ({contention} / 1 sec),Rate,18
06/06/2026 21:44:13,System.Runtime,dotnet.process.cpu.time (s / 1 sec)[cpu.mode=system],Rate,0.25443599999999833
06/06/2026 21:44:13,System.Runtime,dotnet.process.cpu.time (s / 1 sec)[cpu.mode=user],Rate,0.08080200000000559
06/06/2026 21:44:13,System.Runtime,dotnet.thread_pool.thread.count ({thread} / 1 sec),Rate,0
06/06/2026 21:44:13,System.Runtime,dotnet.assembly.count ({assembly}),Metric,54
06/06/2026 21:44:13,System.Runtime,dotnet.thread_pool.work_item.count ({work_item} / 1 sec),Rate,7771
06/06/2026 21:44:13,System.Runtime,dotnet.gc.heap.total_allocated (By / 1 sec),Rate,2478712
06/06/2026 21:44:13,System.Runtime,dotnet.gc.last_collection.heap.fragmentation.size (By)[gc.heap.generation=loh],Metric,4834832
06/06/2026 21:44:13,System.Runtime,dotnet.gc.last_collection.heap.fragmentation.size (By)[gc.heap.generation=gen2],Metric,58062512
06/06/2026 21:44:13,System.Runtime,dotnet.gc.last_collection.heap.fragmentation.size (By)[gc.heap.generation=gen1],Metric,78830448
06/06/2026 21:44:13,System.Runtime,dotnet.gc.last_collection.heap.fragmentation.size (By)[gc.heap.generation=poh],Metric,6178400
06/06/2026 21:44:13,System.Runtime,dotnet.gc.last_collection.heap.fragmentation.size (By)[gc.heap.generation=gen0],Metric,0
06/06/2026 21:44:13,System.Runtime,dotnet.thread_pool.queue.length ({work_item} / 1 sec),Rate,0
06/06/2026 21:44:13,System.Runtime,dotnet.gc.last_collection.memory.committed_size (By),Metric,686964736
06/06/2026 21:44:13,System.Runtime,dotnet.process.cpu.count ({cpu}),Metric,4
06/06/2026 21:44:13,System.Runtime,dotnet.timer.count ({timer}),Metric,28
06/06/2026 21:44:13,System.Runtime,dotnet.gc.collections ({collection} / 1 sec)[gc.heap.generation=gen2],Rate,0
06/06/2026 21:44:13,System.Runtime,dotnet.gc.collections ({collection} / 1 sec)[gc.heap.generation=gen1],Rate,0
06/06/2026 21:44:13,System.Runtime,dotnet.gc.collections ({collection} / 1 sec)[gc.heap.generation=gen0],Rate,0
06/06/2026 21:44:13,System.Runtime,dotnet.gc.pause.time (s / 1 sec),Rate,0
06/06/2026 21:44:14,System.Runtime,dotnet.exceptions ({exception} / 1 sec)[error.type=ObjectDisposedException],Rate,0
06/06/2026 21:44:14,System.Runtime,dotnet.exceptions ({exception} / 1 sec)[error.type=SocketException],Rate,0
06/06/2026 21:44:14,System.Runtime,dotnet.exceptions ({exception} / 1 sec)[error.type=CachedInternalErrorException],Rate,0
06/06/2026 21:44:14,System.Runtime,dotnet.exceptions ({exception} / 1 sec)[error.type=CachedSocketException],Rate,0
06/06/2026 21:44:14,System.Runtime,dotnet.exceptions ({exception} / 1 sec)[error.type=CachedNetworkException],Rate,0
06/06/2026 21:44:14,System.Runtime,dotnet.jit.compilation.time (s / 1 sec),Rate,0
06/06/2026 21:44:14,System.Runtime,dotnet.jit.compiled_il.size (By / 1 sec),Rate,0
06/06/2026 21:44:14,System.Runtime,dotnet.process.memory.working_set (By),Metric,814628864
06/06/2026 21:44:14,System.Runtime,dotnet.jit.compiled_methods ({method} / 1 sec),Rate,0
06/06/2026 21:44:14,System.Runtime,dotnet.gc.last_collection.heap.size (By)[gc.heap.generation=loh],Metric,8793056
06/06/2026 21:44:14,System.Runtime,dotnet.gc.last_collection.heap.size (By)[gc.heap.generation=gen2],Metric,314379144
06/06/2026 21:44:14,System.Runtime,dotnet.gc.last_collection.heap.size (By)[gc.heap.generation=gen1],Metric,153861688
06/06/2026 21:44:14,System.Runtime,dotnet.gc.last_collection.heap.size (By)[gc.heap.generation=poh],Metric,188425920
06/06/2026 21:44:14,System.Runtime,dotnet.gc.last_collection.heap.size (By)[gc.heap.generation=gen0],Metric,0
06/06/2026 21:44:14,System.Runtime,dotnet.monitor.lock_contentions ({contention} / 1 sec),Rate,47
06/06/2026 21:44:14,System.Runtime,dotnet.process.cpu.time (s / 1 sec)[cpu.mode=system],Rate,0.16350999999999516
06/06/2026 21:44:14,System.Runtime,dotnet.process.cpu.time (s / 1 sec)[cpu.mode=user],Rate,0.17064199999998664
06/06/2026 21:44:14,System.Runtime,dotnet.thread_pool.thread.count ({thread} / 1 sec),Rate,0
06/06/2026 21:44:14,System.Runtime,dotnet.assembly.count ({assembly}),Metric,54
06/06/2026 21:44:14,System.Runtime,dotnet.thread_pool.work_item.count ({work_item} / 1 sec),Rate,9226
06/06/2026 21:44:14,System.Runtime,dotnet.gc.heap.total_allocated (By / 1 sec),Rate,2993248
06/06/2026 21:44:14,System.Runtime,dotnet.gc.last_collection.heap.fragmentation.size (By)[gc.heap.generation=loh],Metric,4834832
06/06/2026 21:44:14,System.Runtime,dotnet.gc.last_collection.heap.fragmentation.size (By)[gc.heap.generation=gen2],Metric,58062512
06/06/2026 21:44:14,System.Runtime,dotnet.gc.last_collection.heap.fragmentation.size (By)[gc.heap.generation=gen1],Metric,78830448
06/06/2026 21:44:14,System.Runtime,dotnet.gc.last_collection.heap.fragmentation.size (By)[gc.heap.generation=poh],Metric,6178400
06/06/2026 21:44:14,System.Runtime,dotnet.gc.last_collection.heap.fragmentation.size (By)[gc.heap.generation=gen0],Metric,0
06/06/2026 21:44:14,System.Runtime,dotnet.thread_pool.queue.length ({work_item} / 1 sec),Rate,0
06/06/2026 21:44:14,System.Runtime,dotnet.gc.last_collection.memory.committed_size (By),Metric,686964736
06/06/2026 21:44:14,System.Runtime,dotnet.process.cpu.count ({cpu}),Metric,4
06/06/2026 21:44:14,System.Runtime,dotnet.timer.count ({timer}),Metric,28
06/06/2026 21:44:14,System.Runtime,dotnet.gc.collections ({collection} / 1 sec)[gc.heap.generation=gen2],Rate,0
06/06/2026 21:44:14,System.Runtime,dotnet.gc.collections ({collection} / 1 sec)[gc.heap.generation=gen1],Rate,0
06/06/2026 21:44:14,System.Runtime,dotnet.gc.collections ({collection} / 1 sec)[gc.heap.generation=gen0],Rate,0
06/06/2026 21:44:14,System.Runtime,dotnet.gc.pause.time (s / 1 sec),Rate,0
06/06/2026 21:44:15,System.Runtime,dotnet.exceptions ({exception} / 1 sec)[error.type=ObjectDisposedException],Rate,0
06/06/2026 21:44:15,System.Runtime,dotnet.exceptions ({exception} / 1 sec)[error.type=SocketException],Rate,0
06/06/2026 21:44:15,System.Runtime,dotnet.exceptions ({exception} / 1 sec)[error.type=CachedInternalErrorException],Rate,0
06/06/2026 21:44:15,System.Runtime,dotnet.exceptions ({exception} / 1 sec)[error.type=CachedSocketException],Rate,0
06/06/2026 21:44:15,System.Runtime,dotnet.exceptions ({exception} / 1 sec)[error.type=CachedNetworkException],Rate,0
06/06/2026 21:44:15,System.Runtime,dotnet.jit.compilation.time (s / 1 sec),Rate,0
06/06/2026 21:44:15,System.Runtime,dotnet.jit.compiled_il.size (By / 1 sec),Rate,0
06/06/2026 21:44:15,System.Runtime,dotnet.process.memory.working_set (By),Metric,821968896
06/06/2026 21:44:15,System.Runtime,dotnet.jit.compiled_methods ({method} / 1 sec),Rate,0
06/06/2026 21:44:15,System.Runtime,dotnet.gc.last_collection.heap.size (By)[gc.heap.generation=loh],Metric,8793056
06/06/2026 21:44:15,System.Runtime,dotnet.gc.last_collection.heap.size (By)[gc.heap.generation=gen2],Metric,314379144
06/06/2026 21:44:15,System.Runtime,dotnet.gc.last_collection.heap.size (By)[gc.heap.generation=gen1],Metric,153861688
06/06/2026 21:44:15,System.Runtime,dotnet.gc.last_collection.heap.size (By)[gc.heap.generation=poh],Metric,188425920
06/06/2026 21:44:15,System.Runtime,dotnet.gc.last_collection.heap.size (By)[gc.heap.generation=gen0],Metric,0
06/06/2026 21:44:15,System.Runtime,dotnet.monitor.lock_contentions ({contention} / 1 sec),Rate,129
06/06/2026 21:44:15,System.Runtime,dotnet.process.cpu.time (s / 1 sec)[cpu.mode=system],Rate,0.30579200000000384
06/06/2026 21:44:15,System.Runtime,dotnet.process.cpu.time (s / 1 sec)[cpu.mode=user],Rate,0.467614999999995
06/06/2026 21:44:15,System.Runtime,dotnet.thread_pool.thread.count ({thread} / 1 sec),Rate,0
06/06/2026 21:44:15,System.Runtime,dotnet.assembly.count ({assembly}),Metric,54
06/06/2026 21:44:15,System.Runtime,dotnet.thread_pool.work_item.count ({work_item} / 1 sec),Rate,24074
06/06/2026 21:44:15,System.Runtime,dotnet.gc.heap.total_allocated (By / 1 sec),Rate,7229976
06/06/2026 21:44:15,System.Runtime,dotnet.gc.last_collection.heap.fragmentation.size (By)[gc.heap.generation=loh],Metric,4834832
06/06/2026 21:44:15,System.Runtime,dotnet.gc.last_collection.heap.fragmentation.size (By)[gc.heap.generation=gen2],Metric,58062512
06/06/2026 21:44:15,System.Runtime,dotnet.gc.last_collection.heap.fragmentation.size (By)[gc.heap.generation=gen1],Metric,78830448
06/06/2026 21:44:15,System.Runtime,dotnet.gc.last_collection.heap.fragmentation.size (By)[gc.heap.generation=poh],Metric,6178400
06/06/2026 21:44:15,System.Runtime,dotnet.gc.last_collection.heap.fragmentation.size (By)[gc.heap.generation=gen0],Metric,0
06/06/2026 21:44:15,System.Runtime,dotnet.thread_pool.queue.length ({work_item} / 1 sec),Rate,0
06/06/2026 21:44:15,System.Runtime,dotnet.gc.last_collection.memory.committed_size (By),Metric,686964736
06/06/2026 21:44:15,System.Runtime,dotnet.process.cpu.count ({cpu}),Metric,4
06/06/2026 21:44:15,System.Runtime,dotnet.timer.count ({timer}),Metric,28
06/06/2026 21:44:15,System.Runtime,dotnet.gc.collections ({collection} / 1 sec)[gc.heap.generation=gen2],Rate,0
06/06/2026 21:44:15,System.Runtime,dotnet.gc.collections ({collection} / 1 sec)[gc.heap.generation=gen1],Rate,0
06/06/2026 21:44:15,System.Runtime,dotnet.gc.collections ({collection} / 1 sec)[gc.heap.generation=gen0],Rate,0
06/06/2026 21:44:15,System.Runtime,dotnet.gc.pause.time (s / 1 sec),Rate,0
06/06/2026 21:44:16,System.Runtime,dotnet.exceptions ({exception} / 1 sec)[error.type=ObjectDisposedException],Rate,0
06/06/2026 21:44:16,System.Runtime,dotnet.exceptions ({exception} / 1 sec)[error.type=SocketException],Rate,0
06/06/2026 21:44:16,System.Runtime,dotnet.exceptions ({exception} / 1 sec)[error.type=CachedInternalErrorException],Rate,0
06/06/2026 21:44:16,System.Runtime,dotnet.exceptions ({exception} / 1 sec)[error.type=CachedSocketException],Rate,0
06/06/2026 21:44:16,System.Runtime,dotnet.exceptions ({exception} / 1 sec)[error.type=CachedNetworkException],Rate,0
06/06/2026 21:44:16,System.Runtime,dotnet.jit.compilation.time (s / 1 sec),Rate,0
06/06/2026 21:44:16,System.Runtime,dotnet.jit.compiled_il.size (By / 1 sec),Rate,0
06/06/2026 21:44:16,System.Runtime,dotnet.process.memory.working_set (By),Metric,826687488
06/06/2026 21:44:16,System.Runtime,dotnet.jit.compiled_methods ({method} / 1 sec),Rate,0
06/06/2026 21:44:16,System.Runtime,dotnet.gc.last_collection.heap.size (By)[gc.heap.generation=loh],Metric,8793056
06/06/2026 21:44:16,System.Runtime,dotnet.gc.last_collection.heap.size (By)[gc.heap.generation=gen2],Metric,314379144
06/06/2026 21:44:16,System.Runtime,dotnet.gc.last_collection.heap.size (By)[gc.heap.generation=gen1],Metric,153861688
06/06/2026 21:44:16,System.Runtime,dotnet.gc.last_collection.heap.size (By)[gc.heap.generation=poh],Metric,188425920
06/06/2026 21:44:16,System.Runtime,dotnet.gc.last_collection.heap.size (By)[gc.heap.generation=gen0],Metric,0
06/06/2026 21:44:16,System.Runtime,dotnet.monitor.lock_contentions ({contention} / 1 sec),Rate,133
06/06/2026 21:44:16,System.Runtime,dotnet.process.cpu.time (s / 1 sec)[cpu.mode=system],Rate,0.179750999999996
06/06/2026 21:44:16,System.Runtime,dotnet.process.cpu.time (s / 1 sec)[cpu.mode=user],Rate,0.23517900000001646
06/06/2026 21:44:16,System.Runtime,dotnet.thread_pool.thread.count ({thread} / 1 sec),Rate,0
06/06/2026 21:44:16,System.Runtime,dotnet.assembly.count ({assembly}),Metric,54
06/06/2026 21:44:16,System.Runtime,dotnet.thread_pool.work_item.count ({work_item} / 1 sec),Rate,15006
06/06/2026 21:44:16,System.Runtime,dotnet.gc.heap.total_allocated (By / 1 sec),Rate,5217864
06/06/2026 21:44:16,System.Runtime,dotnet.gc.last_collection.heap.fragmentation.size (By)[gc.heap.generation=loh],Metric,4834832
06/06/2026 21:44:16,System.Runtime,dotnet.gc.last_collection.heap.fragmentation.size (By)[gc.heap.generation=gen2],Metric,58062512
06/06/2026 21:44:16,System.Runtime,dotnet.gc.last_collection.heap.fragmentation.size (By)[gc.heap.generation=gen1],Metric,78830448
06/06/2026 21:44:16,System.Runtime,dotnet.gc.last_collection.heap.fragmentation.size (By)[gc.heap.generation=poh],Metric,6178400
06/06/2026 21:44:16,System.Runtime,dotnet.gc.last_collection.heap.fragmentation.size (By)[gc.heap.generation=gen0],Metric,0
06/06/2026 21:44:16,System.Runtime,dotnet.thread_pool.queue.length ({work_item} / 1 sec),Rate,0
06/06/2026 21:44:16,System.Runtime,dotnet.gc.last_collection.memory.committed_size (By),Metric,686964736
06/06/2026 21:44:16,System.Runtime,dotnet.process.cpu.count ({cpu}),Metric,4
06/06/2026 21:44:16,System.Runtime,dotnet.timer.count ({timer}),Metric,28
06/06/2026 21:44:16,System.Runtime,dotnet.gc.collections ({collection} / 1 sec)[gc.heap.generation=gen2],Rate,0
06/06/2026 21:44:16,System.Runtime,dotnet.gc.collections ({collection} / 1 sec)[gc.heap.generation=gen1],Rate,0
06/06/2026 21:44:16,System.Runtime,dotnet.gc.collections ({collection} / 1 sec)[gc.heap.generation=gen0],Rate,0
06/06/2026 21:44:16,System.Runtime,dotnet.gc.pause.time (s / 1 sec),Rate,0
06/06/2026 21:44:17,System.Runtime,dotnet.exceptions ({exception} / 1 sec)[error.type=ObjectDisposedException],Rate,0
06/06/2026 21:44:17,System.Runtime,dotnet.exceptions ({exception} / 1 sec)[error.type=SocketException],Rate,0
06/06/2026 21:44:17,System.Runtime,dotnet.exceptions ({exception} / 1 sec)[error.type=CachedInternalErrorException],Rate,0
06/06/2026 21:44:17,System.Runtime,dotnet.exceptions ({exception} / 1 sec)[error.type=CachedSocketException],Rate,0
06/06/2026 21:44:17,System.Runtime,dotnet.exceptions ({exception} / 1 sec)[error.type=CachedNetworkException],Rate,0
06/06/2026 21:44:17,System.Runtime,dotnet.jit.compilation.time (s / 1 sec),Rate,0
06/06/2026 21:44:17,System.Runtime,dotnet.jit.compiled_il.size (By / 1 sec),Rate,0
06/06/2026 21:44:17,System.Runtime,dotnet.process.memory.working_set (By),Metric,831406080
06/06/2026 21:44:17,System.Runtime,dotnet.jit.compiled_methods ({method} / 1 sec),Rate,0
06/06/2026 21:44:17,System.Runtime,dotnet.gc.last_collection.heap.size (By)[gc.heap.generation=loh],Metric,8793056
06/06/2026 21:44:17,System.Runtime,dotnet.gc.last_collection.heap.size (By)[gc.heap.generation=gen2],Metric,314379144
06/06/2026 21:44:17,System.Runtime,dotnet.gc.last_collection.heap.size (By)[gc.heap.generation=gen1],Metric,153861688
06/06/2026 21:44:17,System.Runtime,dotnet.gc.last_collection.heap.size (By)[gc.heap.generation=poh],Metric,188425920
06/06/2026 21:44:17,System.Runtime,dotnet.gc.last_collection.heap.size (By)[gc.heap.generation=gen0],Metric,0
06/06/2026 21:44:17,System.Runtime,dotnet.monitor.lock_contentions ({contention} / 1 sec),Rate,75
06/06/2026 21:44:17,System.Runtime,dotnet.process.cpu.time (s / 1 sec)[cpu.mode=system],Rate,0.17161300000000068
06/06/2026 21:44:17,System.Runtime,dotnet.process.cpu.time (s / 1 sec)[cpu.mode=user],Rate,0.14701800000000276
06/06/2026 21:44:17,System.Runtime,dotnet.thread_pool.thread.count ({thread} / 1 sec),Rate,0
06/06/2026 21:44:17,System.Runtime,dotnet.assembly.count ({assembly}),Metric,54
06/06/2026 21:44:17,System.Runtime,dotnet.thread_pool.work_item.count ({work_item} / 1 sec),Rate,12049
06/06/2026 21:44:17,System.Runtime,dotnet.gc.heap.total_allocated (By / 1 sec),Rate,4176208
06/06/2026 21:44:17,System.Runtime,dotnet.gc.last_collection.heap.fragmentation.size (By)[gc.heap.generation=loh],Metric,4834832
06/06/2026 21:44:17,System.Runtime,dotnet.gc.last_collection.heap.fragmentation.size (By)[gc.heap.generation=gen2],Metric,58062512
06/06/2026 21:44:17,System.Runtime,dotnet.gc.last_collection.heap.fragmentation.size (By)[gc.heap.generation=gen1],Metric,78830448
06/06/2026 21:44:17,System.Runtime,dotnet.gc.last_collection.heap.fragmentation.size (By)[gc.heap.generation=poh],Metric,6178400
06/06/2026 21:44:17,System.Runtime,dotnet.gc.last_collection.heap.fragmentation.size (By)[gc.heap.generation=gen0],Metric,0
06/06/2026 21:44:17,System.Runtime,dotnet.thread_pool.queue.length ({work_item} / 1 sec),Rate,0
06/06/2026 21:44:17,System.Runtime,dotnet.gc.last_collection.memory.committed_size (By),Metric,686964736
06/06/2026 21:44:17,System.Runtime,dotnet.process.cpu.count ({cpu}),Metric,4
06/06/2026 21:44:17,System.Runtime,dotnet.timer.count ({timer}),Metric,28
06/06/2026 21:44:17,System.Runtime,dotnet.gc.collections ({collection} / 1 sec)[gc.heap.generation=gen2],Rate,0
06/06/2026 21:44:17,System.Runtime,dotnet.gc.collections ({collection} / 1 sec)[gc.heap.generation=gen1],Rate,0
06/06/2026 21:44:17,System.Runtime,dotnet.gc.collections ({collection} / 1 sec)[gc.heap.generation=gen0],Rate,0
06/06/2026 21:44:17,System.Runtime,dotnet.gc.pause.time (s / 1 sec),Rate,0
06/06/2026 21:44:18,System.Runtime,dotnet.exceptions ({exception} / 1 sec)[error.type=ObjectDisposedException],Rate,0
06/06/2026 21:44:18,System.Runtime,dotnet.exceptions ({exception} / 1 sec)[error.type=SocketException],Rate,0
06/06/2026 21:44:18,System.Runtime,dotnet.exceptions ({exception} / 1 sec)[error.type=CachedInternalErrorException],Rate,0
06/06/2026 21:44:18,System.Runtime,dotnet.exceptions ({exception} / 1 sec)[error.type=CachedSocketException],Rate,0
06/06/2026 21:44:18,System.Runtime,dotnet.exceptions ({exception} / 1 sec)[error.type=CachedNetworkException],Rate,0
06/06/2026 21:44:18,System.Runtime,dotnet.jit.compilation.time (s / 1 sec),Rate,0
06/06/2026 21:44:18,System.Runtime,dotnet.jit.compiled_il.size (By / 1 sec),Rate,0
06/06/2026 21:44:18,System.Runtime,dotnet.process.memory.working_set (By),Metric,835076096
06/06/2026 21:44:18,System.Runtime,dotnet.jit.compiled_methods ({method} / 1 sec),Rate,0
06/06/2026 21:44:18,System.Runtime,dotnet.gc.last_collection.heap.size (By)[gc.heap.generation=loh],Metric,8793056
06/06/2026 21:44:18,System.Runtime,dotnet.gc.last_collection.heap.size (By)[gc.heap.generation=gen2],Metric,314379144
06/06/2026 21:44:18,System.Runtime,dotnet.gc.last_collection.heap.size (By)[gc.heap.generation=gen1],Metric,153861688
06/06/2026 21:44:18,System.Runtime,dotnet.gc.last_collection.heap.size (By)[gc.heap.generation=poh],Metric,188425920
06/06/2026 21:44:18,System.Runtime,dotnet.gc.last_collection.heap.size (By)[gc.heap.generation=gen0],Metric,0
06/06/2026 21:44:18,System.Runtime,dotnet.monitor.lock_contentions ({contention} / 1 sec),Rate,52
06/06/2026 21:44:18,System.Runtime,dotnet.process.cpu.time (s / 1 sec)[cpu.mode=system],Rate,0.14092800000000238
06/06/2026 21:44:18,System.Runtime,dotnet.process.cpu.time (s / 1 sec)[cpu.mode=user],Rate,0.16935699999999088
06/06/2026 21:44:18,System.Runtime,dotnet.thread_pool.thread.count ({thread} / 1 sec),Rate,0
06/06/2026 21:44:18,System.Runtime,dotnet.assembly.count ({assembly}),Metric,54
06/06/2026 21:44:18,System.Runtime,dotnet.thread_pool.work_item.count ({work_item} / 1 sec),Rate,11816
06/06/2026 21:44:18,System.Runtime,dotnet.gc.heap.total_allocated (By / 1 sec),Rate,4118104
06/06/2026 21:44:18,System.Runtime,dotnet.gc.last_collection.heap.fragmentation.size (By)[gc.heap.generation=loh],Metric,4834832
06/06/2026 21:44:18,System.Runtime,dotnet.gc.last_collection.heap.fragmentation.size (By)[gc.heap.generation=gen2],Metric,58062512
06/06/2026 21:44:18,System.Runtime,dotnet.gc.last_collection.heap.fragmentation.size (By)[gc.heap.generation=gen1],Metric,78830448
06/06/2026 21:44:18,System.Runtime,dotnet.gc.last_collection.heap.fragmentation.size (By)[gc.heap.generation=poh],Metric,6178400
06/06/2026 21:44:18,System.Runtime,dotnet.gc.last_collection.heap.fragmentation.size (By)[gc.heap.generation=gen0],Metric,0
06/06/2026 21:44:18,System.Runtime,dotnet.thread_pool.queue.length ({work_item} / 1 sec),Rate,0
06/06/2026 21:44:18,System.Runtime,dotnet.gc.last_collection.memory.committed_size (By),Metric,686964736
06/06/2026 21:44:18,System.Runtime,dotnet.process.cpu.count ({cpu}),Metric,4
06/06/2026 21:44:18,System.Runtime,dotnet.timer.count ({timer}),Metric,28
06/06/2026 21:44:18,System.Runtime,dotnet.gc.collections ({collection} / 1 sec)[gc.heap.generation=gen2],Rate,0
06/06/2026 21:44:18,System.Runtime,dotnet.gc.collections ({collection} / 1 sec)[gc.heap.generation=gen1],Rate,0
06/06/2026 21:44:18,System.Runtime,dotnet.gc.collections ({collection} / 1 sec)[gc.heap.generation=gen0],Rate,0
06/06/2026 21:44:18,System.Runtime,dotnet.gc.pause.time (s / 1 sec),Rate,0
06/06/2026 21:44:19,System.Runtime,dotnet.exceptions ({exception} / 1 sec)[error.type=ObjectDisposedException],Rate,0
06/06/2026 21:44:19,System.Runtime,dotnet.exceptions ({exception} / 1 sec)[error.type=SocketException],Rate,0
06/06/2026 21:44:19,System.Runtime,dotnet.exceptions ({exception} / 1 sec)[error.type=CachedInternalErrorException],Rate,0
06/06/2026 21:44:19,System.Runtime,dotnet.exceptions ({exception} / 1 sec)[error.type=CachedSocketException],Rate,0
06/06/2026 21:44:19,System.Runtime,dotnet.exceptions ({exception} / 1 sec)[error.type=CachedNetworkException],Rate,0
06/06/2026 21:44:19,System.Runtime,dotnet.jit.compilation.time (s / 1 sec),Rate,0
06/06/2026 21:44:19,System.Runtime,dotnet.jit.compiled_il.size (By / 1 sec),Rate,0
06/06/2026 21:44:19,System.Runtime,dotnet.process.memory.working_set (By),Metric,838221824
06/06/2026 21:44:19,System.Runtime,dotnet.jit.compiled_methods ({method} / 1 sec),Rate,0
06/06/2026 21:44:19,System.Runtime,dotnet.gc.last_collection.heap.size (By)[gc.heap.generation=loh],Metric,8793056
06/06/2026 21:44:19,System.Runtime,dotnet.gc.last_collection.heap.size (By)[gc.heap.generation=gen2],Metric,314379144
06/06/2026 21:44:19,System.Runtime,dotnet.gc.last_collection.heap.size (By)[gc.heap.generation=gen1],Metric,153861688
06/06/2026 21:44:19,System.Runtime,dotnet.gc.last_collection.heap.size (By)[gc.heap.generation=poh],Metric,188425920
06/06/2026 21:44:19,System.Runtime,dotnet.gc.last_collection.heap.size (By)[gc.heap.generation=gen0],Metric,0
06/06/2026 21:44:19,System.Runtime,dotnet.monitor.lock_contentions ({contention} / 1 sec),Rate,24
06/06/2026 21:44:19,System.Runtime,dotnet.process.cpu.time (s / 1 sec)[cpu.mode=system],Rate,0.21257899999999808
06/06/2026 21:44:19,System.Runtime,dotnet.process.cpu.time (s / 1 sec)[cpu.mode=user],Rate,0.11683400000001143
06/06/2026 21:44:19,System.Runtime,dotnet.thread_pool.thread.count ({thread} / 1 sec),Rate,0
06/06/2026 21:44:19,System.Runtime,dotnet.assembly.count ({assembly}),Metric,54
06/06/2026 21:44:19,System.Runtime,dotnet.thread_pool.work_item.count ({work_item} / 1 sec),Rate,8457
06/06/2026 21:44:19,System.Runtime,dotnet.gc.heap.total_allocated (By / 1 sec),Rate,2830352
06/06/2026 21:44:19,System.Runtime,dotnet.gc.last_collection.heap.fragmentation.size (By)[gc.heap.generation=loh],Metric,4834832
06/06/2026 21:44:19,System.Runtime,dotnet.gc.last_collection.heap.fragmentation.size (By)[gc.heap.generation=gen2],Metric,58062512
06/06/2026 21:44:19,System.Runtime,dotnet.gc.last_collection.heap.fragmentation.size (By)[gc.heap.generation=gen1],Metric,78830448
06/06/2026 21:44:19,System.Runtime,dotnet.gc.last_collection.heap.fragmentation.size (By)[gc.heap.generation=poh],Metric,6178400
06/06/2026 21:44:19,System.Runtime,dotnet.gc.last_collection.heap.fragmentation.size (By)[gc.heap.generation=gen0],Metric,0
06/06/2026 21:44:19,System.Runtime,dotnet.thread_pool.queue.length ({work_item} / 1 sec),Rate,0
06/06/2026 21:44:19,System.Runtime,dotnet.gc.last_collection.memory.committed_size (By),Metric,686964736
06/06/2026 21:44:19,System.Runtime,dotnet.process.cpu.count ({cpu}),Metric,4
06/06/2026 21:44:19,System.Runtime,dotnet.timer.count ({timer}),Metric,28
06/06/2026 21:44:19,System.Runtime,dotnet.gc.collections ({collection} / 1 sec)[gc.heap.generation=gen2],Rate,0
06/06/2026 21:44:19,System.Runtime,dotnet.gc.collections ({collection} / 1 sec)[gc.heap.generation=gen1],Rate,0
06/06/2026 21:44:19,System.Runtime,dotnet.gc.collections ({collection} / 1 sec)[gc.heap.generation=gen0],Rate,0
06/06/2026 21:44:19,System.Runtime,dotnet.gc.pause.time (s / 1 sec),Rate,0
06/06/2026 21:44:20,System.Runtime,dotnet.exceptions ({exception} / 1 sec)[error.type=ObjectDisposedException],Rate,0
06/06/2026 21:44:20,System.Runtime,dotnet.exceptions ({exception} / 1 sec)[error.type=SocketException],Rate,0
06/06/2026 21:44:20,System.Runtime,dotnet.exceptions ({exception} / 1 sec)[error.type=CachedInternalErrorException],Rate,0
06/06/2026 21:44:20,System.Runtime,dotnet.exceptions ({exception} / 1 sec)[error.type=CachedSocketException],Rate,0
06/06/2026 21:44:20,System.Runtime,dotnet.exceptions ({exception} / 1 sec)[error.type=CachedNetworkException],Rate,0
06/06/2026 21:44:20,System.Runtime,dotnet.jit.compilation.time (s / 1 sec),Rate,0
06/06/2026 21:44:20,System.Runtime,dotnet.jit.compiled_il.size (By / 1 sec),Rate,0
06/06/2026 21:44:20,System.Runtime,dotnet.process.memory.working_set (By),Metric,847134720
06/06/2026 21:44:20,System.Runtime,dotnet.jit.compiled_methods ({method} / 1 sec),Rate,0
06/06/2026 21:44:20,System.Runtime,dotnet.gc.last_collection.heap.size (By)[gc.heap.generation=loh],Metric,8793056
06/06/2026 21:44:20,System.Runtime,dotnet.gc.last_collection.heap.size (By)[gc.heap.generation=gen2],Metric,314379144
06/06/2026 21:44:20,System.Runtime,dotnet.gc.last_collection.heap.size (By)[gc.heap.generation=gen1],Metric,153861688
06/06/2026 21:44:20,System.Runtime,dotnet.gc.last_collection.heap.size (By)[gc.heap.generation=poh],Metric,188425920
