Timestamp,Provider,Counter Name,Counter Type,Mean/Increment
06/06/2026 22:43:46,System.Runtime,dotnet.gc.last_collection.heap.fragmentation.size (By)[gc.heap.generation=poh],Metric,0
06/06/2026 22:43:46,System.Runtime,dotnet.gc.last_collection.heap.fragmentation.size (By)[gc.heap.generation=loh],Metric,32
06/06/2026 22:43:46,System.Runtime,dotnet.gc.last_collection.heap.fragmentation.size (By)[gc.heap.generation=gen2],Metric,59248
06/06/2026 22:43:46,System.Runtime,dotnet.gc.last_collection.heap.fragmentation.size (By)[gc.heap.generation=gen1],Metric,11168
06/06/2026 22:43:46,System.Runtime,dotnet.gc.last_collection.heap.fragmentation.size (By)[gc.heap.generation=gen0],Metric,819296
06/06/2026 22:43:46,System.Runtime,dotnet.gc.last_collection.memory.committed_size (By),Metric,168968192
06/06/2026 22:43:46,System.Runtime,dotnet.assembly.count ({assembly}),Metric,54
06/06/2026 22:43:46,System.Runtime,dotnet.process.memory.working_set (By),Metric,209584128
06/06/2026 22:43:46,System.Runtime,dotnet.gc.last_collection.heap.size (By)[gc.heap.generation=poh],Metric,157895840
06/06/2026 22:43:46,System.Runtime,dotnet.gc.last_collection.heap.size (By)[gc.heap.generation=loh],Metric,524344
06/06/2026 22:43:46,System.Runtime,dotnet.gc.last_collection.heap.size (By)[gc.heap.generation=gen2],Metric,688944
06/06/2026 22:43:46,System.Runtime,dotnet.gc.last_collection.heap.size (By)[gc.heap.generation=gen1],Metric,2234360
06/06/2026 22:43:46,System.Runtime,dotnet.gc.last_collection.heap.size (By)[gc.heap.generation=gen0],Metric,827560
06/06/2026 22:43:46,System.Runtime,dotnet.timer.count ({timer}),Metric,28
06/06/2026 22:43:46,System.Runtime,dotnet.process.cpu.count ({cpu}),Metric,4
06/06/2026 22:43:47,System.Runtime,dotnet.thread_pool.work_item.count ({work_item} / 1 sec),Rate,312
06/06/2026 22:43:47,System.Runtime,dotnet.monitor.lock_contentions ({contention} / 1 sec),Rate,2
06/06/2026 22:43:47,System.Runtime,dotnet.gc.last_collection.heap.fragmentation.size (By)[gc.heap.generation=poh],Metric,0
06/06/2026 22:43:47,System.Runtime,dotnet.gc.last_collection.heap.fragmentation.size (By)[gc.heap.generation=loh],Metric,32
06/06/2026 22:43:47,System.Runtime,dotnet.gc.last_collection.heap.fragmentation.size (By)[gc.heap.generation=gen2],Metric,59248
06/06/2026 22:43:47,System.Runtime,dotnet.gc.last_collection.heap.fragmentation.size (By)[gc.heap.generation=gen1],Metric,11168
06/06/2026 22:43:47,System.Runtime,dotnet.gc.last_collection.heap.fragmentation.size (By)[gc.heap.generation=gen0],Metric,819296
06/06/2026 22:43:47,System.Runtime,dotnet.gc.pause.time (s / 1 sec),Rate,0
06/06/2026 22:43:47,System.Runtime,dotnet.gc.last_collection.memory.committed_size (By),Metric,168968192
06/06/2026 22:43:47,System.Runtime,dotnet.assembly.count ({assembly}),Metric,54
06/06/2026 22:43:47,System.Runtime,dotnet.thread_pool.queue.length ({work_item} / 1 sec),Rate,0
06/06/2026 22:43:47,System.Runtime,dotnet.jit.compiled_methods ({method} / 1 sec),Rate,132
06/06/2026 22:43:47,System.Runtime,dotnet.jit.compiled_il.size (By / 1 sec),Rate,15960
06/06/2026 22:43:47,System.Runtime,dotnet.gc.heap.total_allocated (By / 1 sec),Rate,301984
06/06/2026 22:43:47,System.Runtime,dotnet.process.memory.working_set (By),Metric,209584128
06/06/2026 22:43:47,System.Runtime,dotnet.thread_pool.thread.count ({thread} / 1 sec),Rate,0
06/06/2026 22:43:47,System.Runtime,dotnet.gc.last_collection.heap.size (By)[gc.heap.generation=poh],Metric,157895840
06/06/2026 22:43:47,System.Runtime,dotnet.gc.last_collection.heap.size (By)[gc.heap.generation=loh],Metric,524344
06/06/2026 22:43:47,System.Runtime,dotnet.gc.last_collection.heap.size (By)[gc.heap.generation=gen2],Metric,688944
06/06/2026 22:43:47,System.Runtime,dotnet.gc.last_collection.heap.size (By)[gc.heap.generation=gen1],Metric,2234360
06/06/2026 22:43:47,System.Runtime,dotnet.gc.last_collection.heap.size (By)[gc.heap.generation=gen0],Metric,827560
06/06/2026 22:43:47,System.Runtime,dotnet.timer.count ({timer}),Metric,28
06/06/2026 22:43:47,System.Runtime,dotnet.process.cpu.time (s / 1 sec)[cpu.mode=user],Rate,0.08337900000000009
06/06/2026 22:43:47,System.Runtime,dotnet.process.cpu.time (s / 1 sec)[cpu.mode=system],Rate,0.003722000000000003
06/06/2026 22:43:47,System.Runtime,dotnet.gc.collections ({collection} / 1 sec)[gc.heap.generation=gen2],Rate,0
06/06/2026 22:43:47,System.Runtime,dotnet.gc.collections ({collection} / 1 sec)[gc.heap.generation=gen0],Rate,0
06/06/2026 22:43:47,System.Runtime,dotnet.gc.collections ({collection} / 1 sec)[gc.heap.generation=gen1],Rate,0
06/06/2026 22:43:47,System.Runtime,dotnet.jit.compilation.time (s / 1 sec),Rate,0.07143889999999997
06/06/2026 22:43:47,System.Runtime,dotnet.process.cpu.count ({cpu}),Metric,4
06/06/2026 22:43:48,System.Runtime,dotnet.thread_pool.work_item.count ({work_item} / 1 sec),Rate,13246
06/06/2026 22:43:48,System.Runtime,dotnet.monitor.lock_contentions ({contention} / 1 sec),Rate,56
06/06/2026 22:43:48,System.Runtime,dotnet.gc.last_collection.heap.fragmentation.size (By)[gc.heap.generation=poh],Metric,0
06/06/2026 22:43:48,System.Runtime,dotnet.gc.last_collection.heap.fragmentation.size (By)[gc.heap.generation=loh],Metric,96
06/06/2026 22:43:48,System.Runtime,dotnet.gc.last_collection.heap.fragmentation.size (By)[gc.heap.generation=gen2],Metric,7304
06/06/2026 22:43:48,System.Runtime,dotnet.gc.last_collection.heap.fragmentation.size (By)[gc.heap.generation=gen1],Metric,79608
06/06/2026 22:43:48,System.Runtime,dotnet.gc.last_collection.heap.fragmentation.size (By)[gc.heap.generation=gen0],Metric,819296
06/06/2026 22:43:48,System.Runtime,dotnet.gc.pause.time (s / 1 sec),Rate,0.032545
06/06/2026 22:43:48,System.Runtime,dotnet.gc.last_collection.memory.committed_size (By),Metric,188317696
06/06/2026 22:43:48,System.Runtime,dotnet.assembly.count ({assembly}),Metric,54
06/06/2026 22:43:48,System.Runtime,dotnet.thread_pool.queue.length ({work_item} / 1 sec),Rate,37
06/06/2026 22:43:48,System.Runtime,dotnet.jit.compiled_methods ({method} / 1 sec),Rate,768
06/06/2026 22:43:48,System.Runtime,dotnet.jit.compiled_il.size (By / 1 sec),Rate,71196
06/06/2026 22:43:48,System.Runtime,dotnet.gc.heap.total_allocated (By / 1 sec),Rate,23644224
06/06/2026 22:43:48,System.Runtime,dotnet.process.memory.working_set (By),Metric,231604224
06/06/2026 22:43:48,System.Runtime,dotnet.thread_pool.thread.count ({thread} / 1 sec),Rate,0
06/06/2026 22:43:48,System.Runtime,dotnet.gc.last_collection.heap.size (By)[gc.heap.generation=poh],Metric,157895840
06/06/2026 22:43:48,System.Runtime,dotnet.gc.last_collection.heap.size (By)[gc.heap.generation=loh],Metric,1573032
06/06/2026 22:43:48,System.Runtime,dotnet.gc.last_collection.heap.size (By)[gc.heap.generation=gen2],Metric,2742240
06/06/2026 22:43:48,System.Runtime,dotnet.gc.last_collection.heap.size (By)[gc.heap.generation=gen1],Metric,6797104
06/06/2026 22:43:48,System.Runtime,dotnet.gc.last_collection.heap.size (By)[gc.heap.generation=gen0],Metric,827560
06/06/2026 22:43:48,System.Runtime,dotnet.timer.count ({timer}),Metric,28
06/06/2026 22:43:48,System.Runtime,dotnet.process.cpu.time (s / 1 sec)[cpu.mode=user],Rate,2.142402
06/06/2026 22:43:48,System.Runtime,dotnet.process.cpu.time (s / 1 sec)[cpu.mode=system],Rate,0.338529
06/06/2026 22:43:48,System.Runtime,dotnet.gc.collections ({collection} / 1 sec)[gc.heap.generation=gen2],Rate,0
06/06/2026 22:43:48,System.Runtime,dotnet.gc.collections ({collection} / 1 sec)[gc.heap.generation=gen0],Rate,0
06/06/2026 22:43:48,System.Runtime,dotnet.gc.collections ({collection} / 1 sec)[gc.heap.generation=gen1],Rate,1
06/06/2026 22:43:48,System.Runtime,dotnet.jit.compilation.time (s / 1 sec),Rate,0.39460990000000007
06/06/2026 22:43:48,System.Runtime,dotnet.process.cpu.count ({cpu}),Metric,4
06/06/2026 22:43:48,System.Runtime,dotnet.exceptions ({exception} / 1 sec)[error.type=SocketException],Rate,2554
06/06/2026 22:43:49,System.Runtime,dotnet.thread_pool.work_item.count ({work_item} / 1 sec),Rate,34817
06/06/2026 22:43:49,System.Runtime,dotnet.monitor.lock_contentions ({contention} / 1 sec),Rate,50
06/06/2026 22:43:49,System.Runtime,dotnet.gc.last_collection.heap.fragmentation.size (By)[gc.heap.generation=poh],Metric,0
06/06/2026 22:43:49,System.Runtime,dotnet.gc.last_collection.heap.fragmentation.size (By)[gc.heap.generation=loh],Metric,96
06/06/2026 22:43:49,System.Runtime,dotnet.gc.last_collection.heap.fragmentation.size (By)[gc.heap.generation=gen2],Metric,291096
06/06/2026 22:43:49,System.Runtime,dotnet.gc.last_collection.heap.fragmentation.size (By)[gc.heap.generation=gen1],Metric,142280
06/06/2026 22:43:49,System.Runtime,dotnet.gc.last_collection.heap.fragmentation.size (By)[gc.heap.generation=gen0],Metric,956960
06/06/2026 22:43:49,System.Runtime,dotnet.gc.pause.time (s / 1 sec),Rate,0.11596000000000001
06/06/2026 22:43:49,System.Runtime,dotnet.gc.last_collection.memory.committed_size (By),Metric,209321984
06/06/2026 22:43:49,System.Runtime,dotnet.assembly.count ({assembly}),Metric,54
06/06/2026 22:43:49,System.Runtime,dotnet.thread_pool.queue.length ({work_item} / 1 sec),Rate,395
06/06/2026 22:43:49,System.Runtime,dotnet.jit.compiled_methods ({method} / 1 sec),Rate,283
06/06/2026 22:43:49,System.Runtime,dotnet.jit.compiled_il.size (By / 1 sec),Rate,30808
06/06/2026 22:43:49,System.Runtime,dotnet.gc.heap.total_allocated (By / 1 sec),Rate,31066472
06/06/2026 22:43:49,System.Runtime,dotnet.process.memory.working_set (By),Metric,255737856
06/06/2026 22:43:49,System.Runtime,dotnet.thread_pool.thread.count ({thread} / 1 sec),Rate,0
06/06/2026 22:43:49,System.Runtime,dotnet.gc.last_collection.heap.size (By)[gc.heap.generation=poh],Metric,157895840
06/06/2026 22:43:49,System.Runtime,dotnet.gc.last_collection.heap.size (By)[gc.heap.generation=loh],Metric,1573032
06/06/2026 22:43:49,System.Runtime,dotnet.gc.last_collection.heap.size (By)[gc.heap.generation=gen2],Metric,17994528
06/06/2026 22:43:49,System.Runtime,dotnet.gc.last_collection.heap.size (By)[gc.heap.generation=gen1],Metric,9125888
06/06/2026 22:43:49,System.Runtime,dotnet.gc.last_collection.heap.size (By)[gc.heap.generation=gen0],Metric,1172968
06/06/2026 22:43:49,System.Runtime,dotnet.timer.count ({timer}),Metric,12
06/06/2026 22:43:49,System.Runtime,dotnet.process.cpu.time (s / 1 sec)[cpu.mode=user],Rate,3.224019
06/06/2026 22:43:49,System.Runtime,dotnet.process.cpu.time (s / 1 sec)[cpu.mode=system],Rate,0.47753499999999993
06/06/2026 22:43:49,System.Runtime,dotnet.gc.collections ({collection} / 1 sec)[gc.heap.generation=gen2],Rate,1
06/06/2026 22:43:49,System.Runtime,dotnet.gc.collections ({collection} / 1 sec)[gc.heap.generation=gen0],Rate,1
06/06/2026 22:43:49,System.Runtime,dotnet.gc.collections ({collection} / 1 sec)[gc.heap.generation=gen1],Rate,1
06/06/2026 22:43:49,System.Runtime,dotnet.jit.compilation.time (s / 1 sec),Rate,0.2703746
06/06/2026 22:43:49,System.Runtime,dotnet.process.cpu.count ({cpu}),Metric,4
06/06/2026 22:43:49,System.Runtime,dotnet.exceptions ({exception} / 1 sec)[error.type=SocketException],Rate,2772
06/06/2026 22:43:50,System.Runtime,dotnet.thread_pool.work_item.count ({work_item} / 1 sec),Rate,37169
06/06/2026 22:43:50,System.Runtime,dotnet.monitor.lock_contentions ({contention} / 1 sec),Rate,101
06/06/2026 22:43:50,System.Runtime,dotnet.gc.last_collection.heap.fragmentation.size (By)[gc.heap.generation=poh],Metric,0
06/06/2026 22:43:50,System.Runtime,dotnet.gc.last_collection.heap.fragmentation.size (By)[gc.heap.generation=loh],Metric,96
06/06/2026 22:43:50,System.Runtime,dotnet.gc.last_collection.heap.fragmentation.size (By)[gc.heap.generation=gen2],Metric,291096
06/06/2026 22:43:50,System.Runtime,dotnet.gc.last_collection.heap.fragmentation.size (By)[gc.heap.generation=gen1],Metric,3988752
06/06/2026 22:43:50,System.Runtime,dotnet.gc.last_collection.heap.fragmentation.size (By)[gc.heap.generation=gen0],Metric,819296
06/06/2026 22:43:50,System.Runtime,dotnet.gc.pause.time (s / 1 sec),Rate,0.035565999999999987
06/06/2026 22:43:50,System.Runtime,dotnet.gc.last_collection.memory.committed_size (By),Metric,212582400
06/06/2026 22:43:50,System.Runtime,dotnet.assembly.count ({assembly}),Metric,54
06/06/2026 22:43:50,System.Runtime,dotnet.thread_pool.queue.length ({work_item} / 1 sec),Rate,1098
06/06/2026 22:43:50,System.Runtime,dotnet.jit.compiled_methods ({method} / 1 sec),Rate,862
06/06/2026 22:43:50,System.Runtime,dotnet.jit.compiled_il.size (By / 1 sec),Rate,72770
06/06/2026 22:43:50,System.Runtime,dotnet.gc.heap.total_allocated (By / 1 sec),Rate,30166424
06/06/2026 22:43:50,System.Runtime,dotnet.process.memory.working_set (By),Metric,278282240
06/06/2026 22:43:50,System.Runtime,dotnet.thread_pool.thread.count ({thread} / 1 sec),Rate,0
06/06/2026 22:43:50,System.Runtime,dotnet.gc.last_collection.heap.size (By)[gc.heap.generation=poh],Metric,157895840
06/06/2026 22:43:50,System.Runtime,dotnet.gc.last_collection.heap.size (By)[gc.heap.generation=loh],Metric,1573032
06/06/2026 22:43:50,System.Runtime,dotnet.gc.last_collection.heap.size (By)[gc.heap.generation=gen2],Metric,17994528
06/06/2026 22:43:50,System.Runtime,dotnet.gc.last_collection.heap.size (By)[gc.heap.generation=gen1],Metric,20617536
06/06/2026 22:43:50,System.Runtime,dotnet.gc.last_collection.heap.size (By)[gc.heap.generation=gen0],Metric,827560
06/06/2026 22:43:50,System.Runtime,dotnet.timer.count ({timer}),Metric,27
06/06/2026 22:43:50,System.Runtime,dotnet.process.cpu.time (s / 1 sec)[cpu.mode=user],Rate,3.198029
06/06/2026 22:43:50,System.Runtime,dotnet.process.cpu.time (s / 1 sec)[cpu.mode=system],Rate,0.4401280000000001
06/06/2026 22:43:50,System.Runtime,dotnet.gc.collections ({collection} / 1 sec)[gc.heap.generation=gen2],Rate,0
06/06/2026 22:43:50,System.Runtime,dotnet.gc.collections ({collection} / 1 sec)[gc.heap.generation=gen0],Rate,1
06/06/2026 22:43:50,System.Runtime,dotnet.gc.collections ({collection} / 1 sec)[gc.heap.generation=gen1],Rate,0
06/06/2026 22:43:50,System.Runtime,dotnet.jit.compilation.time (s / 1 sec),Rate,0.5632139999999999
06/06/2026 22:43:50,System.Runtime,dotnet.process.cpu.count ({cpu}),Metric,4
06/06/2026 22:43:50,System.Runtime,dotnet.exceptions ({exception} / 1 sec)[error.type=SocketException],Rate,2462
06/06/2026 22:43:51,System.Runtime,dotnet.thread_pool.work_item.count ({work_item} / 1 sec),Rate,45381
06/06/2026 22:43:51,System.Runtime,dotnet.monitor.lock_contentions ({contention} / 1 sec),Rate,66
06/06/2026 22:43:51,System.Runtime,dotnet.gc.last_collection.heap.fragmentation.size (By)[gc.heap.generation=poh],Metric,0
06/06/2026 22:43:51,System.Runtime,dotnet.gc.last_collection.heap.fragmentation.size (By)[gc.heap.generation=loh],Metric,96
06/06/2026 22:43:51,System.Runtime,dotnet.gc.last_collection.heap.fragmentation.size (By)[gc.heap.generation=gen2],Metric,291096
06/06/2026 22:43:51,System.Runtime,dotnet.gc.last_collection.heap.fragmentation.size (By)[gc.heap.generation=gen1],Metric,3988752
06/06/2026 22:43:51,System.Runtime,dotnet.gc.last_collection.heap.fragmentation.size (By)[gc.heap.generation=gen0],Metric,819296
06/06/2026 22:43:51,System.Runtime,dotnet.gc.pause.time (s / 1 sec),Rate,0
06/06/2026 22:43:51,System.Runtime,dotnet.gc.last_collection.memory.committed_size (By),Metric,212582400
06/06/2026 22:43:51,System.Runtime,dotnet.assembly.count ({assembly}),Metric,54
06/06/2026 22:43:51,System.Runtime,dotnet.thread_pool.queue.length ({work_item} / 1 sec),Rate,-1393
06/06/2026 22:43:51,System.Runtime,dotnet.jit.compiled_methods ({method} / 1 sec),Rate,515
06/06/2026 22:43:51,System.Runtime,dotnet.jit.compiled_il.size (By / 1 sec),Rate,41966
06/06/2026 22:43:51,System.Runtime,dotnet.gc.heap.total_allocated (By / 1 sec),Rate,42092736
06/06/2026 22:43:51,System.Runtime,dotnet.process.memory.working_set (By),Metric,321273856
06/06/2026 22:43:51,System.Runtime,dotnet.thread_pool.thread.count ({thread} / 1 sec),Rate,0
06/06/2026 22:43:51,System.Runtime,dotnet.gc.last_collection.heap.size (By)[gc.heap.generation=poh],Metric,157895840
06/06/2026 22:43:51,System.Runtime,dotnet.gc.last_collection.heap.size (By)[gc.heap.generation=loh],Metric,1573032
06/06/2026 22:43:51,System.Runtime,dotnet.gc.last_collection.heap.size (By)[gc.heap.generation=gen2],Metric,17994528
06/06/2026 22:43:51,System.Runtime,dotnet.gc.last_collection.heap.size (By)[gc.heap.generation=gen1],Metric,20617536
06/06/2026 22:43:51,System.Runtime,dotnet.gc.last_collection.heap.size (By)[gc.heap.generation=gen0],Metric,827560
06/06/2026 22:43:51,System.Runtime,dotnet.timer.count ({timer}),Metric,12
06/06/2026 22:43:51,System.Runtime,dotnet.process.cpu.time (s / 1 sec)[cpu.mode=user],Rate,3.1952300000000005
06/06/2026 22:43:51,System.Runtime,dotnet.process.cpu.time (s / 1 sec)[cpu.mode=system],Rate,0.48038899999999995
06/06/2026 22:43:51,System.Runtime,dotnet.gc.collections ({collection} / 1 sec)[gc.heap.generation=gen2],Rate,0
06/06/2026 22:43:51,System.Runtime,dotnet.gc.collections ({collection} / 1 sec)[gc.heap.generation=gen0],Rate,0
06/06/2026 22:43:51,System.Runtime,dotnet.gc.collections ({collection} / 1 sec)[gc.heap.generation=gen1],Rate,0
06/06/2026 22:43:51,System.Runtime,dotnet.jit.compilation.time (s / 1 sec),Rate,0.32982250000000013
06/06/2026 22:43:51,System.Runtime,dotnet.process.cpu.count ({cpu}),Metric,4
06/06/2026 22:43:51,System.Runtime,dotnet.exceptions ({exception} / 1 sec)[error.type=CachedSocketException],Rate,2
06/06/2026 22:43:51,System.Runtime,dotnet.exceptions ({exception} / 1 sec)[error.type=SocketException],Rate,3342
06/06/2026 22:43:52,System.Runtime,dotnet.thread_pool.work_item.count ({work_item} / 1 sec),Rate,37405
06/06/2026 22:43:52,System.Runtime,dotnet.monitor.lock_contentions ({contention} / 1 sec),Rate,64
06/06/2026 22:43:52,System.Runtime,dotnet.gc.last_collection.heap.fragmentation.size (By)[gc.heap.generation=poh],Metric,0
06/06/2026 22:43:52,System.Runtime,dotnet.gc.last_collection.heap.fragmentation.size (By)[gc.heap.generation=loh],Metric,192
06/06/2026 22:43:52,System.Runtime,dotnet.gc.last_collection.heap.fragmentation.size (By)[gc.heap.generation=gen2],Metric,291096
06/06/2026 22:43:52,System.Runtime,dotnet.gc.last_collection.heap.fragmentation.size (By)[gc.heap.generation=gen1],Metric,695688
06/06/2026 22:43:52,System.Runtime,dotnet.gc.last_collection.heap.fragmentation.size (By)[gc.heap.generation=gen0],Metric,0
06/06/2026 22:43:52,System.Runtime,dotnet.gc.pause.time (s / 1 sec),Rate,0.127322
06/06/2026 22:43:52,System.Runtime,dotnet.gc.last_collection.memory.committed_size (By),Metric,288227328
06/06/2026 22:43:52,System.Runtime,dotnet.assembly.count ({assembly}),Metric,54
06/06/2026 22:43:52,System.Runtime,dotnet.thread_pool.queue.length ({work_item} / 1 sec),Rate,329
06/06/2026 22:43:52,System.Runtime,dotnet.jit.compiled_methods ({method} / 1 sec),Rate,240
06/06/2026 22:43:52,System.Runtime,dotnet.jit.compiled_il.size (By / 1 sec),Rate,20219
06/06/2026 22:43:52,System.Runtime,dotnet.gc.heap.total_allocated (By / 1 sec),Rate,32589408
06/06/2026 22:43:52,System.Runtime,dotnet.process.memory.working_set (By),Metric,346423296
06/06/2026 22:43:52,System.Runtime,dotnet.thread_pool.thread.count ({thread} / 1 sec),Rate,0
06/06/2026 22:43:52,System.Runtime,dotnet.gc.last_collection.heap.size (By)[gc.heap.generation=poh],Metric,162959320
06/06/2026 22:43:52,System.Runtime,dotnet.gc.last_collection.heap.size (By)[gc.heap.generation=loh],Metric,1993656
06/06/2026 22:43:52,System.Runtime,dotnet.gc.last_collection.heap.size (By)[gc.heap.generation=gen2],Metric,17994528
06/06/2026 22:43:52,System.Runtime,dotnet.gc.last_collection.heap.size (By)[gc.heap.generation=gen1],Metric,52783344
06/06/2026 22:43:52,System.Runtime,dotnet.gc.last_collection.heap.size (By)[gc.heap.generation=gen0],Metric,0
06/06/2026 22:43:52,System.Runtime,dotnet.timer.count ({timer}),Metric,12
06/06/2026 22:43:52,System.Runtime,dotnet.process.cpu.time (s / 1 sec)[cpu.mode=user],Rate,3.1959959999999974
06/06/2026 22:43:52,System.Runtime,dotnet.process.cpu.time (s / 1 sec)[cpu.mode=system],Rate,0.48508399999999985
06/06/2026 22:43:52,System.Runtime,dotnet.gc.collections ({collection} / 1 sec)[gc.heap.generation=gen2],Rate,0
06/06/2026 22:43:52,System.Runtime,dotnet.gc.collections ({collection} / 1 sec)[gc.heap.generation=gen0],Rate,1
06/06/2026 22:43:52,System.Runtime,dotnet.gc.collections ({collection} / 1 sec)[gc.heap.generation=gen1],Rate,0
06/06/2026 22:43:52,System.Runtime,dotnet.jit.compilation.time (s / 1 sec),Rate,0.6156372999999999
06/06/2026 22:43:52,System.Runtime,dotnet.process.cpu.count ({cpu}),Metric,4
06/06/2026 22:43:52,System.Runtime,dotnet.exceptions ({exception} / 1 sec)[error.type=CachedSocketException],Rate,0
06/06/2026 22:43:52,System.Runtime,dotnet.exceptions ({exception} / 1 sec)[error.type=SocketException],Rate,1976
06/06/2026 22:43:53,System.Runtime,dotnet.thread_pool.work_item.count ({work_item} / 1 sec),Rate,49046
06/06/2026 22:43:53,System.Runtime,dotnet.monitor.lock_contentions ({contention} / 1 sec),Rate,85
06/06/2026 22:43:53,System.Runtime,dotnet.gc.last_collection.heap.fragmentation.size (By)[gc.heap.generation=poh],Metric,0
06/06/2026 22:43:53,System.Runtime,dotnet.gc.last_collection.heap.fragmentation.size (By)[gc.heap.generation=loh],Metric,192
06/06/2026 22:43:53,System.Runtime,dotnet.gc.last_collection.heap.fragmentation.size (By)[gc.heap.generation=gen2],Metric,291096
06/06/2026 22:43:53,System.Runtime,dotnet.gc.last_collection.heap.fragmentation.size (By)[gc.heap.generation=gen1],Metric,695688
06/06/2026 22:43:53,System.Runtime,dotnet.gc.last_collection.heap.fragmentation.size (By)[gc.heap.generation=gen0],Metric,0
06/06/2026 22:43:53,System.Runtime,dotnet.gc.pause.time (s / 1 sec),Rate,0
06/06/2026 22:43:53,System.Runtime,dotnet.gc.last_collection.memory.committed_size (By),Metric,288227328
06/06/2026 22:43:53,System.Runtime,dotnet.assembly.count ({assembly}),Metric,54
06/06/2026 22:43:53,System.Runtime,dotnet.thread_pool.queue.length ({work_item} / 1 sec),Rate,1012
06/06/2026 22:43:53,System.Runtime,dotnet.jit.compiled_methods ({method} / 1 sec),Rate,295
06/06/2026 22:43:53,System.Runtime,dotnet.jit.compiled_il.size (By / 1 sec),Rate,23095
06/06/2026 22:43:53,System.Runtime,dotnet.gc.heap.total_allocated (By / 1 sec),Rate,31546304
06/06/2026 22:43:53,System.Runtime,dotnet.process.memory.working_set (By),Metric,353239040
06/06/2026 22:43:53,System.Runtime,dotnet.thread_pool.thread.count ({thread} / 1 sec),Rate,1
06/06/2026 22:43:53,System.Runtime,dotnet.gc.last_collection.heap.size (By)[gc.heap.generation=poh],Metric,162959320
06/06/2026 22:43:53,System.Runtime,dotnet.gc.last_collection.heap.size (By)[gc.heap.generation=loh],Metric,1993656
06/06/2026 22:43:53,System.Runtime,dotnet.gc.last_collection.heap.size (By)[gc.heap.generation=gen2],Metric,17994528
06/06/2026 22:43:53,System.Runtime,dotnet.gc.last_collection.heap.size (By)[gc.heap.generation=gen1],Metric,52783344
06/06/2026 22:43:53,System.Runtime,dotnet.gc.last_collection.heap.size (By)[gc.heap.generation=gen0],Metric,0
06/06/2026 22:43:53,System.Runtime,dotnet.timer.count ({timer}),Metric,28
06/06/2026 22:43:53,System.Runtime,dotnet.process.cpu.time (s / 1 sec)[cpu.mode=user],Rate,3.194357
06/06/2026 22:43:53,System.Runtime,dotnet.process.cpu.time (s / 1 sec)[cpu.mode=system],Rate,0.553407
06/06/2026 22:43:53,System.Runtime,dotnet.gc.collections ({collection} / 1 sec)[gc.heap.generation=gen2],Rate,0
06/06/2026 22:43:53,System.Runtime,dotnet.gc.collections ({collection} / 1 sec)[gc.heap.generation=gen0],Rate,0
06/06/2026 22:43:53,System.Runtime,dotnet.gc.collections ({collection} / 1 sec)[gc.heap.generation=gen1],Rate,0
06/06/2026 22:43:53,System.Runtime,dotnet.jit.compilation.time (s / 1 sec),Rate,0.7662608000000004
06/06/2026 22:43:53,System.Runtime,dotnet.process.cpu.count ({cpu}),Metric,4
06/06/2026 22:43:53,System.Runtime,dotnet.exceptions ({exception} / 1 sec)[error.type=CachedSocketException],Rate,0
06/06/2026 22:43:53,System.Runtime,dotnet.exceptions ({exception} / 1 sec)[error.type=SocketException],Rate,1967
06/06/2026 22:43:54,System.Runtime,dotnet.thread_pool.work_item.count ({work_item} / 1 sec),Rate,49458
06/06/2026 22:43:54,System.Runtime,dotnet.monitor.lock_contentions ({contention} / 1 sec),Rate,56
06/06/2026 22:43:54,System.Runtime,dotnet.gc.last_collection.heap.fragmentation.size (By)[gc.heap.generation=poh],Metric,0
06/06/2026 22:43:54,System.Runtime,dotnet.gc.last_collection.heap.fragmentation.size (By)[gc.heap.generation=loh],Metric,192
06/06/2026 22:43:54,System.Runtime,dotnet.gc.last_collection.heap.fragmentation.size (By)[gc.heap.generation=gen2],Metric,291096
06/06/2026 22:43:54,System.Runtime,dotnet.gc.last_collection.heap.fragmentation.size (By)[gc.heap.generation=gen1],Metric,695688
06/06/2026 22:43:54,System.Runtime,dotnet.gc.last_collection.heap.fragmentation.size (By)[gc.heap.generation=gen0],Metric,0
06/06/2026 22:43:54,System.Runtime,dotnet.gc.pause.time (s / 1 sec),Rate,0
06/06/2026 22:43:54,System.Runtime,dotnet.gc.last_collection.memory.committed_size (By),Metric,288227328
06/06/2026 22:43:54,System.Runtime,dotnet.assembly.count ({assembly}),Metric,54
06/06/2026 22:43:54,System.Runtime,dotnet.thread_pool.queue.length ({work_item} / 1 sec),Rate,328
06/06/2026 22:43:54,System.Runtime,dotnet.jit.compiled_methods ({method} / 1 sec),Rate,169
06/06/2026 22:43:54,System.Runtime,dotnet.jit.compiled_il.size (By / 1 sec),Rate,17939
06/06/2026 22:43:54,System.Runtime,dotnet.gc.heap.total_allocated (By / 1 sec),Rate,40592480
06/06/2026 22:43:54,System.Runtime,dotnet.process.memory.working_set (By),Metric,390987776
06/06/2026 22:43:54,System.Runtime,dotnet.thread_pool.thread.count ({thread} / 1 sec),Rate,0
06/06/2026 22:43:54,System.Runtime,dotnet.gc.last_collection.heap.size (By)[gc.heap.generation=poh],Metric,162959320
06/06/2026 22:43:54,System.Runtime,dotnet.gc.last_collection.heap.size (By)[gc.heap.generation=loh],Metric,1993656
06/06/2026 22:43:54,System.Runtime,dotnet.gc.last_collection.heap.size (By)[gc.heap.generation=gen2],Metric,17994528
06/06/2026 22:43:54,System.Runtime,dotnet.gc.last_collection.heap.size (By)[gc.heap.generation=gen1],Metric,52783344
06/06/2026 22:43:54,System.Runtime,dotnet.gc.last_collection.heap.size (By)[gc.heap.generation=gen0],Metric,0
06/06/2026 22:43:54,System.Runtime,dotnet.timer.count ({timer}),Metric,28
06/06/2026 22:43:54,System.Runtime,dotnet.process.cpu.time (s / 1 sec)[cpu.mode=user],Rate,3.2696150000000017
06/06/2026 22:43:54,System.Runtime,dotnet.process.cpu.time (s / 1 sec)[cpu.mode=system],Rate,0.4642680000000001
06/06/2026 22:43:54,System.Runtime,dotnet.gc.collections ({collection} / 1 sec)[gc.heap.generation=gen2],Rate,0
06/06/2026 22:43:54,System.Runtime,dotnet.gc.collections ({collection} / 1 sec)[gc.heap.generation=gen0],Rate,0
06/06/2026 22:43:54,System.Runtime,dotnet.gc.collections ({collection} / 1 sec)[gc.heap.generation=gen1],Rate,0
06/06/2026 22:43:54,System.Runtime,dotnet.jit.compilation.time (s / 1 sec),Rate,0.6434267999999994
06/06/2026 22:43:54,System.Runtime,dotnet.process.cpu.count ({cpu}),Metric,4
06/06/2026 22:43:54,System.Runtime,dotnet.exceptions ({exception} / 1 sec)[error.type=CachedSocketException],Rate,0
06/06/2026 22:43:54,System.Runtime,dotnet.exceptions ({exception} / 1 sec)[error.type=SocketException],Rate,2747
06/06/2026 22:43:55,System.Runtime,dotnet.thread_pool.work_item.count ({work_item} / 1 sec),Rate,56642
06/06/2026 22:43:55,System.Runtime,dotnet.monitor.lock_contentions ({contention} / 1 sec),Rate,106
06/06/2026 22:43:55,System.Runtime,dotnet.gc.last_collection.heap.fragmentation.size (By)[gc.heap.generation=poh],Metric,0
06/06/2026 22:43:55,System.Runtime,dotnet.gc.last_collection.heap.fragmentation.size (By)[gc.heap.generation=loh],Metric,352
06/06/2026 22:43:55,System.Runtime,dotnet.gc.last_collection.heap.fragmentation.size (By)[gc.heap.generation=gen2],Metric,291096
06/06/2026 22:43:55,System.Runtime,dotnet.gc.last_collection.heap.fragmentation.size (By)[gc.heap.generation=gen1],Metric,1140864
06/06/2026 22:43:55,System.Runtime,dotnet.gc.last_collection.heap.fragmentation.size (By)[gc.heap.generation=gen0],Metric,0
06/06/2026 22:43:55,System.Runtime,dotnet.gc.pause.time (s / 1 sec),Rate,0.131118
06/06/2026 22:43:55,System.Runtime,dotnet.gc.last_collection.memory.committed_size (By),Metric,337018880
06/06/2026 22:43:55,System.Runtime,dotnet.assembly.count ({assembly}),Metric,54
06/06/2026 22:43:55,System.Runtime,dotnet.thread_pool.queue.length ({work_item} / 1 sec),Rate,439
06/06/2026 22:43:55,System.Runtime,dotnet.jit.compiled_methods ({method} / 1 sec),Rate,110
06/06/2026 22:43:55,System.Runtime,dotnet.jit.compiled_il.size (By / 1 sec),Rate,10345
06/06/2026 22:43:55,System.Runtime,dotnet.gc.heap.total_allocated (By / 1 sec),Rate,35534040
06/06/2026 22:43:55,System.Runtime,dotnet.process.memory.working_set (By),Metric,407764992
06/06/2026 22:43:55,System.Runtime,dotnet.thread_pool.thread.count ({thread} / 1 sec),Rate,1
06/06/2026 22:43:55,System.Runtime,dotnet.gc.last_collection.heap.size (By)[gc.heap.generation=poh],Metric,177370240
06/06/2026 22:43:55,System.Runtime,dotnet.gc.last_collection.heap.size (By)[gc.heap.generation=loh],Metric,3095784
06/06/2026 22:43:55,System.Runtime,dotnet.gc.last_collection.heap.size (By)[gc.heap.generation=gen2],Metric,17994528
06/06/2026 22:43:55,System.Runtime,dotnet.gc.last_collection.heap.size (By)[gc.heap.generation=gen1],Metric,87470368
06/06/2026 22:43:55,System.Runtime,dotnet.gc.last_collection.heap.size (By)[gc.heap.generation=gen0],Metric,0
06/06/2026 22:43:55,System.Runtime,dotnet.timer.count ({timer}),Metric,28
06/06/2026 22:43:55,System.Runtime,dotnet.process.cpu.time (s / 1 sec)[cpu.mode=user],Rate,3.062111999999999
06/06/2026 22:43:55,System.Runtime,dotnet.process.cpu.time (s / 1 sec)[cpu.mode=system],Rate,0.6386820000000002
06/06/2026 22:43:55,System.Runtime,dotnet.gc.collections ({collection} / 1 sec)[gc.heap.generation=gen2],Rate,0
06/06/2026 22:43:55,System.Runtime,dotnet.gc.collections ({collection} / 1 sec)[gc.heap.generation=gen0],Rate,1
06/06/2026 22:43:55,System.Runtime,dotnet.gc.collections ({collection} / 1 sec)[gc.heap.generation=gen1],Rate,0
06/06/2026 22:43:55,System.Runtime,dotnet.jit.compilation.time (s / 1 sec),Rate,0.5607341000000003
06/06/2026 22:43:55,System.Runtime,dotnet.process.cpu.count ({cpu}),Metric,4
06/06/2026 22:43:55,System.Runtime,dotnet.exceptions ({exception} / 1 sec)[error.type=CachedSocketException],Rate,0
06/06/2026 22:43:55,System.Runtime,dotnet.exceptions ({exception} / 1 sec)[error.type=SocketException],Rate,1508
06/06/2026 22:43:55,System.Runtime,dotnet.exceptions ({exception} / 1 sec)[error.type=CachedNetworkException],Rate,2
06/06/2026 22:43:56,System.Runtime,dotnet.thread_pool.work_item.count ({work_item} / 1 sec),Rate,74395
06/06/2026 22:43:56,System.Runtime,dotnet.monitor.lock_contentions ({contention} / 1 sec),Rate,130
06/06/2026 22:43:56,System.Runtime,dotnet.gc.last_collection.heap.fragmentation.size (By)[gc.heap.generation=poh],Metric,0
06/06/2026 22:43:56,System.Runtime,dotnet.gc.last_collection.heap.fragmentation.size (By)[gc.heap.generation=loh],Metric,352
06/06/2026 22:43:56,System.Runtime,dotnet.gc.last_collection.heap.fragmentation.size (By)[gc.heap.generation=gen2],Metric,291096
06/06/2026 22:43:56,System.Runtime,dotnet.gc.last_collection.heap.fragmentation.size (By)[gc.heap.generation=gen1],Metric,1140864
06/06/2026 22:43:56,System.Runtime,dotnet.gc.last_collection.heap.fragmentation.size (By)[gc.heap.generation=gen0],Metric,0
06/06/2026 22:43:56,System.Runtime,dotnet.gc.pause.time (s / 1 sec),Rate,0
06/06/2026 22:43:56,System.Runtime,dotnet.gc.last_collection.memory.committed_size (By),Metric,337018880
06/06/2026 22:43:56,System.Runtime,dotnet.assembly.count ({assembly}),Metric,54
06/06/2026 22:43:56,System.Runtime,dotnet.thread_pool.queue.length ({work_item} / 1 sec),Rate,-251
06/06/2026 22:43:56,System.Runtime,dotnet.jit.compiled_methods ({method} / 1 sec),Rate,389
06/06/2026 22:43:56,System.Runtime,dotnet.jit.compiled_il.size (By / 1 sec),Rate,32217
06/06/2026 22:43:56,System.Runtime,dotnet.gc.heap.total_allocated (By / 1 sec),Rate,24903368
06/06/2026 22:43:56,System.Runtime,dotnet.process.memory.working_set (By),Metric,420872192
06/06/2026 22:43:56,System.Runtime,dotnet.thread_pool.thread.count ({thread} / 1 sec),Rate,0
06/06/2026 22:43:56,System.Runtime,dotnet.gc.last_collection.heap.size (By)[gc.heap.generation=poh],Metric,177370240
06/06/2026 22:43:56,System.Runtime,dotnet.gc.last_collection.heap.size (By)[gc.heap.generation=loh],Metric,3095784
06/06/2026 22:43:56,System.Runtime,dotnet.gc.last_collection.heap.size (By)[gc.heap.generation=gen2],Metric,17994528
06/06/2026 22:43:56,System.Runtime,dotnet.gc.last_collection.heap.size (By)[gc.heap.generation=gen1],Metric,87470368
06/06/2026 22:43:56,System.Runtime,dotnet.gc.last_collection.heap.size (By)[gc.heap.generation=gen0],Metric,0
06/06/2026 22:43:56,System.Runtime,dotnet.timer.count ({timer}),Metric,12
06/06/2026 22:43:56,System.Runtime,dotnet.process.cpu.time (s / 1 sec)[cpu.mode=user],Rate,2.9892610000000026
06/06/2026 22:43:56,System.Runtime,dotnet.process.cpu.time (s / 1 sec)[cpu.mode=system],Rate,0.7811789999999998
06/06/2026 22:43:56,System.Runtime,dotnet.gc.collections ({collection} / 1 sec)[gc.heap.generation=gen2],Rate,0
06/06/2026 22:43:56,System.Runtime,dotnet.gc.collections ({collection} / 1 sec)[gc.heap.generation=gen0],Rate,0
06/06/2026 22:43:56,System.Runtime,dotnet.gc.collections ({collection} / 1 sec)[gc.heap.generation=gen1],Rate,0
06/06/2026 22:43:56,System.Runtime,dotnet.jit.compilation.time (s / 1 sec),Rate,0.8512224000000002
06/06/2026 22:43:56,System.Runtime,dotnet.process.cpu.count ({cpu}),Metric,4
06/06/2026 22:43:56,System.Runtime,dotnet.exceptions ({exception} / 1 sec)[error.type=CachedSocketException],Rate,0
06/06/2026 22:43:56,System.Runtime,dotnet.exceptions ({exception} / 1 sec)[error.type=SocketException],Rate,686
06/06/2026 22:43:56,System.Runtime,dotnet.exceptions ({exception} / 1 sec)[error.type=CachedNetworkException],Rate,4
06/06/2026 22:43:57,System.Runtime,dotnet.thread_pool.work_item.count ({work_item} / 1 sec),Rate,81760
06/06/2026 22:43:57,System.Runtime,dotnet.monitor.lock_contentions ({contention} / 1 sec),Rate,120
06/06/2026 22:43:57,System.Runtime,dotnet.gc.last_collection.heap.fragmentation.size (By)[gc.heap.generation=poh],Metric,0
06/06/2026 22:43:57,System.Runtime,dotnet.gc.last_collection.heap.fragmentation.size (By)[gc.heap.generation=loh],Metric,352
06/06/2026 22:43:57,System.Runtime,dotnet.gc.last_collection.heap.fragmentation.size (By)[gc.heap.generation=gen2],Metric,291096
06/06/2026 22:43:57,System.Runtime,dotnet.gc.last_collection.heap.fragmentation.size (By)[gc.heap.generation=gen1],Metric,1140864
06/06/2026 22:43:57,System.Runtime,dotnet.gc.last_collection.heap.fragmentation.size (By)[gc.heap.generation=gen0],Metric,0
06/06/2026 22:43:57,System.Runtime,dotnet.gc.pause.time (s / 1 sec),Rate,0
06/06/2026 22:43:57,System.Runtime,dotnet.gc.last_collection.memory.committed_size (By),Metric,337018880
06/06/2026 22:43:57,System.Runtime,dotnet.assembly.count ({assembly}),Metric,54
06/06/2026 22:43:57,System.Runtime,dotnet.thread_pool.queue.length ({work_item} / 1 sec),Rate,575
06/06/2026 22:43:57,System.Runtime,dotnet.jit.compiled_methods ({method} / 1 sec),Rate,127
06/06/2026 22:43:57,System.Runtime,dotnet.jit.compiled_il.size (By / 1 sec),Rate,10827
06/06/2026 22:43:57,System.Runtime,dotnet.gc.heap.total_allocated (By / 1 sec),Rate,20679368
06/06/2026 22:43:57,System.Runtime,dotnet.process.memory.working_set (By),Metric,438697984
06/06/2026 22:43:57,System.Runtime,dotnet.thread_pool.thread.count ({thread} / 1 sec),Rate,0
06/06/2026 22:43:57,System.Runtime,dotnet.gc.last_collection.heap.size (By)[gc.heap.generation=poh],Metric,177370240
06/06/2026 22:43:57,System.Runtime,dotnet.gc.last_collection.heap.size (By)[gc.heap.generation=loh],Metric,3095784
06/06/2026 22:43:57,System.Runtime,dotnet.gc.last_collection.heap.size (By)[gc.heap.generation=gen2],Metric,17994528
06/06/2026 22:43:57,System.Runtime,dotnet.gc.last_collection.heap.size (By)[gc.heap.generation=gen1],Metric,87470368
06/06/2026 22:43:57,System.Runtime,dotnet.gc.last_collection.heap.size (By)[gc.heap.generation=gen0],Metric,0
06/06/2026 22:43:57,System.Runtime,dotnet.timer.count ({timer}),Metric,25
06/06/2026 22:43:57,System.Runtime,dotnet.process.cpu.time (s / 1 sec)[cpu.mode=user],Rate,2.706529999999997
06/06/2026 22:43:57,System.Runtime,dotnet.process.cpu.time (s / 1 sec)[cpu.mode=system],Rate,0.9081989999999998
06/06/2026 22:43:57,System.Runtime,dotnet.gc.collections ({collection} / 1 sec)[gc.heap.generation=gen2],Rate,0
06/06/2026 22:43:57,System.Runtime,dotnet.gc.collections ({collection} / 1 sec)[gc.heap.generation=gen0],Rate,0
06/06/2026 22:43:57,System.Runtime,dotnet.gc.collections ({collection} / 1 sec)[gc.heap.generation=gen1],Rate,0
06/06/2026 22:43:57,System.Runtime,dotnet.jit.compilation.time (s / 1 sec),Rate,0.18607999999999958
06/06/2026 22:43:57,System.Runtime,dotnet.process.cpu.count ({cpu}),Metric,4
06/06/2026 22:43:57,System.Runtime,dotnet.exceptions ({exception} / 1 sec)[error.type=CachedSocketException],Rate,0
06/06/2026 22:43:57,System.Runtime,dotnet.exceptions ({exception} / 1 sec)[error.type=SocketException],Rate,0
06/06/2026 22:43:57,System.Runtime,dotnet.exceptions ({exception} / 1 sec)[error.type=CachedNetworkException],Rate,0
06/06/2026 22:43:58,System.Runtime,dotnet.thread_pool.work_item.count ({work_item} / 1 sec),Rate,62591
06/06/2026 22:43:58,System.Runtime,dotnet.monitor.lock_contentions ({contention} / 1 sec),Rate,140
06/06/2026 22:43:58,System.Runtime,dotnet.gc.last_collection.heap.fragmentation.size (By)[gc.heap.generation=poh],Metric,0
06/06/2026 22:43:58,System.Runtime,dotnet.gc.last_collection.heap.fragmentation.size (By)[gc.heap.generation=loh],Metric,416
06/06/2026 22:43:58,System.Runtime,dotnet.gc.last_collection.heap.fragmentation.size (By)[gc.heap.generation=gen2],Metric,153968
06/06/2026 22:43:58,System.Runtime,dotnet.gc.last_collection.heap.fragmentation.size (By)[gc.heap.generation=gen1],Metric,168216
06/06/2026 22:43:58,System.Runtime,dotnet.gc.last_collection.heap.fragmentation.size (By)[gc.heap.generation=gen0],Metric,0
06/06/2026 22:43:58,System.Runtime,dotnet.gc.pause.time (s / 1 sec),Rate,0.303078
06/06/2026 22:43:58,System.Runtime,dotnet.gc.last_collection.memory.committed_size (By),Metric,394559488
06/06/2026 22:43:58,System.Runtime,dotnet.assembly.count ({assembly}),Metric,54
06/06/2026 22:43:58,System.Runtime,dotnet.thread_pool.queue.length ({work_item} / 1 sec),Rate,187
06/06/2026 22:43:58,System.Runtime,dotnet.jit.compiled_methods ({method} / 1 sec),Rate,5
06/06/2026 22:43:58,System.Runtime,dotnet.jit.compiled_il.size (By / 1 sec),Rate,465
06/06/2026 22:43:58,System.Runtime,dotnet.gc.heap.total_allocated (By / 1 sec),Rate,15724136
06/06/2026 22:43:58,System.Runtime,dotnet.process.memory.working_set (By),Metric,458096640
06/06/2026 22:43:58,System.Runtime,dotnet.thread_pool.thread.count ({thread} / 1 sec),Rate,0
06/06/2026 22:43:58,System.Runtime,dotnet.gc.last_collection.heap.size (By)[gc.heap.generation=poh],Metric,187473280
06/06/2026 22:43:58,System.Runtime,dotnet.gc.last_collection.heap.size (By)[gc.heap.generation=loh],Metric,3360080
06/06/2026 22:43:58,System.Runtime,dotnet.gc.last_collection.heap.size (By)[gc.heap.generation=gen2],Metric,101055968
06/06/2026 22:43:58,System.Runtime,dotnet.gc.last_collection.heap.size (By)[gc.heap.generation=gen1],Metric,12827736
06/06/2026 22:43:58,System.Runtime,dotnet.gc.last_collection.heap.size (By)[gc.heap.generation=gen0],Metric,0
06/06/2026 22:43:58,System.Runtime,dotnet.timer.count ({timer}),Metric,26
06/06/2026 22:43:58,System.Runtime,dotnet.process.cpu.time (s / 1 sec)[cpu.mode=user],Rate,2.8847660000000026
06/06/2026 22:43:58,System.Runtime,dotnet.process.cpu.time (s / 1 sec)[cpu.mode=system],Rate,0.8033150000000004
06/06/2026 22:43:58,System.Runtime,dotnet.gc.collections ({collection} / 1 sec)[gc.heap.generation=gen2],Rate,0
06/06/2026 22:43:58,System.Runtime,dotnet.gc.collections ({collection} / 1 sec)[gc.heap.generation=gen0],Rate,0
06/06/2026 22:43:58,System.Runtime,dotnet.gc.collections ({collection} / 1 sec)[gc.heap.generation=gen1],Rate,1
06/06/2026 22:43:58,System.Runtime,dotnet.jit.compilation.time (s / 1 sec),Rate,0.002194700000000438
06/06/2026 22:43:58,System.Runtime,dotnet.process.cpu.count ({cpu}),Metric,4
06/06/2026 22:43:58,System.Runtime,dotnet.exceptions ({exception} / 1 sec)[error.type=CachedInternalErrorException],Rate,1
06/06/2026 22:43:58,System.Runtime,dotnet.exceptions ({exception} / 1 sec)[error.type=CachedSocketException],Rate,0
06/06/2026 22:43:58,System.Runtime,dotnet.exceptions ({exception} / 1 sec)[error.type=SocketException],Rate,0
06/06/2026 22:43:58,System.Runtime,dotnet.exceptions ({exception} / 1 sec)[error.type=CachedNetworkException],Rate,0
06/06/2026 22:43:59,System.Runtime,dotnet.thread_pool.work_item.count ({work_item} / 1 sec),Rate,95748
06/06/2026 22:43:59,System.Runtime,dotnet.monitor.lock_contentions ({contention} / 1 sec),Rate,147
06/06/2026 22:43:59,System.Runtime,dotnet.gc.last_collection.heap.fragmentation.size (By)[gc.heap.generation=poh],Metric,0
06/06/2026 22:43:59,System.Runtime,dotnet.gc.last_collection.heap.fragmentation.size (By)[gc.heap.generation=loh],Metric,416
06/06/2026 22:43:59,System.Runtime,dotnet.gc.last_collection.heap.fragmentation.size (By)[gc.heap.generation=gen2],Metric,153968
06/06/2026 22:43:59,System.Runtime,dotnet.gc.last_collection.heap.fragmentation.size (By)[gc.heap.generation=gen1],Metric,168216
06/06/2026 22:43:59,System.Runtime,dotnet.gc.last_collection.heap.fragmentation.size (By)[gc.heap.generation=gen0],Metric,0
06/06/2026 22:43:59,System.Runtime,dotnet.gc.pause.time (s / 1 sec),Rate,0
06/06/2026 22:43:59,System.Runtime,dotnet.gc.last_collection.memory.committed_size (By),Metric,394559488
06/06/2026 22:43:59,System.Runtime,dotnet.assembly.count ({assembly}),Metric,54
06/06/2026 22:43:59,System.Runtime,dotnet.thread_pool.queue.length ({work_item} / 1 sec),Rate,-2689
06/06/2026 22:43:59,System.Runtime,dotnet.jit.compiled_methods ({method} / 1 sec),Rate,23
06/06/2026 22:43:59,System.Runtime,dotnet.jit.compiled_il.size (By / 1 sec),Rate,1660
06/06/2026 22:43:59,System.Runtime,dotnet.gc.heap.total_allocated (By / 1 sec),Rate,23664864
06/06/2026 22:43:59,System.Runtime,dotnet.process.memory.working_set (By),Metric,458096640
06/06/2026 22:43:59,System.Runtime,dotnet.thread_pool.thread.count ({thread} / 1 sec),Rate,0
06/06/2026 22:43:59,System.Runtime,dotnet.gc.last_collection.heap.size (By)[gc.heap.generation=poh],Metric,187473280
06/06/2026 22:43:59,System.Runtime,dotnet.gc.last_collection.heap.size (By)[gc.heap.generation=loh],Metric,3360080
06/06/2026 22:43:59,System.Runtime,dotnet.gc.last_collection.heap.size (By)[gc.heap.generation=gen2],Metric,101055968
06/06/2026 22:43:59,System.Runtime,dotnet.gc.last_collection.heap.size (By)[gc.heap.generation=gen1],Metric,12827736
06/06/2026 22:43:59,System.Runtime,dotnet.gc.last_collection.heap.size (By)[gc.heap.generation=gen0],Metric,0
06/06/2026 22:43:59,System.Runtime,dotnet.timer.count ({timer}),Metric,28
06/06/2026 22:43:59,System.Runtime,dotnet.process.cpu.time (s / 1 sec)[cpu.mode=user],Rate,2.733117
06/06/2026 22:43:59,System.Runtime,dotnet.process.cpu.time (s / 1 sec)[cpu.mode=system],Rate,1.0474179999999995
06/06/2026 22:43:59,System.Runtime,dotnet.gc.collections ({collection} / 1 sec)[gc.heap.generation=gen2],Rate,0
06/06/2026 22:43:59,System.Runtime,dotnet.gc.collections ({collection} / 1 sec)[gc.heap.generation=gen0],Rate,0
06/06/2026 22:43:59,System.Runtime,dotnet.gc.collections ({collection} / 1 sec)[gc.heap.generation=gen1],Rate,0
06/06/2026 22:43:59,System.Runtime,dotnet.jit.compilation.time (s / 1 sec),Rate,0.05808569999999946
06/06/2026 22:43:59,System.Runtime,dotnet.process.cpu.count ({cpu}),Metric,4
06/06/2026 22:43:59,System.Runtime,dotnet.exceptions ({exception} / 1 sec)[error.type=CachedInternalErrorException],Rate,0
06/06/2026 22:43:59,System.Runtime,dotnet.exceptions ({exception} / 1 sec)[error.type=CachedSocketException],Rate,0
06/06/2026 22:43:59,System.Runtime,dotnet.exceptions ({exception} / 1 sec)[error.type=SocketException],Rate,0
06/06/2026 22:43:59,System.Runtime,dotnet.exceptions ({exception} / 1 sec)[error.type=CachedNetworkException],Rate,0
06/06/2026 22:44:00,System.Runtime,dotnet.thread_pool.work_item.count ({work_item} / 1 sec),Rate,96462
06/06/2026 22:44:00,System.Runtime,dotnet.monitor.lock_contentions ({contention} / 1 sec),Rate,227
06/06/2026 22:44:00,System.Runtime,dotnet.gc.last_collection.heap.fragmentation.size (By)[gc.heap.generation=poh],Metric,0
06/06/2026 22:44:00,System.Runtime,dotnet.gc.last_collection.heap.fragmentation.size (By)[gc.heap.generation=loh],Metric,416
06/06/2026 22:44:00,System.Runtime,dotnet.gc.last_collection.heap.fragmentation.size (By)[gc.heap.generation=gen2],Metric,153968
06/06/2026 22:44:00,System.Runtime,dotnet.gc.last_collection.heap.fragmentation.size (By)[gc.heap.generation=gen1],Metric,168216
06/06/2026 22:44:00,System.Runtime,dotnet.gc.last_collection.heap.fragmentation.size (By)[gc.heap.generation=gen0],Metric,0
06/06/2026 22:44:00,System.Runtime,dotnet.gc.pause.time (s / 1 sec),Rate,0
06/06/2026 22:44:00,System.Runtime,dotnet.gc.last_collection.memory.committed_size (By),Metric,394559488
06/06/2026 22:44:00,System.Runtime,dotnet.assembly.count ({assembly}),Metric,54
06/06/2026 22:44:00,System.Runtime,dotnet.thread_pool.queue.length ({work_item} / 1 sec),Rate,-31
06/06/2026 22:44:00,System.Runtime,dotnet.jit.compiled_methods ({method} / 1 sec),Rate,2
06/06/2026 22:44:00,System.Runtime,dotnet.jit.compiled_il.size (By / 1 sec),Rate,42
06/06/2026 22:44:00,System.Runtime,dotnet.gc.heap.total_allocated (By / 1 sec),Rate,24794400
06/06/2026 22:44:00,System.Runtime,dotnet.process.memory.working_set (By),Metric,458620928
06/06/2026 22:44:00,System.Runtime,dotnet.thread_pool.thread.count ({thread} / 1 sec),Rate,0
06/06/2026 22:44:00,System.Runtime,dotnet.gc.last_collection.heap.size (By)[gc.heap.generation=poh],Metric,187473280
06/06/2026 22:44:00,System.Runtime,dotnet.gc.last_collection.heap.size (By)[gc.heap.generation=loh],Metric,3360080
06/06/2026 22:44:00,System.Runtime,dotnet.gc.last_collection.heap.size (By)[gc.heap.generation=gen2],Metric,101055968
06/06/2026 22:44:00,System.Runtime,dotnet.gc.last_collection.heap.size (By)[gc.heap.generation=gen1],Metric,12827736
06/06/2026 22:44:00,System.Runtime,dotnet.gc.last_collection.heap.size (By)[gc.heap.generation=gen0],Metric,0
06/06/2026 22:44:00,System.Runtime,dotnet.timer.count ({timer}),Metric,28
06/06/2026 22:44:00,System.Runtime,dotnet.process.cpu.time (s / 1 sec)[cpu.mode=user],Rate,2.6972710000000006
06/06/2026 22:44:00,System.Runtime,dotnet.process.cpu.time (s / 1 sec)[cpu.mode=system],Rate,0.9375070000000001
06/06/2026 22:44:00,System.Runtime,dotnet.gc.collections ({collection} / 1 sec)[gc.heap.generation=gen2],Rate,0
06/06/2026 22:44:00,System.Runtime,dotnet.gc.collections ({collection} / 1 sec)[gc.heap.generation=gen0],Rate,0
06/06/2026 22:44:00,System.Runtime,dotnet.gc.collections ({collection} / 1 sec)[gc.heap.generation=gen1],Rate,0
06/06/2026 22:44:00,System.Runtime,dotnet.jit.compilation.time (s / 1 sec),Rate,0.0007681000000001603
06/06/2026 22:44:00,System.Runtime,dotnet.process.cpu.count ({cpu}),Metric,4
06/06/2026 22:44:00,System.Runtime,dotnet.exceptions ({exception} / 1 sec)[error.type=CachedInternalErrorException],Rate,0
06/06/2026 22:44:00,System.Runtime,dotnet.exceptions ({exception} / 1 sec)[error.type=CachedSocketException],Rate,0
06/06/2026 22:44:00,System.Runtime,dotnet.exceptions ({exception} / 1 sec)[error.type=SocketException],Rate,0
06/06/2026 22:44:00,System.Runtime,dotnet.exceptions ({exception} / 1 sec)[error.type=CachedNetworkException],Rate,0
06/06/2026 22:44:01,System.Runtime,dotnet.thread_pool.work_item.count ({work_item} / 1 sec),Rate,89692
06/06/2026 22:44:01,System.Runtime,dotnet.monitor.lock_contentions ({contention} / 1 sec),Rate,484
06/06/2026 22:44:01,System.Runtime,dotnet.gc.last_collection.heap.fragmentation.size (By)[gc.heap.generation=poh],Metric,0
06/06/2026 22:44:01,System.Runtime,dotnet.gc.last_collection.heap.fragmentation.size (By)[gc.heap.generation=loh],Metric,416
06/06/2026 22:44:01,System.Runtime,dotnet.gc.last_collection.heap.fragmentation.size (By)[gc.heap.generation=gen2],Metric,153968
06/06/2026 22:44:01,System.Runtime,dotnet.gc.last_collection.heap.fragmentation.size (By)[gc.heap.generation=gen1],Metric,168216
06/06/2026 22:44:01,System.Runtime,dotnet.gc.last_collection.heap.fragmentation.size (By)[gc.heap.generation=gen0],Metric,2928
06/06/2026 22:44:01,System.Runtime,dotnet.gc.pause.time (s / 1 sec),Rate,0.020872
06/06/2026 22:44:01,System.Runtime,dotnet.gc.last_collection.memory.committed_size (By),Metric,399278080
06/06/2026 22:44:01,System.Runtime,dotnet.assembly.count ({assembly}),Metric,54
06/06/2026 22:44:01,System.Runtime,dotnet.thread_pool.queue.length ({work_item} / 1 sec),Rate,-36
06/06/2026 22:44:01,System.Runtime,dotnet.jit.compiled_methods ({method} / 1 sec),Rate,71
06/06/2026 22:44:01,System.Runtime,dotnet.jit.compiled_il.size (By / 1 sec),Rate,4160
06/06/2026 22:44:01,System.Runtime,dotnet.gc.heap.total_allocated (By / 1 sec),Rate,26584600
06/06/2026 22:44:01,System.Runtime,dotnet.process.memory.working_set (By),Metric,463339520
06/06/2026 22:44:01,System.Runtime,dotnet.thread_pool.thread.count ({thread} / 1 sec),Rate,0
06/06/2026 22:44:01,System.Runtime,dotnet.gc.last_collection.heap.size (By)[gc.heap.generation=poh],Metric,187473280
06/06/2026 22:44:01,System.Runtime,dotnet.gc.last_collection.heap.size (By)[gc.heap.generation=loh],Metric,3360080
06/06/2026 22:44:01,System.Runtime,dotnet.gc.last_collection.heap.size (By)[gc.heap.generation=gen2],Metric,101055968
06/06/2026 22:44:01,System.Runtime,dotnet.gc.last_collection.heap.size (By)[gc.heap.generation=gen1],Metric,12827736
06/06/2026 22:44:01,System.Runtime,dotnet.gc.last_collection.heap.size (By)[gc.heap.generation=gen0],Metric,199128
06/06/2026 22:44:01,System.Runtime,dotnet.timer.count ({timer}),Metric,28
06/06/2026 22:44:01,System.Runtime,dotnet.process.cpu.time (s / 1 sec)[cpu.mode=user],Rate,2.0057259999999957
06/06/2026 22:44:01,System.Runtime,dotnet.process.cpu.time (s / 1 sec)[cpu.mode=system],Rate,0.5127520000000008
06/06/2026 22:44:01,System.Runtime,dotnet.gc.collections ({collection} / 1 sec)[gc.heap.generation=gen2],Rate,0
06/06/2026 22:44:01,System.Runtime,dotnet.gc.collections ({collection} / 1 sec)[gc.heap.generation=gen0],Rate,1
06/06/2026 22:44:01,System.Runtime,dotnet.gc.collections ({collection} / 1 sec)[gc.heap.generation=gen1],Rate,0
06/06/2026 22:44:01,System.Runtime,dotnet.jit.compilation.time (s / 1 sec),Rate,0.043705799999999684
06/06/2026 22:44:01,System.Runtime,dotnet.process.cpu.count ({cpu}),Metric,4
06/06/2026 22:44:01,System.Runtime,dotnet.exceptions ({exception} / 1 sec)[error.type=CachedInternalErrorException],Rate,0
06/06/2026 22:44:01,System.Runtime,dotnet.exceptions ({exception} / 1 sec)[error.type=CachedSocketException],Rate,0
06/06/2026 22:44:01,System.Runtime,dotnet.exceptions ({exception} / 1 sec)[error.type=SocketException],Rate,0
06/06/2026 22:44:01,System.Runtime,dotnet.exceptions ({exception} / 1 sec)[error.type=CachedNetworkException],Rate,0
06/06/2026 22:44:02,System.Runtime,dotnet.thread_pool.work_item.count ({work_item} / 1 sec),Rate,104164
06/06/2026 22:44:02,System.Runtime,dotnet.monitor.lock_contentions ({contention} / 1 sec),Rate,565
06/06/2026 22:44:02,System.Runtime,dotnet.gc.last_collection.heap.fragmentation.size (By)[gc.heap.generation=poh],Metric,0
06/06/2026 22:44:02,System.Runtime,dotnet.gc.last_collection.heap.fragmentation.size (By)[gc.heap.generation=loh],Metric,416
06/06/2026 22:44:02,System.Runtime,dotnet.gc.last_collection.heap.fragmentation.size (By)[gc.heap.generation=gen2],Metric,153968
06/06/2026 22:44:02,System.Runtime,dotnet.gc.last_collection.heap.fragmentation.size (By)[gc.heap.generation=gen1],Metric,168216
06/06/2026 22:44:02,System.Runtime,dotnet.gc.last_collection.heap.fragmentation.size (By)[gc.heap.generation=gen0],Metric,2928
06/06/2026 22:44:02,System.Runtime,dotnet.gc.pause.time (s / 1 sec),Rate,0
06/06/2026 22:44:02,System.Runtime,dotnet.gc.last_collection.memory.committed_size (By),Metric,399278080
06/06/2026 22:44:02,System.Runtime,dotnet.assembly.count ({assembly}),Metric,54
06/06/2026 22:44:02,System.Runtime,dotnet.thread_pool.queue.length ({work_item} / 1 sec),Rate,17
06/06/2026 22:44:02,System.Runtime,dotnet.jit.compiled_methods ({method} / 1 sec),Rate,19
06/06/2026 22:44:02,System.Runtime,dotnet.jit.compiled_il.size (By / 1 sec),Rate,2008
06/06/2026 22:44:02,System.Runtime,dotnet.gc.heap.total_allocated (By / 1 sec),Rate,32666912
06/06/2026 22:44:02,System.Runtime,dotnet.process.memory.working_set (By),Metric,463339520
06/06/2026 22:44:02,System.Runtime,dotnet.thread_pool.thread.count ({thread} / 1 sec),Rate,0
06/06/2026 22:44:02,System.Runtime,dotnet.gc.last_collection.heap.size (By)[gc.heap.generation=poh],Metric,187473280
06/06/2026 22:44:02,System.Runtime,dotnet.gc.last_collection.heap.size (By)[gc.heap.generation=loh],Metric,3360080
06/06/2026 22:44:02,System.Runtime,dotnet.gc.last_collection.heap.size (By)[gc.heap.generation=gen2],Metric,101055968
06/06/2026 22:44:02,System.Runtime,dotnet.gc.last_collection.heap.size (By)[gc.heap.generation=gen1],Metric,12827736
06/06/2026 22:44:02,System.Runtime,dotnet.gc.last_collection.heap.size (By)[gc.heap.generation=gen0],Metric,199128
06/06/2026 22:44:02,System.Runtime,dotnet.timer.count ({timer}),Metric,28
06/06/2026 22:44:02,System.Runtime,dotnet.process.cpu.time (s / 1 sec)[cpu.mode=user],Rate,2.0047400000000053
06/06/2026 22:44:02,System.Runtime,dotnet.process.cpu.time (s / 1 sec)[cpu.mode=system],Rate,0.4245649999999994
06/06/2026 22:44:02,System.Runtime,dotnet.gc.collections ({collection} / 1 sec)[gc.heap.generation=gen2],Rate,0
06/06/2026 22:44:02,System.Runtime,dotnet.gc.collections ({collection} / 1 sec)[gc.heap.generation=gen0],Rate,0
06/06/2026 22:44:02,System.Runtime,dotnet.gc.collections ({collection} / 1 sec)[gc.heap.generation=gen1],Rate,0
06/06/2026 22:44:02,System.Runtime,dotnet.jit.compilation.time (s / 1 sec),Rate,0.023140000000000605
06/06/2026 22:44:02,System.Runtime,dotnet.process.cpu.count ({cpu}),Metric,4
06/06/2026 22:44:02,System.Runtime,dotnet.exceptions ({exception} / 1 sec)[error.type=CachedInternalErrorException],Rate,0
06/06/2026 22:44:02,System.Runtime,dotnet.exceptions ({exception} / 1 sec)[error.type=CachedSocketException],Rate,0
06/06/2026 22:44:02,System.Runtime,dotnet.exceptions ({exception} / 1 sec)[error.type=SocketException],Rate,0
06/06/2026 22:44:02,System.Runtime,dotnet.exceptions ({exception} / 1 sec)[error.type=CachedNetworkException],Rate,0
06/06/2026 22:44:03,System.Runtime,dotnet.thread_pool.work_item.count ({work_item} / 1 sec),Rate,83707
06/06/2026 22:44:03,System.Runtime,dotnet.monitor.lock_contentions ({contention} / 1 sec),Rate,348
06/06/2026 22:44:03,System.Runtime,dotnet.gc.last_collection.heap.fragmentation.size (By)[gc.heap.generation=poh],Metric,0
06/06/2026 22:44:03,System.Runtime,dotnet.gc.last_collection.heap.fragmentation.size (By)[gc.heap.generation=loh],Metric,416
06/06/2026 22:44:03,System.Runtime,dotnet.gc.last_collection.heap.fragmentation.size (By)[gc.heap.generation=gen2],Metric,153968
06/06/2026 22:44:03,System.Runtime,dotnet.gc.last_collection.heap.fragmentation.size (By)[gc.heap.generation=gen1],Metric,168216
06/06/2026 22:44:03,System.Runtime,dotnet.gc.last_collection.heap.fragmentation.size (By)[gc.heap.generation=gen0],Metric,2928
06/06/2026 22:44:03,System.Runtime,dotnet.gc.pause.time (s / 1 sec),Rate,0
06/06/2026 22:44:03,System.Runtime,dotnet.gc.last_collection.memory.committed_size (By),Metric,399278080
06/06/2026 22:44:03,System.Runtime,dotnet.assembly.count ({assembly}),Metric,54
06/06/2026 22:44:03,System.Runtime,dotnet.thread_pool.queue.length ({work_item} / 1 sec),Rate,27
06/06/2026 22:44:03,System.Runtime,dotnet.jit.compiled_methods ({method} / 1 sec),Rate,8
06/06/2026 22:44:03,System.Runtime,dotnet.jit.compiled_il.size (By / 1 sec),Rate,371
06/06/2026 22:44:03,System.Runtime,dotnet.gc.heap.total_allocated (By / 1 sec),Rate,26276976
06/06/2026 22:44:03,System.Runtime,dotnet.process.memory.working_set (By),Metric,463339520
06/06/2026 22:44:03,System.Runtime,dotnet.thread_pool.thread.count ({thread} / 1 sec),Rate,0
06/06/2026 22:44:03,System.Runtime,dotnet.gc.last_collection.heap.size (By)[gc.heap.generation=poh],Metric,187473280
06/06/2026 22:44:03,System.Runtime,dotnet.gc.last_collection.heap.size (By)[gc.heap.generation=loh],Metric,3360080
06/06/2026 22:44:03,System.Runtime,dotnet.gc.last_collection.heap.size (By)[gc.heap.generation=gen2],Metric,101055968
06/06/2026 22:44:03,System.Runtime,dotnet.gc.last_collection.heap.size (By)[gc.heap.generation=gen1],Metric,12827736
06/06/2026 22:44:03,System.Runtime,dotnet.gc.last_collection.heap.size (By)[gc.heap.generation=gen0],Metric,199128
06/06/2026 22:44:03,System.Runtime,dotnet.timer.count ({timer}),Metric,29
06/06/2026 22:44:03,System.Runtime,dotnet.process.cpu.time (s / 1 sec)[cpu.mode=user],Rate,1.541359
06/06/2026 22:44:03,System.Runtime,dotnet.process.cpu.time (s / 1 sec)[cpu.mode=system],Rate,0.40784599999999926
06/06/2026 22:44:03,System.Runtime,dotnet.gc.collections ({collection} / 1 sec)[gc.heap.generation=gen2],Rate,0
06/06/2026 22:44:03,System.Runtime,dotnet.gc.collections ({collection} / 1 sec)[gc.heap.generation=gen0],Rate,0
06/06/2026 22:44:03,System.Runtime,dotnet.gc.collections ({collection} / 1 sec)[gc.heap.generation=gen1],Rate,0
06/06/2026 22:44:03,System.Runtime,dotnet.jit.compilation.time (s / 1 sec),Rate,0.005533199999999461
06/06/2026 22:44:03,System.Runtime,dotnet.process.cpu.count ({cpu}),Metric,4
06/06/2026 22:44:03,System.Runtime,dotnet.exceptions ({exception} / 1 sec)[error.type=CachedInternalErrorException],Rate,0
06/06/2026 22:44:03,System.Runtime,dotnet.exceptions ({exception} / 1 sec)[error.type=CachedSocketException],Rate,0
06/06/2026 22:44:03,System.Runtime,dotnet.exceptions ({exception} / 1 sec)[error.type=SocketException],Rate,0
06/06/2026 22:44:03,System.Runtime,dotnet.exceptions ({exception} / 1 sec)[error.type=CachedNetworkException],Rate,0
06/06/2026 22:44:04,System.Runtime,dotnet.thread_pool.work_item.count ({work_item} / 1 sec),Rate,94170
06/06/2026 22:44:04,System.Runtime,dotnet.monitor.lock_contentions ({contention} / 1 sec),Rate,332
06/06/2026 22:44:04,System.Runtime,dotnet.gc.last_collection.heap.fragmentation.size (By)[gc.heap.generation=poh],Metric,560
06/06/2026 22:44:04,System.Runtime,dotnet.gc.last_collection.heap.fragmentation.size (By)[gc.heap.generation=loh],Metric,280736
06/06/2026 22:44:04,System.Runtime,dotnet.gc.last_collection.heap.fragmentation.size (By)[gc.heap.generation=gen2],Metric,2150256
06/06/2026 22:44:04,System.Runtime,dotnet.gc.last_collection.heap.fragmentation.size (By)[gc.heap.generation=gen1],Metric,285992
06/06/2026 22:44:04,System.Runtime,dotnet.gc.last_collection.heap.fragmentation.size (By)[gc.heap.generation=gen0],Metric,1627928
06/06/2026 22:44:04,System.Runtime,dotnet.gc.pause.time (s / 1 sec),Rate,0.013658999999999977
06/06/2026 22:44:04,System.Runtime,dotnet.gc.last_collection.memory.committed_size (By),Metric,393805824
06/06/2026 22:44:04,System.Runtime,dotnet.assembly.count ({assembly}),Metric,54
06/06/2026 22:44:04,System.Runtime,dotnet.thread_pool.queue.length ({work_item} / 1 sec),Rate,-13
06/06/2026 22:44:04,System.Runtime,dotnet.jit.compiled_methods ({method} / 1 sec),Rate,6
06/06/2026 22:44:04,System.Runtime,dotnet.jit.compiled_il.size (By / 1 sec),Rate,854
06/06/2026 22:44:04,System.Runtime,dotnet.gc.heap.total_allocated (By / 1 sec),Rate,28265584
06/06/2026 22:44:04,System.Runtime,dotnet.process.memory.working_set (By),Metric,459407360
06/06/2026 22:44:04,System.Runtime,dotnet.thread_pool.thread.count ({thread} / 1 sec),Rate,0
06/06/2026 22:44:04,System.Runtime,dotnet.gc.last_collection.heap.size (By)[gc.heap.generation=poh],Metric,187473280
06/06/2026 22:44:04,System.Runtime,dotnet.gc.last_collection.heap.size (By)[gc.heap.generation=loh],Metric,3219872
06/06/2026 22:44:04,System.Runtime,dotnet.gc.last_collection.heap.size (By)[gc.heap.generation=gen2],Metric,101055920
06/06/2026 22:44:04,System.Runtime,dotnet.gc.last_collection.heap.size (By)[gc.heap.generation=gen1],Metric,13028864
06/06/2026 22:44:04,System.Runtime,dotnet.gc.last_collection.heap.size (By)[gc.heap.generation=gen0],Metric,2039552
06/06/2026 22:44:04,System.Runtime,dotnet.timer.count ({timer}),Metric,28
06/06/2026 22:44:04,System.Runtime,dotnet.process.cpu.time (s / 1 sec)[cpu.mode=user],Rate,2.2033229999999975
06/06/2026 22:44:04,System.Runtime,dotnet.process.cpu.time (s / 1 sec)[cpu.mode=system],Rate,0.4432330000000011
06/06/2026 22:44:04,System.Runtime,dotnet.gc.collections ({collection} / 1 sec)[gc.heap.generation=gen2],Rate,1
06/06/2026 22:44:04,System.Runtime,dotnet.gc.collections ({collection} / 1 sec)[gc.heap.generation=gen0],Rate,1
06/06/2026 22:44:04,System.Runtime,dotnet.gc.collections ({collection} / 1 sec)[gc.heap.generation=gen1],Rate,0
06/06/2026 22:44:04,System.Runtime,dotnet.jit.compilation.time (s / 1 sec),Rate,0.0073150000000001825
06/06/2026 22:44:04,System.Runtime,dotnet.process.cpu.count ({cpu}),Metric,4
06/06/2026 22:44:04,System.Runtime,dotnet.exceptions ({exception} / 1 sec)[error.type=CachedInternalErrorException],Rate,0
06/06/2026 22:44:04,System.Runtime,dotnet.exceptions ({exception} / 1 sec)[error.type=CachedSocketException],Rate,0
06/06/2026 22:44:04,System.Runtime,dotnet.exceptions ({exception} / 1 sec)[error.type=SocketException],Rate,0
06/06/2026 22:44:04,System.Runtime,dotnet.exceptions ({exception} / 1 sec)[error.type=CachedNetworkException],Rate,0
06/06/2026 22:44:05,System.Runtime,dotnet.thread_pool.work_item.count ({work_item} / 1 sec),Rate,100409
06/06/2026 22:44:05,System.Runtime,dotnet.monitor.lock_contentions ({contention} / 1 sec),Rate,391
06/06/2026 22:44:05,System.Runtime,dotnet.gc.last_collection.heap.fragmentation.size (By)[gc.heap.generation=poh],Metric,560
06/06/2026 22:44:05,System.Runtime,dotnet.gc.last_collection.heap.fragmentation.size (By)[gc.heap.generation=loh],Metric,280736
06/06/2026 22:44:05,System.Runtime,dotnet.gc.last_collection.heap.fragmentation.size (By)[gc.heap.generation=gen2],Metric,2150256
06/06/2026 22:44:05,System.Runtime,dotnet.gc.last_collection.heap.fragmentation.size (By)[gc.heap.generation=gen1],Metric,285992
06/06/2026 22:44:05,System.Runtime,dotnet.gc.last_collection.heap.fragmentation.size (By)[gc.heap.generation=gen0],Metric,1627928
06/06/2026 22:44:05,System.Runtime,dotnet.gc.pause.time (s / 1 sec),Rate,0
06/06/2026 22:44:05,System.Runtime,dotnet.gc.last_collection.memory.committed_size (By),Metric,393805824
06/06/2026 22:44:05,System.Runtime,dotnet.assembly.count ({assembly}),Metric,54
06/06/2026 22:44:05,System.Runtime,dotnet.thread_pool.queue.length ({work_item} / 1 sec),Rate,2
06/06/2026 22:44:05,System.Runtime,dotnet.jit.compiled_methods ({method} / 1 sec),Rate,10
06/06/2026 22:44:05,System.Runtime,dotnet.jit.compiled_il.size (By / 1 sec),Rate,1271
06/06/2026 22:44:05,System.Runtime,dotnet.gc.heap.total_allocated (By / 1 sec),Rate,29041312
06/06/2026 22:44:05,System.Runtime,dotnet.process.memory.working_set (By),Metric,459407360
06/06/2026 22:44:05,System.Runtime,dotnet.thread_pool.thread.count ({thread} / 1 sec),Rate,0
06/06/2026 22:44:05,System.Runtime,dotnet.gc.last_collection.heap.size (By)[gc.heap.generation=poh],Metric,187473280
06/06/2026 22:44:05,System.Runtime,dotnet.gc.last_collection.heap.size (By)[gc.heap.generation=loh],Metric,3219872
06/06/2026 22:44:05,System.Runtime,dotnet.gc.last_collection.heap.size (By)[gc.heap.generation=gen2],Metric,101055920
06/06/2026 22:44:05,System.Runtime,dotnet.gc.last_collection.heap.size (By)[gc.heap.generation=gen1],Metric,13028864
06/06/2026 22:44:05,System.Runtime,dotnet.gc.last_collection.heap.size (By)[gc.heap.generation=gen0],Metric,2039552
06/06/2026 22:44:05,System.Runtime,dotnet.timer.count ({timer}),Metric,28
06/06/2026 22:44:05,System.Runtime,dotnet.process.cpu.time (s / 1 sec)[cpu.mode=user],Rate,2.133271999999998
06/06/2026 22:44:05,System.Runtime,dotnet.process.cpu.time (s / 1 sec)[cpu.mode=system],Rate,0.5596490000000003
06/06/2026 22:44:05,System.Runtime,dotnet.gc.collections ({collection} / 1 sec)[gc.heap.generation=gen2],Rate,0
06/06/2026 22:44:05,System.Runtime,dotnet.gc.collections ({collection} / 1 sec)[gc.heap.generation=gen0],Rate,0
06/06/2026 22:44:05,System.Runtime,dotnet.gc.collections ({collection} / 1 sec)[gc.heap.generation=gen1],Rate,0
06/06/2026 22:44:05,System.Runtime,dotnet.jit.compilation.time (s / 1 sec),Rate,0.006129600000000401
06/06/2026 22:44:05,System.Runtime,dotnet.process.cpu.count ({cpu}),Metric,4
06/06/2026 22:44:05,System.Runtime,dotnet.exceptions ({exception} / 1 sec)[error.type=CachedInternalErrorException],Rate,0
06/06/2026 22:44:05,System.Runtime,dotnet.exceptions ({exception} / 1 sec)[error.type=CachedSocketException],Rate,0
06/06/2026 22:44:05,System.Runtime,dotnet.exceptions ({exception} / 1 sec)[error.type=SocketException],Rate,0
06/06/2026 22:44:05,System.Runtime,dotnet.exceptions ({exception} / 1 sec)[error.type=CachedNetworkException],Rate,0
06/06/2026 22:44:06,System.Runtime,dotnet.thread_pool.work_item.count ({work_item} / 1 sec),Rate,98665
06/06/2026 22:44:06,System.Runtime,dotnet.monitor.lock_contentions ({contention} / 1 sec),Rate,416
06/06/2026 22:44:06,System.Runtime,dotnet.gc.last_collection.heap.fragmentation.size (By)[gc.heap.generation=poh],Metric,560
06/06/2026 22:44:06,System.Runtime,dotnet.gc.last_collection.heap.fragmentation.size (By)[gc.heap.generation=loh],Metric,280736
06/06/2026 22:44:06,System.Runtime,dotnet.gc.last_collection.heap.fragmentation.size (By)[gc.heap.generation=gen2],Metric,1365960
06/06/2026 22:44:06,System.Runtime,dotnet.gc.last_collection.heap.fragmentation.size (By)[gc.heap.generation=gen1],Metric,360
06/06/2026 22:44:06,System.Runtime,dotnet.gc.last_collection.heap.fragmentation.size (By)[gc.heap.generation=gen0],Metric,0
06/06/2026 22:44:06,System.Runtime,dotnet.gc.pause.time (s / 1 sec),Rate,0.04539800000000005
06/06/2026 22:44:06,System.Runtime,dotnet.gc.last_collection.memory.committed_size (By),Metric,398819328
06/06/2026 22:44:06,System.Runtime,dotnet.assembly.count ({assembly}),Metric,54
06/06/2026 22:44:06,System.Runtime,dotnet.thread_pool.queue.length ({work_item} / 1 sec),Rate,80
06/06/2026 22:44:06,System.Runtime,dotnet.jit.compiled_methods ({method} / 1 sec),Rate,35
06/06/2026 22:44:06,System.Runtime,dotnet.jit.compiled_il.size (By / 1 sec),Rate,1080
06/06/2026 22:44:06,System.Runtime,dotnet.gc.heap.total_allocated (By / 1 sec),Rate,29370256
06/06/2026 22:44:06,System.Runtime,dotnet.process.memory.working_set (By),Metric,464650240
06/06/2026 22:44:06,System.Runtime,dotnet.thread_pool.thread.count ({thread} / 1 sec),Rate,0
06/06/2026 22:44:06,System.Runtime,dotnet.gc.last_collection.heap.size (By)[gc.heap.generation=poh],Metric,187473280
06/06/2026 22:44:06,System.Runtime,dotnet.gc.last_collection.heap.size (By)[gc.heap.generation=loh],Metric,3219872
06/06/2026 22:44:06,System.Runtime,dotnet.gc.last_collection.heap.size (By)[gc.heap.generation=gen2],Metric,113002240
06/06/2026 22:44:06,System.Runtime,dotnet.gc.last_collection.heap.size (By)[gc.heap.generation=gen1],Metric,15168
06/06/2026 22:44:06,System.Runtime,dotnet.gc.last_collection.heap.size (By)[gc.heap.generation=gen0],Metric,0
06/06/2026 22:44:06,System.Runtime,dotnet.timer.count ({timer}),Metric,27
06/06/2026 22:44:06,System.Runtime,dotnet.process.cpu.time (s / 1 sec)[cpu.mode=user],Rate,2.1713670000000036
06/06/2026 22:44:06,System.Runtime,dotnet.process.cpu.time (s / 1 sec)[cpu.mode=system],Rate,0.5317249999999998
06/06/2026 22:44:06,System.Runtime,dotnet.gc.collections ({collection} / 1 sec)[gc.heap.generation=gen2],Rate,0
06/06/2026 22:44:06,System.Runtime,dotnet.gc.collections ({collection} / 1 sec)[gc.heap.generation=gen0],Rate,0
06/06/2026 22:44:06,System.Runtime,dotnet.gc.collections ({collection} / 1 sec)[gc.heap.generation=gen1],Rate,1
06/06/2026 22:44:06,System.Runtime,dotnet.jit.compilation.time (s / 1 sec),Rate,0.009051699999999663
06/06/2026 22:44:06,System.Runtime,dotnet.process.cpu.count ({cpu}),Metric,4
06/06/2026 22:44:06,System.Runtime,dotnet.exceptions ({exception} / 1 sec)[error.type=CachedInternalErrorException],Rate,0
06/06/2026 22:44:06,System.Runtime,dotnet.exceptions ({exception} / 1 sec)[error.type=CachedSocketException],Rate,0
06/06/2026 22:44:06,System.Runtime,dotnet.exceptions ({exception} / 1 sec)[error.type=SocketException],Rate,0
06/06/2026 22:44:06,System.Runtime,dotnet.exceptions ({exception} / 1 sec)[error.type=CachedNetworkException],Rate,0
06/06/2026 22:44:07,System.Runtime,dotnet.thread_pool.work_item.count ({work_item} / 1 sec),Rate,97614
06/06/2026 22:44:07,System.Runtime,dotnet.monitor.lock_contentions ({contention} / 1 sec),Rate,589
06/06/2026 22:44:07,System.Runtime,dotnet.gc.last_collection.heap.fragmentation.size (By)[gc.heap.generation=poh],Metric,560
06/06/2026 22:44:07,System.Runtime,dotnet.gc.last_collection.heap.fragmentation.size (By)[gc.heap.generation=loh],Metric,280736
06/06/2026 22:44:07,System.Runtime,dotnet.gc.last_collection.heap.fragmentation.size (By)[gc.heap.generation=gen2],Metric,1365960
06/06/2026 22:44:07,System.Runtime,dotnet.gc.last_collection.heap.fragmentation.size (By)[gc.heap.generation=gen1],Metric,360
06/06/2026 22:44:07,System.Runtime,dotnet.gc.last_collection.heap.fragmentation.size (By)[gc.heap.generation=gen0],Metric,0
06/06/2026 22:44:07,System.Runtime,dotnet.gc.pause.time (s / 1 sec),Rate,0
06/06/2026 22:44:07,System.Runtime,dotnet.gc.last_collection.memory.committed_size (By),Metric,398819328
06/06/2026 22:44:07,System.Runtime,dotnet.assembly.count ({assembly}),Metric,54
06/06/2026 22:44:07,System.Runtime,dotnet.thread_pool.queue.length ({work_item} / 1 sec),Rate,-113
06/06/2026 22:44:07,System.Runtime,dotnet.jit.compiled_methods ({method} / 1 sec),Rate,9
06/06/2026 22:44:07,System.Runtime,dotnet.jit.compiled_il.size (By / 1 sec),Rate,465
06/06/2026 22:44:07,System.Runtime,dotnet.gc.heap.total_allocated (By / 1 sec),Rate,29655808
06/06/2026 22:44:07,System.Runtime,dotnet.process.memory.working_set (By),Metric,470417408
06/06/2026 22:44:07,System.Runtime,dotnet.thread_pool.thread.count ({thread} / 1 sec),Rate,0
06/06/2026 22:44:07,System.Runtime,dotnet.gc.last_collection.heap.size (By)[gc.heap.generation=poh],Metric,187473280
06/06/2026 22:44:07,System.Runtime,dotnet.gc.last_collection.heap.size (By)[gc.heap.generation=loh],Metric,3219872
06/06/2026 22:44:07,System.Runtime,dotnet.gc.last_collection.heap.size (By)[gc.heap.generation=gen2],Metric,113002240
06/06/2026 22:44:07,System.Runtime,dotnet.gc.last_collection.heap.size (By)[gc.heap.generation=gen1],Metric,15168
06/06/2026 22:44:07,System.Runtime,dotnet.gc.last_collection.heap.size (By)[gc.heap.generation=gen0],Metric,0
06/06/2026 22:44:07,System.Runtime,dotnet.timer.count ({timer}),Metric,28
06/06/2026 22:44:07,System.Runtime,dotnet.process.cpu.time (s / 1 sec)[cpu.mode=user],Rate,1.8810339999999997
06/06/2026 22:44:07,System.Runtime,dotnet.process.cpu.time (s / 1 sec)[cpu.mode=system],Rate,0.46873899999999935
06/06/2026 22:44:07,System.Runtime,dotnet.gc.collections ({collection} / 1 sec)[gc.heap.generation=gen2],Rate,0
06/06/2026 22:44:07,System.Runtime,dotnet.gc.collections ({collection} / 1 sec)[gc.heap.generation=gen0],Rate,0
06/06/2026 22:44:07,System.Runtime,dotnet.gc.collections ({collection} / 1 sec)[gc.heap.generation=gen1],Rate,0
06/06/2026 22:44:07,System.Runtime,dotnet.jit.compilation.time (s / 1 sec),Rate,0.012159300000000428
06/06/2026 22:44:07,System.Runtime,dotnet.process.cpu.count ({cpu}),Metric,4
06/06/2026 22:44:07,System.Runtime,dotnet.exceptions ({exception} / 1 sec)[error.type=CachedInternalErrorException],Rate,0
06/06/2026 22:44:07,System.Runtime,dotnet.exceptions ({exception} / 1 sec)[error.type=CachedSocketException],Rate,0
06/06/2026 22:44:07,System.Runtime,dotnet.exceptions ({exception} / 1 sec)[error.type=SocketException],Rate,0
06/06/2026 22:44:07,System.Runtime,dotnet.exceptions ({exception} / 1 sec)[error.type=CachedNetworkException],Rate,0
06/06/2026 22:44:08,System.Runtime,dotnet.thread_pool.work_item.count ({work_item} / 1 sec),Rate,84388
06/06/2026 22:44:08,System.Runtime,dotnet.monitor.lock_contentions ({contention} / 1 sec),Rate,461
06/06/2026 22:44:08,System.Runtime,dotnet.gc.last_collection.heap.fragmentation.size (By)[gc.heap.generation=poh],Metric,560
06/06/2026 22:44:08,System.Runtime,dotnet.gc.last_collection.heap.fragmentation.size (By)[gc.heap.generation=loh],Metric,280736
06/06/2026 22:44:08,System.Runtime,dotnet.gc.last_collection.heap.fragmentation.size (By)[gc.heap.generation=gen2],Metric,1365960
06/06/2026 22:44:08,System.Runtime,dotnet.gc.last_collection.heap.fragmentation.size (By)[gc.heap.generation=gen1],Metric,360
06/06/2026 22:44:08,System.Runtime,dotnet.gc.last_collection.heap.fragmentation.size (By)[gc.heap.generation=gen0],Metric,0
06/06/2026 22:44:08,System.Runtime,dotnet.gc.pause.time (s / 1 sec),Rate,0
06/06/2026 22:44:08,System.Runtime,dotnet.gc.last_collection.memory.committed_size (By),Metric,398819328
06/06/2026 22:44:08,System.Runtime,dotnet.assembly.count ({assembly}),Metric,54
06/06/2026 22:44:08,System.Runtime,dotnet.thread_pool.queue.length ({work_item} / 1 sec),Rate,0
06/06/2026 22:44:08,System.Runtime,dotnet.jit.compiled_methods ({method} / 1 sec),Rate,3
06/06/2026 22:44:08,System.Runtime,dotnet.jit.compiled_il.size (By / 1 sec),Rate,511
06/06/2026 22:44:08,System.Runtime,dotnet.gc.heap.total_allocated (By / 1 sec),Rate,26519104
06/06/2026 22:44:08,System.Runtime,dotnet.process.memory.working_set (By),Metric,475136000
06/06/2026 22:44:08,System.Runtime,dotnet.thread_pool.thread.count ({thread} / 1 sec),Rate,0
06/06/2026 22:44:08,System.Runtime,dotnet.gc.last_collection.heap.size (By)[gc.heap.generation=poh],Metric,187473280
06/06/2026 22:44:08,System.Runtime,dotnet.gc.last_collection.heap.size (By)[gc.heap.generation=loh],Metric,3219872
06/06/2026 22:44:08,System.Runtime,dotnet.gc.last_collection.heap.size (By)[gc.heap.generation=gen2],Metric,113002240
06/06/2026 22:44:08,System.Runtime,dotnet.gc.last_collection.heap.size (By)[gc.heap.generation=gen1],Metric,15168
06/06/2026 22:44:08,System.Runtime,dotnet.gc.last_collection.heap.size (By)[gc.heap.generation=gen0],Metric,0
06/06/2026 22:44:08,System.Runtime,dotnet.timer.count ({timer}),Metric,28
06/06/2026 22:44:08,System.Runtime,dotnet.process.cpu.time (s / 1 sec)[cpu.mode=user],Rate,1.5810679999999948
06/06/2026 22:44:08,System.Runtime,dotnet.process.cpu.time (s / 1 sec)[cpu.mode=system],Rate,0.3512140000000006
06/06/2026 22:44:08,System.Runtime,dotnet.gc.collections ({collection} / 1 sec)[gc.heap.generation=gen2],Rate,0
06/06/2026 22:44:08,System.Runtime,dotnet.gc.collections ({collection} / 1 sec)[gc.heap.generation=gen0],Rate,0
06/06/2026 22:44:08,System.Runtime,dotnet.gc.collections ({collection} / 1 sec)[gc.heap.generation=gen1],Rate,0
06/06/2026 22:44:08,System.Runtime,dotnet.jit.compilation.time (s / 1 sec),Rate,0.0035919999999993735
06/06/2026 22:44:08,System.Runtime,dotnet.process.cpu.count ({cpu}),Metric,4
06/06/2026 22:44:08,System.Runtime,dotnet.exceptions ({exception} / 1 sec)[error.type=CachedInternalErrorException],Rate,0
06/06/2026 22:44:08,System.Runtime,dotnet.exceptions ({exception} / 1 sec)[error.type=CachedSocketException],Rate,0
06/06/2026 22:44:08,System.Runtime,dotnet.exceptions ({exception} / 1 sec)[error.type=SocketException],Rate,0
06/06/2026 22:44:08,System.Runtime,dotnet.exceptions ({exception} / 1 sec)[error.type=CachedNetworkException],Rate,0
06/06/2026 22:44:09,System.Runtime,dotnet.thread_pool.work_item.count ({work_item} / 1 sec),Rate,103825
06/06/2026 22:44:09,System.Runtime,dotnet.monitor.lock_contentions ({contention} / 1 sec),Rate,832
06/06/2026 22:44:09,System.Runtime,dotnet.gc.last_collection.heap.fragmentation.size (By)[gc.heap.generation=poh],Metric,560
06/06/2026 22:44:09,System.Runtime,dotnet.gc.last_collection.heap.fragmentation.size (By)[gc.heap.generation=loh],Metric,280736
06/06/2026 22:44:09,System.Runtime,dotnet.gc.last_collection.heap.fragmentation.size (By)[gc.heap.generation=gen2],Metric,1365960
06/06/2026 22:44:09,System.Runtime,dotnet.gc.last_collection.heap.fragmentation.size (By)[gc.heap.generation=gen1],Metric,360
06/06/2026 22:44:09,System.Runtime,dotnet.gc.last_collection.heap.fragmentation.size (By)[gc.heap.generation=gen0],Metric,0
06/06/2026 22:44:09,System.Runtime,dotnet.gc.pause.time (s / 1 sec),Rate,0
06/06/2026 22:44:09,System.Runtime,dotnet.gc.last_collection.memory.committed_size (By),Metric,398819328
06/06/2026 22:44:09,System.Runtime,dotnet.assembly.count ({assembly}),Metric,54
06/06/2026 22:44:09,System.Runtime,dotnet.thread_pool.queue.length ({work_item} / 1 sec),Rate,0
06/06/2026 22:44:09,System.Runtime,dotnet.jit.compiled_methods ({method} / 1 sec),Rate,1
06/06/2026 22:44:09,System.Runtime,dotnet.jit.compiled_il.size (By / 1 sec),Rate,144
06/06/2026 22:44:09,System.Runtime,dotnet.gc.heap.total_allocated (By / 1 sec),Rate,31474984
06/06/2026 22:44:09,System.Runtime,dotnet.process.memory.working_set (By),Metric,489291776
06/06/2026 22:44:09,System.Runtime,dotnet.thread_pool.thread.count ({thread} / 1 sec),Rate,0
06/06/2026 22:44:09,System.Runtime,dotnet.gc.last_collection.heap.size (By)[gc.heap.generation=poh],Metric,187473280
06/06/2026 22:44:09,System.Runtime,dotnet.gc.last_collection.heap.size (By)[gc.heap.generation=loh],Metric,3219872
06/06/2026 22:44:09,System.Runtime,dotnet.gc.last_collection.heap.size (By)[gc.heap.generation=gen2],Metric,113002240
06/06/2026 22:44:09,System.Runtime,dotnet.gc.last_collection.heap.size (By)[gc.heap.generation=gen1],Metric,15168
06/06/2026 22:44:09,System.Runtime,dotnet.gc.last_collection.heap.size (By)[gc.heap.generation=gen0],Metric,0
06/06/2026 22:44:09,System.Runtime,dotnet.timer.count ({timer}),Metric,28
06/06/2026 22:44:09,System.Runtime,dotnet.process.cpu.time (s / 1 sec)[cpu.mode=user],Rate,2.064774
06/06/2026 22:44:09,System.Runtime,dotnet.process.cpu.time (s / 1 sec)[cpu.mode=system],Rate,0.4454519999999995
06/06/2026 22:44:09,System.Runtime,dotnet.gc.collections ({collection} / 1 sec)[gc.heap.generation=gen2],Rate,0
06/06/2026 22:44:09,System.Runtime,dotnet.gc.collections ({collection} / 1 sec)[gc.heap.generation=gen0],Rate,0
06/06/2026 22:44:09,System.Runtime,dotnet.gc.collections ({collection} / 1 sec)[gc.heap.generation=gen1],Rate,0
06/06/2026 22:44:09,System.Runtime,dotnet.jit.compilation.time (s / 1 sec),Rate,0.0011934000000000111
06/06/2026 22:44:09,System.Runtime,dotnet.process.cpu.count ({cpu}),Metric,4
06/06/2026 22:44:09,System.Runtime,dotnet.exceptions ({exception} / 1 sec)[error.type=CachedInternalErrorException],Rate,0
06/06/2026 22:44:09,System.Runtime,dotnet.exceptions ({exception} / 1 sec)[error.type=CachedSocketException],Rate,0
06/06/2026 22:44:09,System.Runtime,dotnet.exceptions ({exception} / 1 sec)[error.type=SocketException],Rate,0
06/06/2026 22:44:09,System.Runtime,dotnet.exceptions ({exception} / 1 sec)[error.type=CachedNetworkException],Rate,0
06/06/2026 22:44:10,System.Runtime,dotnet.thread_pool.work_item.count ({work_item} / 1 sec),Rate,96167
06/06/2026 22:44:10,System.Runtime,dotnet.monitor.lock_contentions ({contention} / 1 sec),Rate,714
06/06/2026 22:44:10,System.Runtime,dotnet.gc.last_collection.heap.fragmentation.size (By)[gc.heap.generation=poh],Metric,560
06/06/2026 22:44:10,System.Runtime,dotnet.gc.last_collection.heap.fragmentation.size (By)[gc.heap.generation=loh],Metric,280736
06/06/2026 22:44:10,System.Runtime,dotnet.gc.last_collection.heap.fragmentation.size (By)[gc.heap.generation=gen2],Metric,1365960
06/06/2026 22:44:10,System.Runtime,dotnet.gc.last_collection.heap.fragmentation.size (By)[gc.heap.generation=gen1],Metric,360
06/06/2026 22:44:10,System.Runtime,dotnet.gc.last_collection.heap.fragmentation.size (By)[gc.heap.generation=gen0],Metric,0
06/06/2026 22:44:10,System.Runtime,dotnet.gc.pause.time (s / 1 sec),Rate,0
06/06/2026 22:44:10,System.Runtime,dotnet.gc.last_collection.memory.committed_size (By),Metric,398819328
06/06/2026 22:44:10,System.Runtime,dotnet.assembly.count ({assembly}),Metric,54
06/06/2026 22:44:10,System.Runtime,dotnet.thread_pool.queue.length ({work_item} / 1 sec),Rate,56
06/06/2026 22:44:10,System.Runtime,dotnet.jit.compiled_methods ({method} / 1 sec),Rate,1
06/06/2026 22:44:10,System.Runtime,dotnet.jit.compiled_il.size (By / 1 sec),Rate,24
06/06/2026 22:44:10,System.Runtime,dotnet.gc.heap.total_allocated (By / 1 sec),Rate,26843016
06/06/2026 22:44:10,System.Runtime,dotnet.process.memory.working_set (By),Metric,508690432
06/06/2026 22:44:10,System.Runtime,dotnet.thread_pool.thread.count ({thread} / 1 sec),Rate,0
06/06/2026 22:44:10,System.Runtime,dotnet.gc.last_collection.heap.size (By)[gc.heap.generation=poh],Metric,187473280
06/06/2026 22:44:10,System.Runtime,dotnet.gc.last_collection.heap.size (By)[gc.heap.generation=loh],Metric,3219872
06/06/2026 22:44:10,System.Runtime,dotnet.gc.last_collection.heap.size (By)[gc.heap.generation=gen2],Metric,113002240
06/06/2026 22:44:10,System.Runtime,dotnet.gc.last_collection.heap.size (By)[gc.heap.generation=gen1],Metric,15168
06/06/2026 22:44:10,System.Runtime,dotnet.gc.last_collection.heap.size (By)[gc.heap.generation=gen0],Metric,0
06/06/2026 22:44:10,System.Runtime,dotnet.timer.count ({timer}),Metric,29
06/06/2026 22:44:10,System.Runtime,dotnet.process.cpu.time (s / 1 sec)[cpu.mode=user],Rate,2.2067360000000065
06/06/2026 22:44:10,System.Runtime,dotnet.process.cpu.time (s / 1 sec)[cpu.mode=system],Rate,0.5231740000000009
06/06/2026 22:44:10,System.Runtime,dotnet.gc.collections ({collection} / 1 sec)[gc.heap.generation=gen2],Rate,0
06/06/2026 22:44:10,System.Runtime,dotnet.gc.collections ({collection} / 1 sec)[gc.heap.generation=gen0],Rate,0
06/06/2026 22:44:10,System.Runtime,dotnet.gc.collections ({collection} / 1 sec)[gc.heap.generation=gen1],Rate,0
06/06/2026 22:44:10,System.Runtime,dotnet.jit.compilation.time (s / 1 sec),Rate,0.0006690000000002527
06/06/2026 22:44:10,System.Runtime,dotnet.process.cpu.count ({cpu}),Metric,4
06/06/2026 22:44:10,System.Runtime,dotnet.exceptions ({exception} / 1 sec)[error.type=CachedInternalErrorException],Rate,0
06/06/2026 22:44:10,System.Runtime,dotnet.exceptions ({exception} / 1 sec)[error.type=CachedSocketException],Rate,0
06/06/2026 22:44:10,System.Runtime,dotnet.exceptions ({exception} / 1 sec)[error.type=SocketException],Rate,0
06/06/2026 22:44:10,System.Runtime,dotnet.exceptions ({exception} / 1 sec)[error.type=CachedNetworkException],Rate,0
06/06/2026 22:44:11,System.Runtime,dotnet.thread_pool.work_item.count ({work_item} / 1 sec),Rate,102420
06/06/2026 22:44:11,System.Runtime,dotnet.monitor.lock_contentions ({contention} / 1 sec),Rate,1075
06/06/2026 22:44:11,System.Runtime,dotnet.gc.last_collection.heap.fragmentation.size (By)[gc.heap.generation=poh],Metric,560
06/06/2026 22:44:11,System.Runtime,dotnet.gc.last_collection.heap.fragmentation.size (By)[gc.heap.generation=loh],Metric,280736
06/06/2026 22:44:11,System.Runtime,dotnet.gc.last_collection.heap.fragmentation.size (By)[gc.heap.generation=gen2],Metric,1365960
06/06/2026 22:44:11,System.Runtime,dotnet.gc.last_collection.heap.fragmentation.size (By)[gc.heap.generation=gen1],Metric,360
06/06/2026 22:44:11,System.Runtime,dotnet.gc.last_collection.heap.fragmentation.size (By)[gc.heap.generation=gen0],Metric,0
06/06/2026 22:44:11,System.Runtime,dotnet.gc.pause.time (s / 1 sec),Rate,0
06/06/2026 22:44:11,System.Runtime,dotnet.gc.last_collection.memory.committed_size (By),Metric,398819328
06/06/2026 22:44:11,System.Runtime,dotnet.assembly.count ({assembly}),Metric,54
06/06/2026 22:44:11,System.Runtime,dotnet.thread_pool.queue.length ({work_item} / 1 sec),Rate,-56
06/06/2026 22:44:11,System.Runtime,dotnet.jit.compiled_methods ({method} / 1 sec),Rate,1
06/06/2026 22:44:11,System.Runtime,dotnet.jit.compiled_il.size (By / 1 sec),Rate,6
06/06/2026 22:44:11,System.Runtime,dotnet.gc.heap.total_allocated (By / 1 sec),Rate,30599472
06/06/2026 22:44:11,System.Runtime,dotnet.process.memory.working_set (By),Metric,539623424
06/06/2026 22:44:11,System.Runtime,dotnet.thread_pool.thread.count ({thread} / 1 sec),Rate,0
06/06/2026 22:44:11,System.Runtime,dotnet.gc.last_collection.heap.size (By)[gc.heap.generation=poh],Metric,187473280
06/06/2026 22:44:11,System.Runtime,dotnet.gc.last_collection.heap.size (By)[gc.heap.generation=loh],Metric,3219872
06/06/2026 22:44:11,System.Runtime,dotnet.gc.last_collection.heap.size (By)[gc.heap.generation=gen2],Metric,113002240
06/06/2026 22:44:11,System.Runtime,dotnet.gc.last_collection.heap.size (By)[gc.heap.generation=gen1],Metric,15168
06/06/2026 22:44:11,System.Runtime,dotnet.gc.last_collection.heap.size (By)[gc.heap.generation=gen0],Metric,0
06/06/2026 22:44:11,System.Runtime,dotnet.timer.count ({timer}),Metric,28
06/06/2026 22:44:11,System.Runtime,dotnet.process.cpu.time (s / 1 sec)[cpu.mode=user],Rate,2.024282999999997
06/06/2026 22:44:11,System.Runtime,dotnet.process.cpu.time (s / 1 sec)[cpu.mode=system],Rate,0.5298029999999994
06/06/2026 22:44:11,System.Runtime,dotnet.gc.collections ({collection} / 1 sec)[gc.heap.generation=gen2],Rate,0
06/06/2026 22:44:11,System.Runtime,dotnet.gc.collections ({collection} / 1 sec)[gc.heap.generation=gen0],Rate,0
06/06/2026 22:44:11,System.Runtime,dotnet.gc.collections ({collection} / 1 sec)[gc.heap.generation=gen1],Rate,0
06/06/2026 22:44:11,System.Runtime,dotnet.jit.compilation.time (s / 1 sec),Rate,0.0001980000000001425
06/06/2026 22:44:11,System.Runtime,dotnet.process.cpu.count ({cpu}),Metric,4
06/06/2026 22:44:11,System.Runtime,dotnet.exceptions ({exception} / 1 sec)[error.type=CachedInternalErrorException],Rate,0
06/06/2026 22:44:11,System.Runtime,dotnet.exceptions ({exception} / 1 sec)[error.type=CachedSocketException],Rate,0
06/06/2026 22:44:11,System.Runtime,dotnet.exceptions ({exception} / 1 sec)[error.type=SocketException],Rate,0
06/06/2026 22:44:11,System.Runtime,dotnet.exceptions ({exception} / 1 sec)[error.type=CachedNetworkException],Rate,0
06/06/2026 22:44:12,System.Runtime,dotnet.thread_pool.work_item.count ({work_item} / 1 sec),Rate,47498
06/06/2026 22:44:12,System.Runtime,dotnet.monitor.lock_contentions ({contention} / 1 sec),Rate,269
06/06/2026 22:44:12,System.Runtime,dotnet.gc.last_collection.heap.fragmentation.size (By)[gc.heap.generation=poh],Metric,560
06/06/2026 22:44:12,System.Runtime,dotnet.gc.last_collection.heap.fragmentation.size (By)[gc.heap.generation=loh],Metric,280736
06/06/2026 22:44:12,System.Runtime,dotnet.gc.last_collection.heap.fragmentation.size (By)[gc.heap.generation=gen2],Metric,1365960
06/06/2026 22:44:12,System.Runtime,dotnet.gc.last_collection.heap.fragmentation.size (By)[gc.heap.generation=gen1],Metric,53424
06/06/2026 22:44:12,System.Runtime,dotnet.gc.last_collection.heap.fragmentation.size (By)[gc.heap.generation=gen0],Metric,0
06/06/2026 22:44:12,System.Runtime,dotnet.gc.pause.time (s / 1 sec),Rate,0.02467699999999995
06/06/2026 22:44:12,System.Runtime,dotnet.gc.last_collection.memory.committed_size (By),Metric,497926144
06/06/2026 22:44:12,System.Runtime,dotnet.assembly.count ({assembly}),Metric,54
06/06/2026 22:44:12,System.Runtime,dotnet.thread_pool.queue.length ({work_item} / 1 sec),Rate,0
06/06/2026 22:44:12,System.Runtime,dotnet.jit.compiled_methods ({method} / 1 sec),Rate,183
06/06/2026 22:44:12,System.Runtime,dotnet.jit.compiled_il.size (By / 1 sec),Rate,16435
06/06/2026 22:44:12,System.Runtime,dotnet.gc.heap.total_allocated (By / 1 sec),Rate,47344000
06/06/2026 22:44:12,System.Runtime,dotnet.process.memory.working_set (By),Metric,562692096
06/06/2026 22:44:12,System.Runtime,dotnet.thread_pool.thread.count ({thread} / 1 sec),Rate,0
06/06/2026 22:44:12,System.Runtime,dotnet.gc.last_collection.heap.size (By)[gc.heap.generation=poh],Metric,187473280
06/06/2026 22:44:12,System.Runtime,dotnet.gc.last_collection.heap.size (By)[gc.heap.generation=loh],Metric,3219872
06/06/2026 22:44:12,System.Runtime,dotnet.gc.last_collection.heap.size (By)[gc.heap.generation=gen2],Metric,113002240
06/06/2026 22:44:12,System.Runtime,dotnet.gc.last_collection.heap.size (By)[gc.heap.generation=gen1],Metric,3174472
06/06/2026 22:44:12,System.Runtime,dotnet.gc.last_collection.heap.size (By)[gc.heap.generation=gen0],Metric,0
06/06/2026 22:44:12,System.Runtime,dotnet.timer.count ({timer}),Metric,28
06/06/2026 22:44:12,System.Runtime,dotnet.process.cpu.time (s / 1 sec)[cpu.mode=user],Rate,1.3991570000000024
06/06/2026 22:44:12,System.Runtime,dotnet.process.cpu.time (s / 1 sec)[cpu.mode=system],Rate,0.4930799999999991
06/06/2026 22:44:12,System.Runtime,dotnet.gc.collections ({collection} / 1 sec)[gc.heap.generation=gen2],Rate,0
06/06/2026 22:44:12,System.Runtime,dotnet.gc.collections ({collection} / 1 sec)[gc.heap.generation=gen0],Rate,1
06/06/2026 22:44:12,System.Runtime,dotnet.gc.collections ({collection} / 1 sec)[gc.heap.generation=gen1],Rate,0
06/06/2026 22:44:12,System.Runtime,dotnet.jit.compilation.time (s / 1 sec),Rate,0.2919790999999998
06/06/2026 22:44:12,System.Runtime,dotnet.process.cpu.count ({cpu}),Metric,4
06/06/2026 22:44:12,System.Runtime,dotnet.exceptions ({exception} / 1 sec)[error.type=CachedInternalErrorException],Rate,0
06/06/2026 22:44:12,System.Runtime,dotnet.exceptions ({exception} / 1 sec)[error.type=CachedSocketException],Rate,0
06/06/2026 22:44:12,System.Runtime,dotnet.exceptions ({exception} / 1 sec)[error.type=SocketException],Rate,0
06/06/2026 22:44:12,System.Runtime,dotnet.exceptions ({exception} / 1 sec)[error.type=CachedNetworkException],Rate,20000
06/06/2026 22:44:13,System.Runtime,dotnet.thread_pool.work_item.count ({work_item} / 1 sec),Rate,321
06/06/2026 22:44:13,System.Runtime,dotnet.monitor.lock_contentions ({contention} / 1 sec),Rate,0
06/06/2026 22:44:13,System.Runtime,dotnet.gc.last_collection.heap.fragmentation.size (By)[gc.heap.generation=poh],Metric,560
06/06/2026 22:44:13,System.Runtime,dotnet.gc.last_collection.heap.fragmentation.size (By)[gc.heap.generation=loh],Metric,280736
06/06/2026 22:44:13,System.Runtime,dotnet.gc.last_collection.heap.fragmentation.size (By)[gc.heap.generation=gen2],Metric,1365960
06/06/2026 22:44:13,System.Runtime,dotnet.gc.last_collection.heap.fragmentation.size (By)[gc.heap.generation=gen1],Metric,53424
06/06/2026 22:44:13,System.Runtime,dotnet.gc.last_collection.heap.fragmentation.size (By)[gc.heap.generation=gen0],Metric,0
06/06/2026 22:44:13,System.Runtime,dotnet.gc.pause.time (s / 1 sec),Rate,0
06/06/2026 22:44:13,System.Runtime,dotnet.gc.last_collection.memory.committed_size (By),Metric,497926144
06/06/2026 22:44:13,System.Runtime,dotnet.assembly.count ({assembly}),Metric,54
06/06/2026 22:44:13,System.Runtime,dotnet.thread_pool.queue.length ({work_item} / 1 sec),Rate,0
06/06/2026 22:44:13,System.Runtime,dotnet.jit.compiled_methods ({method} / 1 sec),Rate,6
06/06/2026 22:44:13,System.Runtime,dotnet.jit.compiled_il.size (By / 1 sec),Rate,101
06/06/2026 22:44:13,System.Runtime,dotnet.gc.heap.total_allocated (By / 1 sec),Rate,295128
06/06/2026 22:44:13,System.Runtime,dotnet.process.memory.working_set (By),Metric,562692096
06/06/2026 22:44:13,System.Runtime,dotnet.thread_pool.thread.count ({thread} / 1 sec),Rate,0
06/06/2026 22:44:13,System.Runtime,dotnet.gc.last_collection.heap.size (By)[gc.heap.generation=poh],Metric,187473280
06/06/2026 22:44:13,System.Runtime,dotnet.gc.last_collection.heap.size (By)[gc.heap.generation=loh],Metric,3219872
06/06/2026 22:44:13,System.Runtime,dotnet.gc.last_collection.heap.size (By)[gc.heap.generation=gen2],Metric,113002240
06/06/2026 22:44:13,System.Runtime,dotnet.gc.last_collection.heap.size (By)[gc.heap.generation=gen1],Metric,3174472
06/06/2026 22:44:13,System.Runtime,dotnet.gc.last_collection.heap.size (By)[gc.heap.generation=gen0],Metric,0
06/06/2026 22:44:13,System.Runtime,dotnet.timer.count ({timer}),Metric,28
06/06/2026 22:44:13,System.Runtime,dotnet.process.cpu.time (s / 1 sec)[cpu.mode=user],Rate,0.017247999999995045
06/06/2026 22:44:13,System.Runtime,dotnet.process.cpu.time (s / 1 sec)[cpu.mode=system],Rate,0.004678000000000182
06/06/2026 22:44:13,System.Runtime,dotnet.gc.collections ({collection} / 1 sec)[gc.heap.generation=gen2],Rate,0
06/06/2026 22:44:13,System.Runtime,dotnet.gc.collections ({collection} / 1 sec)[gc.heap.generation=gen0],Rate,0
06/06/2026 22:44:13,System.Runtime,dotnet.gc.collections ({collection} / 1 sec)[gc.heap.generation=gen1],Rate,0
06/06/2026 22:44:13,System.Runtime,dotnet.jit.compilation.time (s / 1 sec),Rate,0.003952800000000423
06/06/2026 22:44:13,System.Runtime,dotnet.process.cpu.count ({cpu}),Metric,4
06/06/2026 22:44:13,System.Runtime,dotnet.exceptions ({exception} / 1 sec)[error.type=CachedInternalErrorException],Rate,0
06/06/2026 22:44:13,System.Runtime,dotnet.exceptions ({exception} / 1 sec)[error.type=CachedSocketException],Rate,0
06/06/2026 22:44:13,System.Runtime,dotnet.exceptions ({exception} / 1 sec)[error.type=SocketException],Rate,0
06/06/2026 22:44:13,System.Runtime,dotnet.exceptions ({exception} / 1 sec)[error.type=CachedNetworkException],Rate,0
06/06/2026 22:44:14,System.Runtime,dotnet.thread_pool.work_item.count ({work_item} / 1 sec),Rate,325
06/06/2026 22:44:14,System.Runtime,dotnet.monitor.lock_contentions ({contention} / 1 sec),Rate,12
06/06/2026 22:44:14,System.Runtime,dotnet.gc.last_collection.heap.fragmentation.size (By)[gc.heap.generation=poh],Metric,560
06/06/2026 22:44:14,System.Runtime,dotnet.gc.last_collection.heap.fragmentation.size (By)[gc.heap.generation=loh],Metric,280736
06/06/2026 22:44:14,System.Runtime,dotnet.gc.last_collection.heap.fragmentation.size (By)[gc.heap.generation=gen2],Metric,1365960
06/06/2026 22:44:14,System.Runtime,dotnet.gc.last_collection.heap.fragmentation.size (By)[gc.heap.generation=gen1],Metric,53424
06/06/2026 22:44:14,System.Runtime,dotnet.gc.last_collection.heap.fragmentation.size (By)[gc.heap.generation=gen0],Metric,0
06/06/2026 22:44:14,System.Runtime,dotnet.gc.pause.time (s / 1 sec),Rate,0
06/06/2026 22:44:14,System.Runtime,dotnet.gc.last_collection.memory.committed_size (By),Metric,497926144
06/06/2026 22:44:14,System.Runtime,dotnet.assembly.count ({assembly}),Metric,54
06/06/2026 22:44:14,System.Runtime,dotnet.thread_pool.queue.length ({work_item} / 1 sec),Rate,0
06/06/2026 22:44:14,System.Runtime,dotnet.jit.compiled_methods ({method} / 1 sec),Rate,35
06/06/2026 22:44:14,System.Runtime,dotnet.jit.compiled_il.size (By / 1 sec),Rate,4617
06/06/2026 22:44:14,System.Runtime,dotnet.gc.heap.total_allocated (By / 1 sec),Rate,362984
06/06/2026 22:44:14,System.Runtime,dotnet.process.memory.working_set (By),Metric,565313536
06/06/2026 22:44:14,System.Runtime,dotnet.thread_pool.thread.count ({thread} / 1 sec),Rate,0
06/06/2026 22:44:14,System.Runtime,dotnet.gc.last_collection.heap.size (By)[gc.heap.generation=poh],Metric,187473280
06/06/2026 22:44:14,System.Runtime,dotnet.gc.last_collection.heap.size (By)[gc.heap.generation=loh],Metric,3219872
06/06/2026 22:44:14,System.Runtime,dotnet.gc.last_collection.heap.size (By)[gc.heap.generation=gen2],Metric,113002240
06/06/2026 22:44:14,System.Runtime,dotnet.gc.last_collection.heap.size (By)[gc.heap.generation=gen1],Metric,3174472
06/06/2026 22:44:14,System.Runtime,dotnet.gc.last_collection.heap.size (By)[gc.heap.generation=gen0],Metric,0
06/06/2026 22:44:14,System.Runtime,dotnet.timer.count ({timer}),Metric,28
06/06/2026 22:44:14,System.Runtime,dotnet.process.cpu.time (s / 1 sec)[cpu.mode=user],Rate,0.08795300000000594
06/06/2026 22:44:14,System.Runtime,dotnet.process.cpu.time (s / 1 sec)[cpu.mode=system],Rate,0.004269999999999996
06/06/2026 22:44:14,System.Runtime,dotnet.gc.collections ({collection} / 1 sec)[gc.heap.generation=gen2],Rate,0
06/06/2026 22:44:14,System.Runtime,dotnet.gc.collections ({collection} / 1 sec)[gc.heap.generation=gen0],Rate,0
06/06/2026 22:44:14,System.Runtime,dotnet.gc.collections ({collection} / 1 sec)[gc.heap.generation=gen1],Rate,0
06/06/2026 22:44:14,System.Runtime,dotnet.jit.compilation.time (s / 1 sec),Rate,0.06038379999999943
06/06/2026 22:44:14,System.Runtime,dotnet.process.cpu.count ({cpu}),Metric,4
06/06/2026 22:44:14,System.Runtime,dotnet.exceptions ({exception} / 1 sec)[error.type=CachedInternalErrorException],Rate,0
06/06/2026 22:44:14,System.Runtime,dotnet.exceptions ({exception} / 1 sec)[error.type=CachedSocketException],Rate,0
06/06/2026 22:44:14,System.Runtime,dotnet.exceptions ({exception} / 1 sec)[error.type=SocketException],Rate,0
06/06/2026 22:44:14,System.Runtime,dotnet.exceptions ({exception} / 1 sec)[error.type=CachedNetworkException],Rate,0
06/06/2026 22:44:15,System.Runtime,dotnet.thread_pool.work_item.count ({work_item} / 1 sec),Rate,1595
06/06/2026 22:44:15,System.Runtime,dotnet.monitor.lock_contentions ({contention} / 1 sec),Rate,8
06/06/2026 22:44:15,System.Runtime,dotnet.gc.last_collection.heap.fragmentation.size (By)[gc.heap.generation=poh],Metric,560
06/06/2026 22:44:15,System.Runtime,dotnet.gc.last_collection.heap.fragmentation.size (By)[gc.heap.generation=loh],Metric,280736
06/06/2026 22:44:15,System.Runtime,dotnet.gc.last_collection.heap.fragmentation.size (By)[gc.heap.generation=gen2],Metric,1365960
06/06/2026 22:44:15,System.Runtime,dotnet.gc.last_collection.heap.fragmentation.size (By)[gc.heap.generation=gen1],Metric,53424
06/06/2026 22:44:15,System.Runtime,dotnet.gc.last_collection.heap.fragmentation.size (By)[gc.heap.generation=gen0],Metric,0
06/06/2026 22:44:15,System.Runtime,dotnet.gc.pause.time (s / 1 sec),Rate,0
06/06/2026 22:44:15,System.Runtime,dotnet.gc.last_collection.memory.committed_size (By),Metric,497926144
06/06/2026 22:44:15,System.Runtime,dotnet.assembly.count ({assembly}),Metric,54
06/06/2026 22:44:15,System.Runtime,dotnet.thread_pool.queue.length ({work_item} / 1 sec),Rate,64
06/06/2026 22:44:15,System.Runtime,dotnet.jit.compiled_methods ({method} / 1 sec),Rate,23
06/06/2026 22:44:15,System.Runtime,dotnet.jit.compiled_il.size (By / 1 sec),Rate,1000
06/06/2026 22:44:15,System.Runtime,dotnet.gc.heap.total_allocated (By / 1 sec),Rate,1602656
06/06/2026 22:44:15,System.Runtime,dotnet.process.memory.working_set (By),Metric,565313536
06/06/2026 22:44:15,System.Runtime,dotnet.thread_pool.thread.count ({thread} / 1 sec),Rate,0
06/06/2026 22:44:15,System.Runtime,dotnet.gc.last_collection.heap.size (By)[gc.heap.generation=poh],Metric,187473280
06/06/2026 22:44:15,System.Runtime,dotnet.gc.last_collection.heap.size (By)[gc.heap.generation=loh],Metric,3219872
06/06/2026 22:44:15,System.Runtime,dotnet.gc.last_collection.heap.size (By)[gc.heap.generation=gen2],Metric,113002240
06/06/2026 22:44:15,System.Runtime,dotnet.gc.last_collection.heap.size (By)[gc.heap.generation=gen1],Metric,3174472
06/06/2026 22:44:15,System.Runtime,dotnet.gc.last_collection.heap.size (By)[gc.heap.generation=gen0],Metric,0
06/06/2026 22:44:15,System.Runtime,dotnet.timer.count ({timer}),Metric,28
06/06/2026 22:44:15,System.Runtime,dotnet.process.cpu.time (s / 1 sec)[cpu.mode=user],Rate,0.14822299999999444
06/06/2026 22:44:15,System.Runtime,dotnet.process.cpu.time (s / 1 sec)[cpu.mode=system],Rate,0.021920000000001494
06/06/2026 22:44:15,System.Runtime,dotnet.gc.collections ({collection} / 1 sec)[gc.heap.generation=gen2],Rate,0
06/06/2026 22:44:15,System.Runtime,dotnet.gc.collections ({collection} / 1 sec)[gc.heap.generation=gen0],Rate,0
06/06/2026 22:44:15,System.Runtime,dotnet.gc.collections ({collection} / 1 sec)[gc.heap.generation=gen1],Rate,0
06/06/2026 22:44:15,System.Runtime,dotnet.jit.compilation.time (s / 1 sec),Rate,0.009405800000000575
06/06/2026 22:44:15,System.Runtime,dotnet.process.cpu.count ({cpu}),Metric,4
06/06/2026 22:44:15,System.Runtime,dotnet.exceptions ({exception} / 1 sec)[error.type=CachedInternalErrorException],Rate,0
06/06/2026 22:44:15,System.Runtime,dotnet.exceptions ({exception} / 1 sec)[error.type=CachedSocketException],Rate,0
06/06/2026 22:44:15,System.Runtime,dotnet.exceptions ({exception} / 1 sec)[error.type=SocketException],Rate,176
06/06/2026 22:44:15,System.Runtime,dotnet.exceptions ({exception} / 1 sec)[error.type=CachedNetworkException],Rate,0
06/06/2026 22:44:16,System.Runtime,dotnet.thread_pool.work_item.count ({work_item} / 1 sec),Rate,31307
06/06/2026 22:44:16,System.Runtime,dotnet.monitor.lock_contentions ({contention} / 1 sec),Rate,50
06/06/2026 22:44:16,System.Runtime,dotnet.gc.last_collection.heap.fragmentation.size (By)[gc.heap.generation=poh],Metric,560
06/06/2026 22:44:16,System.Runtime,dotnet.gc.last_collection.heap.fragmentation.size (By)[gc.heap.generation=loh],Metric,280736
06/06/2026 22:44:16,System.Runtime,dotnet.gc.last_collection.heap.fragmentation.size (By)[gc.heap.generation=gen2],Metric,1365960
06/06/2026 22:44:16,System.Runtime,dotnet.gc.last_collection.heap.fragmentation.size (By)[gc.heap.generation=gen1],Metric,53424
06/06/2026 22:44:16,System.Runtime,dotnet.gc.last_collection.heap.fragmentation.size (By)[gc.heap.generation=gen0],Metric,0
06/06/2026 22:44:16,System.Runtime,dotnet.gc.pause.time (s / 1 sec),Rate,0
06/06/2026 22:44:16,System.Runtime,dotnet.gc.last_collection.memory.committed_size (By),Metric,497926144
06/06/2026 22:44:16,System.Runtime,dotnet.assembly.count ({assembly}),Metric,54
06/06/2026 22:44:16,System.Runtime,dotnet.thread_pool.queue.length ({work_item} / 1 sec),Rate,973
06/06/2026 22:44:16,System.Runtime,dotnet.jit.compiled_methods ({method} / 1 sec),Rate,39
06/06/2026 22:44:16,System.Runtime,dotnet.jit.compiled_il.size (By / 1 sec),Rate,3409
06/06/2026 22:44:16,System.Runtime,dotnet.gc.heap.total_allocated (By / 1 sec),Rate,44499368
06/06/2026 22:44:16,System.Runtime,dotnet.process.memory.working_set (By),Metric,565313536
06/06/2026 22:44:16,System.Runtime,dotnet.thread_pool.thread.count ({thread} / 1 sec),Rate,0
06/06/2026 22:44:16,System.Runtime,dotnet.gc.last_collection.heap.size (By)[gc.heap.generation=poh],Metric,187473280
06/06/2026 22:44:16,System.Runtime,dotnet.gc.last_collection.heap.size (By)[gc.heap.generation=loh],Metric,3219872
06/06/2026 22:44:16,System.Runtime,dotnet.gc.last_collection.heap.size (By)[gc.heap.generation=gen2],Metric,113002240
06/06/2026 22:44:16,System.Runtime,dotnet.gc.last_collection.heap.size (By)[gc.heap.generation=gen1],Metric,3174472
06/06/2026 22:44:16,System.Runtime,dotnet.gc.last_collection.heap.size (By)[gc.heap.generation=gen0],Metric,0
06/06/2026 22:44:16,System.Runtime,dotnet.timer.count ({timer}),Metric,12
06/06/2026 22:44:16,System.Runtime,dotnet.process.cpu.time (s / 1 sec)[cpu.mode=user],Rate,3.400662000000004
06/06/2026 22:44:16,System.Runtime,dotnet.process.cpu.time (s / 1 sec)[cpu.mode=system],Rate,0.39992999999999945
06/06/2026 22:44:16,System.Runtime,dotnet.gc.collections ({collection} / 1 sec)[gc.heap.generation=gen2],Rate,0
06/06/2026 22:44:16,System.Runtime,dotnet.gc.collections ({collection} / 1 sec)[gc.heap.generation=gen0],Rate,0
06/06/2026 22:44:16,System.Runtime,dotnet.gc.collections ({collection} / 1 sec)[gc.heap.generation=gen1],Rate,0
06/06/2026 22:44:16,System.Runtime,dotnet.jit.compilation.time (s / 1 sec),Rate,0.0666386999999995
06/06/2026 22:44:16,System.Runtime,dotnet.process.cpu.count ({cpu}),Metric,4
06/06/2026 22:44:16,System.Runtime,dotnet.exceptions ({exception} / 1 sec)[error.type=CachedInternalErrorException],Rate,0
06/06/2026 22:44:16,System.Runtime,dotnet.exceptions ({exception} / 1 sec)[error.type=CachedSocketException],Rate,0
06/06/2026 22:44:16,System.Runtime,dotnet.exceptions ({exception} / 1 sec)[error.type=SocketException],Rate,6530
06/06/2026 22:44:16,System.Runtime,dotnet.exceptions ({exception} / 1 sec)[error.type=CachedNetworkException],Rate,0
06/06/2026 22:44:17,System.Runtime,dotnet.thread_pool.work_item.count ({work_item} / 1 sec),Rate,35516
06/06/2026 22:44:17,System.Runtime,dotnet.monitor.lock_contentions ({contention} / 1 sec),Rate,51
06/06/2026 22:44:17,System.Runtime,dotnet.gc.last_collection.heap.fragmentation.size (By)[gc.heap.generation=poh],Metric,560
06/06/2026 22:44:17,System.Runtime,dotnet.gc.last_collection.heap.fragmentation.size (By)[gc.heap.generation=loh],Metric,280736
06/06/2026 22:44:17,System.Runtime,dotnet.gc.last_collection.heap.fragmentation.size (By)[gc.heap.generation=gen2],Metric,1365960
06/06/2026 22:44:17,System.Runtime,dotnet.gc.last_collection.heap.fragmentation.size (By)[gc.heap.generation=gen1],Metric,53424
06/06/2026 22:44:17,System.Runtime,dotnet.gc.last_collection.heap.fragmentation.size (By)[gc.heap.generation=gen0],Metric,0
06/06/2026 22:44:17,System.Runtime,dotnet.gc.pause.time (s / 1 sec),Rate,0
06/06/2026 22:44:17,System.Runtime,dotnet.gc.last_collection.memory.committed_size (By),Metric,497926144
06/06/2026 22:44:17,System.Runtime,dotnet.assembly.count ({assembly}),Metric,54
06/06/2026 22:44:17,System.Runtime,dotnet.thread_pool.queue.length ({work_item} / 1 sec),Rate,-942
06/06/2026 22:44:17,System.Runtime,dotnet.jit.compiled_methods ({method} / 1 sec),Rate,61
06/06/2026 22:44:17,System.Runtime,dotnet.jit.compiled_il.size (By / 1 sec),Rate,3803
06/06/2026 22:44:17,System.Runtime,dotnet.gc.heap.total_allocated (By / 1 sec),Rate,34693224
06/06/2026 22:44:17,System.Runtime,dotnet.process.memory.working_set (By),Metric,565313536
06/06/2026 22:44:17,System.Runtime,dotnet.thread_pool.thread.count ({thread} / 1 sec),Rate,0
06/06/2026 22:44:17,System.Runtime,dotnet.gc.last_collection.heap.size (By)[gc.heap.generation=poh],Metric,187473280
06/06/2026 22:44:17,System.Runtime,dotnet.gc.last_collection.heap.size (By)[gc.heap.generation=loh],Metric,3219872
06/06/2026 22:44:17,System.Runtime,dotnet.gc.last_collection.heap.size (By)[gc.heap.generation=gen2],Metric,113002240
06/06/2026 22:44:17,System.Runtime,dotnet.gc.last_collection.heap.size (By)[gc.heap.generation=gen1],Metric,3174472
06/06/2026 22:44:17,System.Runtime,dotnet.gc.last_collection.heap.size (By)[gc.heap.generation=gen0],Metric,0
06/06/2026 22:44:17,System.Runtime,dotnet.timer.count ({timer}),Metric,24
06/06/2026 22:44:17,System.Runtime,dotnet.process.cpu.time (s / 1 sec)[cpu.mode=user],Rate,3.3545879999999926
06/06/2026 22:44:17,System.Runtime,dotnet.process.cpu.time (s / 1 sec)[cpu.mode=system],Rate,0.37864500000000056
06/06/2026 22:44:17,System.Runtime,dotnet.gc.collections ({collection} / 1 sec)[gc.heap.generation=gen2],Rate,0
06/06/2026 22:44:17,System.Runtime,dotnet.gc.collections ({collection} / 1 sec)[gc.heap.generation=gen0],Rate,0
06/06/2026 22:44:17,System.Runtime,dotnet.gc.collections ({collection} / 1 sec)[gc.heap.generation=gen1],Rate,0
06/06/2026 22:44:17,System.Runtime,dotnet.jit.compilation.time (s / 1 sec),Rate,0.1420098000000003
06/06/2026 22:44:17,System.Runtime,dotnet.process.cpu.count ({cpu}),Metric,4
06/06/2026 22:44:17,System.Runtime,dotnet.exceptions ({exception} / 1 sec)[error.type=CachedInternalErrorException],Rate,0
06/06/2026 22:44:17,System.Runtime,dotnet.exceptions ({exception} / 1 sec)[error.type=CachedSocketException],Rate,0
06/06/2026 22:44:17,System.Runtime,dotnet.exceptions ({exception} / 1 sec)[error.type=SocketException],Rate,3922
06/06/2026 22:44:17,System.Runtime,dotnet.exceptions ({exception} / 1 sec)[error.type=CachedNetworkException],Rate,0
06/06/2026 22:44:18,System.Runtime,dotnet.thread_pool.work_item.count ({work_item} / 1 sec),Rate,38949
06/06/2026 22:44:18,System.Runtime,dotnet.monitor.lock_contentions ({contention} / 1 sec),Rate,54
06/06/2026 22:44:18,System.Runtime,dotnet.gc.last_collection.heap.fragmentation.size (By)[gc.heap.generation=poh],Metric,560
06/06/2026 22:44:18,System.Runtime,dotnet.gc.last_collection.heap.fragmentation.size (By)[gc.heap.generation=loh],Metric,280768
06/06/2026 22:44:18,System.Runtime,dotnet.gc.last_collection.heap.fragmentation.size (By)[gc.heap.generation=gen2],Metric,1365960
06/06/2026 22:44:18,System.Runtime,dotnet.gc.last_collection.heap.fragmentation.size (By)[gc.heap.generation=gen1],Metric,1036056
06/06/2026 22:44:18,System.Runtime,dotnet.gc.last_collection.heap.fragmentation.size (By)[gc.heap.generation=gen0],Metric,0
06/06/2026 22:44:18,System.Runtime,dotnet.gc.pause.time (s / 1 sec),Rate,0.22300100000000012
06/06/2026 22:44:18,System.Runtime,dotnet.gc.last_collection.memory.committed_size (By),Metric,499482624
06/06/2026 22:44:18,System.Runtime,dotnet.assembly.count ({assembly}),Metric,54
06/06/2026 22:44:18,System.Runtime,dotnet.thread_pool.queue.length ({work_item} / 1 sec),Rate,514
06/06/2026 22:44:18,System.Runtime,dotnet.jit.compiled_methods ({method} / 1 sec),Rate,6
06/06/2026 22:44:18,System.Runtime,dotnet.jit.compiled_il.size (By / 1 sec),Rate,533
06/06/2026 22:44:18,System.Runtime,dotnet.gc.heap.total_allocated (By / 1 sec),Rate,37295968
06/06/2026 22:44:18,System.Runtime,dotnet.process.memory.working_set (By),Metric,566886400
06/06/2026 22:44:18,System.Runtime,dotnet.thread_pool.thread.count ({thread} / 1 sec),Rate,0
06/06/2026 22:44:18,System.Runtime,dotnet.gc.last_collection.heap.size (By)[gc.heap.generation=poh],Metric,187473280
06/06/2026 22:44:18,System.Runtime,dotnet.gc.last_collection.heap.size (By)[gc.heap.generation=loh],Metric,3351000
06/06/2026 22:44:18,System.Runtime,dotnet.gc.last_collection.heap.size (By)[gc.heap.generation=gen2],Metric,113002240
06/06/2026 22:44:18,System.Runtime,dotnet.gc.last_collection.heap.size (By)[gc.heap.generation=gen1],Metric,76094664
06/06/2026 22:44:18,System.Runtime,dotnet.gc.last_collection.heap.size (By)[gc.heap.generation=gen0],Metric,0
06/06/2026 22:44:18,System.Runtime,dotnet.timer.count ({timer}),Metric,28
06/06/2026 22:44:18,System.Runtime,dotnet.process.cpu.time (s / 1 sec)[cpu.mode=user],Rate,3.8670600000000093
06/06/2026 22:44:18,System.Runtime,dotnet.process.cpu.time (s / 1 sec)[cpu.mode=system],Rate,0.5446029999999986
06/06/2026 22:44:18,System.Runtime,dotnet.gc.collections ({collection} / 1 sec)[gc.heap.generation=gen2],Rate,0
06/06/2026 22:44:18,System.Runtime,dotnet.gc.collections ({collection} / 1 sec)[gc.heap.generation=gen0],Rate,1
06/06/2026 22:44:18,System.Runtime,dotnet.gc.collections ({collection} / 1 sec)[gc.heap.generation=gen1],Rate,0
06/06/2026 22:44:18,System.Runtime,dotnet.jit.compilation.time (s / 1 sec),Rate,0.0021309000000000466
06/06/2026 22:44:18,System.Runtime,dotnet.process.cpu.count ({cpu}),Metric,4
06/06/2026 22:44:18,System.Runtime,dotnet.exceptions ({exception} / 1 sec)[error.type=CachedInternalErrorException],Rate,0
06/06/2026 22:44:18,System.Runtime,dotnet.exceptions ({exception} / 1 sec)[error.type=CachedSocketException],Rate,0
06/06/2026 22:44:18,System.Runtime,dotnet.exceptions ({exception} / 1 sec)[error.type=SocketException],Rate,4098
06/06/2026 22:44:18,System.Runtime,dotnet.exceptions ({exception} / 1 sec)[error.type=CachedNetworkException],Rate,0
06/06/2026 22:44:19,System.Runtime,dotnet.thread_pool.work_item.count ({work_item} / 1 sec),Rate,54908
06/06/2026 22:44:19,System.Runtime,dotnet.monitor.lock_contentions ({contention} / 1 sec),Rate,64
06/06/2026 22:44:19,System.Runtime,dotnet.gc.last_collection.heap.fragmentation.size (By)[gc.heap.generation=poh],Metric,560
06/06/2026 22:44:19,System.Runtime,dotnet.gc.last_collection.heap.fragmentation.size (By)[gc.heap.generation=loh],Metric,280768
06/06/2026 22:44:19,System.Runtime,dotnet.gc.last_collection.heap.fragmentation.size (By)[gc.heap.generation=gen2],Metric,1365960
06/06/2026 22:44:19,System.Runtime,dotnet.gc.last_collection.heap.fragmentation.size (By)[gc.heap.generation=gen1],Metric,1036056
06/06/2026 22:44:19,System.Runtime,dotnet.gc.last_collection.heap.fragmentation.size (By)[gc.heap.generation=gen0],Metric,0
06/06/2026 22:44:19,System.Runtime,dotnet.gc.pause.time (s / 1 sec),Rate,0
06/06/2026 22:44:19,System.Runtime,dotnet.gc.last_collection.memory.committed_size (By),Metric,499482624
06/06/2026 22:44:19,System.Runtime,dotnet.assembly.count ({assembly}),Metric,54
06/06/2026 22:44:19,System.Runtime,dotnet.thread_pool.queue.length ({work_item} / 1 sec),Rate,4427
06/06/2026 22:44:19,System.Runtime,dotnet.jit.compiled_methods ({method} / 1 sec),Rate,39
06/06/2026 22:44:19,System.Runtime,dotnet.jit.compiled_il.size (By / 1 sec),Rate,6346
06/06/2026 22:44:19,System.Runtime,dotnet.gc.heap.total_allocated (By / 1 sec),Rate,28933272
06/06/2026 22:44:19,System.Runtime,dotnet.process.memory.working_set (By),Metric,568459264
06/06/2026 22:44:19,System.Runtime,dotnet.thread_pool.thread.count ({thread} / 1 sec),Rate,0
06/06/2026 22:44:19,System.Runtime,dotnet.gc.last_collection.heap.size (By)[gc.heap.generation=poh],Metric,187473280
06/06/2026 22:44:19,System.Runtime,dotnet.gc.last_collection.heap.size (By)[gc.heap.generation=loh],Metric,3351000
06/06/2026 22:44:19,System.Runtime,dotnet.gc.last_collection.heap.size (By)[gc.heap.generation=gen2],Metric,113002240
06/06/2026 22:44:19,System.Runtime,dotnet.gc.last_collection.heap.size (By)[gc.heap.generation=gen1],Metric,76094664
06/06/2026 22:44:19,System.Runtime,dotnet.gc.last_collection.heap.size (By)[gc.heap.generation=gen0],Metric,0
06/06/2026 22:44:19,System.Runtime,dotnet.timer.count ({timer}),Metric,12
06/06/2026 22:44:19,System.Runtime,dotnet.process.cpu.time (s / 1 sec)[cpu.mode=user],Rate,2.4492269999999934
06/06/2026 22:44:19,System.Runtime,dotnet.process.cpu.time (s / 1 sec)[cpu.mode=system],Rate,0.5942589999999992
06/06/2026 22:44:19,System.Runtime,dotnet.gc.collections ({collection} / 1 sec)[gc.heap.generation=gen2],Rate,0
06/06/2026 22:44:19,System.Runtime,dotnet.gc.collections ({collection} / 1 sec)[gc.heap.generation=gen0],Rate,0
06/06/2026 22:44:19,System.Runtime,dotnet.gc.collections ({collection} / 1 sec)[gc.heap.generation=gen1],Rate,0
06/06/2026 22:44:19,System.Runtime,dotnet.jit.compilation.time (s / 1 sec),Rate,0.03912490000000002
06/06/2026 22:44:19,System.Runtime,dotnet.process.cpu.count ({cpu}),Metric,4
06/06/2026 22:44:19,System.Runtime,dotnet.exceptions ({exception} / 1 sec)[error.type=CachedInternalErrorException],Rate,1
06/06/2026 22:44:19,System.Runtime,dotnet.exceptions ({exception} / 1 sec)[error.type=CachedSocketException],Rate,0
06/06/2026 22:44:19,System.Runtime,dotnet.exceptions ({exception} / 1 sec)[error.type=SocketException],Rate,1864
06/06/2026 22:44:19,System.Runtime,dotnet.exceptions ({exception} / 1 sec)[error.type=CachedNetworkException],Rate,0
06/06/2026 22:44:20,System.Runtime,dotnet.thread_pool.work_item.count ({work_item} / 1 sec),Rate,75441
06/06/2026 22:44:20,System.Runtime,dotnet.monitor.lock_contentions ({contention} / 1 sec),Rate,144
06/06/2026 22:44:20,System.Runtime,dotnet.gc.last_collection.heap.fragmentation.size (By)[gc.heap.generation=poh],Metric,560
06/06/2026 22:44:20,System.Runtime,dotnet.gc.last_collection.heap.fragmentation.size (By)[gc.heap.generation=loh],Metric,280768
06/06/2026 22:44:20,System.Runtime,dotnet.gc.last_collection.heap.fragmentation.size (By)[gc.heap.generation=gen2],Metric,1365960
06/06/2026 22:44:20,System.Runtime,dotnet.gc.last_collection.heap.fragmentation.size (By)[gc.heap.generation=gen1],Metric,1036056
06/06/2026 22:44:20,System.Runtime,dotnet.gc.last_collection.heap.fragmentation.size (By)[gc.heap.generation=gen0],Metric,0
06/06/2026 22:44:20,System.Runtime,dotnet.gc.pause.time (s / 1 sec),Rate,0
06/06/2026 22:44:20,System.Runtime,dotnet.gc.last_collection.memory.committed_size (By),Metric,499482624
06/06/2026 22:44:20,System.Runtime,dotnet.assembly.count ({assembly}),Metric,54
06/06/2026 22:44:20,System.Runtime,dotnet.thread_pool.queue.length ({work_item} / 1 sec),Rate,-5024
06/06/2026 22:44:20,System.Runtime,dotnet.jit.compiled_methods ({method} / 1 sec),Rate,4
06/06/2026 22:44:20,System.Runtime,dotnet.jit.compiled_il.size (By / 1 sec),Rate,1375
06/06/2026 22:44:20,System.Runtime,dotnet.gc.heap.total_allocated (By / 1 sec),Rate,32604680
06/06/2026 22:44:20,System.Runtime,dotnet.process.memory.working_set (By),Metric,568459264
06/06/2026 22:44:20,System.Runtime,dotnet.thread_pool.thread.count ({thread} / 1 sec),Rate,0
06/06/2026 22:44:20,System.Runtime,dotnet.gc.last_collection.heap.size (By)[gc.heap.generation=poh],Metric,187473280
06/06/2026 22:44:20,System.Runtime,dotnet.gc.last_collection.heap.size (By)[gc.heap.generation=loh],Metric,3351000
06/06/2026 22:44:20,System.Runtime,dotnet.gc.last_collection.heap.size (By)[gc.heap.generation=gen2],Metric,113002240
06/06/2026 22:44:20,System.Runtime,dotnet.gc.last_collection.heap.size (By)[gc.heap.generation=gen1],Metric,76094664
06/06/2026 22:44:20,System.Runtime,dotnet.gc.last_collection.heap.size (By)[gc.heap.generation=gen0],Metric,0
06/06/2026 22:44:20,System.Runtime,dotnet.timer.count ({timer}),Metric,28
06/06/2026 22:44:20,System.Runtime,dotnet.process.cpu.time (s / 1 sec)[cpu.mode=user],Rate,3.018814000000006
06/06/2026 22:44:20,System.Runtime,dotnet.process.cpu.time (s / 1 sec)[cpu.mode=system],Rate,0.714265000000001
06/06/2026 22:44:20,System.Runtime,dotnet.gc.collections ({collection} / 1 sec)[gc.heap.generation=gen2],Rate,0
06/06/2026 22:44:20,System.Runtime,dotnet.gc.collections ({collection} / 1 sec)[gc.heap.generation=gen0],Rate,0
06/06/2026 22:44:20,System.Runtime,dotnet.gc.collections ({collection} / 1 sec)[gc.heap.generation=gen1],Rate,0
06/06/2026 22:44:20,System.Runtime,dotnet.jit.compilation.time (s / 1 sec),Rate,0.013495599999999719
06/06/2026 22:44:20,System.Runtime,dotnet.process.cpu.count ({cpu}),Metric,4
06/06/2026 22:44:20,System.Runtime,dotnet.exceptions ({exception} / 1 sec)[error.type=CachedInternalErrorException],Rate,0
06/06/2026 22:44:20,System.Runtime,dotnet.exceptions ({exception} / 1 sec)[error.type=CachedSocketException],Rate,0
06/06/2026 22:44:20,System.Runtime,dotnet.exceptions ({exception} / 1 sec)[error.type=SocketException],Rate,2362
06/06/2026 22:44:20,System.Runtime,dotnet.exceptions ({exception} / 1 sec)[error.type=CachedNetworkException],Rate,0
06/06/2026 22:44:21,System.Runtime,dotnet.thread_pool.work_item.count ({work_item} / 1 sec),Rate,63706
06/06/2026 22:44:21,System.Runtime,dotnet.monitor.lock_contentions ({contention} / 1 sec),Rate,108
06/06/2026 22:44:21,System.Runtime,dotnet.gc.last_collection.heap.fragmentation.size (By)[gc.heap.generation=poh],Metric,560
06/06/2026 22:44:21,System.Runtime,dotnet.gc.last_collection.heap.fragmentation.size (By)[gc.heap.generation=loh],Metric,280768
06/06/2026 22:44:21,System.Runtime,dotnet.gc.last_collection.heap.fragmentation.size (By)[gc.heap.generation=gen2],Metric,1365960
06/06/2026 22:44:21,System.Runtime,dotnet.gc.last_collection.heap.fragmentation.size (By)[gc.heap.generation=gen1],Metric,1036056
06/06/2026 22:44:21,System.Runtime,dotnet.gc.last_collection.heap.fragmentation.size (By)[gc.heap.generation=gen0],Metric,0
06/06/2026 22:44:21,System.Runtime,dotnet.gc.pause.time (s / 1 sec),Rate,0
06/06/2026 22:44:21,System.Runtime,dotnet.gc.last_collection.memory.committed_size (By),Metric,499482624
06/06/2026 22:44:21,System.Runtime,dotnet.assembly.count ({assembly}),Metric,54
06/06/2026 22:44:21,System.Runtime,dotnet.thread_pool.queue.length ({work_item} / 1 sec),Rate,-12
06/06/2026 22:44:21,System.Runtime,dotnet.jit.compiled_methods ({method} / 1 sec),Rate,2
06/06/2026 22:44:21,System.Runtime,dotnet.jit.compiled_il.size (By / 1 sec),Rate,181
06/06/2026 22:44:21,System.Runtime,dotnet.gc.heap.total_allocated (By / 1 sec),Rate,28837144
06/06/2026 22:44:21,System.Runtime,dotnet.process.memory.working_set (By),Metric,569507840
06/06/2026 22:44:21,System.Runtime,dotnet.thread_pool.thread.count ({thread} / 1 sec),Rate,0
06/06/2026 22:44:21,System.Runtime,dotnet.gc.last_collection.heap.size (By)[gc.heap.generation=poh],Metric,187473280
06/06/2026 22:44:21,System.Runtime,dotnet.gc.last_collection.heap.size (By)[gc.heap.generation=loh],Metric,3351000
06/06/2026 22:44:21,System.Runtime,dotnet.gc.last_collection.heap.size (By)[gc.heap.generation=gen2],Metric,113002240
06/06/2026 22:44:21,System.Runtime,dotnet.gc.last_collection.heap.size (By)[gc.heap.generation=gen1],Metric,76094664
06/06/2026 22:44:21,System.Runtime,dotnet.gc.last_collection.heap.size (By)[gc.heap.generation=gen0],Metric,0
06/06/2026 22:44:21,System.Runtime,dotnet.timer.count ({timer}),Metric,28
06/06/2026 22:44:21,System.Runtime,dotnet.process.cpu.time (s / 1 sec)[cpu.mode=user],Rate,2.597999999999999
06/06/2026 22:44:21,System.Runtime,dotnet.process.cpu.time (s / 1 sec)[cpu.mode=system],Rate,0.6115069999999996
06/06/2026 22:44:21,System.Runtime,dotnet.gc.collections ({collection} / 1 sec)[gc.heap.generation=gen2],Rate,0
06/06/2026 22:44:21,System.Runtime,dotnet.gc.collections ({collection} / 1 sec)[gc.heap.generation=gen0],Rate,0
06/06/2026 22:44:21,System.Runtime,dotnet.gc.collections ({collection} / 1 sec)[gc.heap.generation=gen1],Rate,0
06/06/2026 22:44:21,System.Runtime,dotnet.jit.compilation.time (s / 1 sec),Rate,0.0014060000000002404
06/06/2026 22:44:21,System.Runtime,dotnet.process.cpu.count ({cpu}),Metric,4
06/06/2026 22:44:21,System.Runtime,dotnet.exceptions ({exception} / 1 sec)[error.type=CachedInternalErrorException],Rate,0
06/06/2026 22:44:21,System.Runtime,dotnet.exceptions ({exception} / 1 sec)[error.type=CachedSocketException],Rate,0
06/06/2026 22:44:21,System.Runtime,dotnet.exceptions ({exception} / 1 sec)[error.type=SocketException],Rate,1048
06/06/2026 22:44:21,System.Runtime,dotnet.exceptions ({exception} / 1 sec)[error.type=CachedNetworkException],Rate,0
06/06/2026 22:44:22,System.Runtime,dotnet.thread_pool.work_item.count ({work_item} / 1 sec),Rate,22903
06/06/2026 22:44:22,System.Runtime,dotnet.monitor.lock_contentions ({contention} / 1 sec),Rate,49
06/06/2026 22:44:22,System.Runtime,dotnet.gc.last_collection.heap.fragmentation.size (By)[gc.heap.generation=poh],Metric,560
06/06/2026 22:44:22,System.Runtime,dotnet.gc.last_collection.heap.fragmentation.size (By)[gc.heap.generation=loh],Metric,280768
06/06/2026 22:44:22,System.Runtime,dotnet.gc.last_collection.heap.fragmentation.size (By)[gc.heap.generation=gen2],Metric,1365960
06/06/2026 22:44:22,System.Runtime,dotnet.gc.last_collection.heap.fragmentation.size (By)[gc.heap.generation=gen1],Metric,1036056
06/06/2026 22:44:22,System.Runtime,dotnet.gc.last_collection.heap.fragmentation.size (By)[gc.heap.generation=gen0],Metric,0
06/06/2026 22:44:22,System.Runtime,dotnet.gc.pause.time (s / 1 sec),Rate,0
06/06/2026 22:44:22,System.Runtime,dotnet.gc.last_collection.memory.committed_size (By),Metric,499482624
06/06/2026 22:44:22,System.Runtime,dotnet.assembly.count ({assembly}),Metric,54
06/06/2026 22:44:22,System.Runtime,dotnet.thread_pool.queue.length ({work_item} / 1 sec),Rate,0
06/06/2026 22:44:22,System.Runtime,dotnet.jit.compiled_methods ({method} / 1 sec),Rate,0
06/06/2026 22:44:22,System.Runtime,dotnet.jit.compiled_il.size (By / 1 sec),Rate,0
06/06/2026 22:44:22,System.Runtime,dotnet.gc.heap.total_allocated (By / 1 sec),Rate,7113328
06/06/2026 22:44:22,System.Runtime,dotnet.process.memory.working_set (By),Metric,571080704
06/06/2026 22:44:22,System.Runtime,dotnet.thread_pool.thread.count ({thread} / 1 sec),Rate,0
06/06/2026 22:44:22,System.Runtime,dotnet.gc.last_collection.heap.size (By)[gc.heap.generation=poh],Metric,187473280
06/06/2026 22:44:22,System.Runtime,dotnet.gc.last_collection.heap.size (By)[gc.heap.generation=loh],Metric,3351000
06/06/2026 22:44:22,System.Runtime,dotnet.gc.last_collection.heap.size (By)[gc.heap.generation=gen2],Metric,113002240
06/06/2026 22:44:22,System.Runtime,dotnet.gc.last_collection.heap.size (By)[gc.heap.generation=gen1],Metric,76094664
06/06/2026 22:44:22,System.Runtime,dotnet.gc.last_collection.heap.size (By)[gc.heap.generation=gen0],Metric,0
06/06/2026 22:44:22,System.Runtime,dotnet.timer.count ({timer}),Metric,28
06/06/2026 22:44:22,System.Runtime,dotnet.process.cpu.time (s / 1 sec)[cpu.mode=user],Rate,0.5164299999999997
06/06/2026 22:44:22,System.Runtime,dotnet.process.cpu.time (s / 1 sec)[cpu.mode=system],Rate,0.28909300000000115
06/06/2026 22:44:22,System.Runtime,dotnet.gc.collections ({collection} / 1 sec)[gc.heap.generation=gen2],Rate,0
06/06/2026 22:44:22,System.Runtime,dotnet.gc.collections ({collection} / 1 sec)[gc.heap.generation=gen0],Rate,0
06/06/2026 22:44:22,System.Runtime,dotnet.gc.collections ({collection} / 1 sec)[gc.heap.generation=gen1],Rate,0
06/06/2026 22:44:22,System.Runtime,dotnet.jit.compilation.time (s / 1 sec),Rate,0
06/06/2026 22:44:22,System.Runtime,dotnet.process.cpu.count ({cpu}),Metric,4
06/06/2026 22:44:22,System.Runtime,dotnet.exceptions ({exception} / 1 sec)[error.type=CachedInternalErrorException],Rate,0
06/06/2026 22:44:22,System.Runtime,dotnet.exceptions ({exception} / 1 sec)[error.type=CachedSocketException],Rate,0
06/06/2026 22:44:22,System.Runtime,dotnet.exceptions ({exception} / 1 sec)[error.type=SocketException],Rate,0
06/06/2026 22:44:22,System.Runtime,dotnet.exceptions ({exception} / 1 sec)[error.type=CachedNetworkException],Rate,0
06/06/2026 22:44:23,System.Runtime,dotnet.thread_pool.work_item.count ({work_item} / 1 sec),Rate,20661
06/06/2026 22:44:23,System.Runtime,dotnet.monitor.lock_contentions ({contention} / 1 sec),Rate,46
06/06/2026 22:44:23,System.Runtime,dotnet.gc.last_collection.heap.fragmentation.size (By)[gc.heap.generation=poh],Metric,560
06/06/2026 22:44:23,System.Runtime,dotnet.gc.last_collection.heap.fragmentation.size (By)[gc.heap.generation=loh],Metric,280768
06/06/2026 22:44:23,System.Runtime,dotnet.gc.last_collection.heap.fragmentation.size (By)[gc.heap.generation=gen2],Metric,1365960
06/06/2026 22:44:23,System.Runtime,dotnet.gc.last_collection.heap.fragmentation.size (By)[gc.heap.generation=gen1],Metric,1036056
06/06/2026 22:44:23,System.Runtime,dotnet.gc.last_collection.heap.fragmentation.size (By)[gc.heap.generation=gen0],Metric,0
06/06/2026 22:44:23,System.Runtime,dotnet.gc.pause.time (s / 1 sec),Rate,0
06/06/2026 22:44:23,System.Runtime,dotnet.gc.last_collection.memory.committed_size (By),Metric,499482624
06/06/2026 22:44:23,System.Runtime,dotnet.assembly.count ({assembly}),Metric,54
06/06/2026 22:44:23,System.Runtime,dotnet.thread_pool.queue.length ({work_item} / 1 sec),Rate,0
06/06/2026 22:44:23,System.Runtime,dotnet.jit.compiled_methods ({method} / 1 sec),Rate,0
06/06/2026 22:44:23,System.Runtime,dotnet.jit.compiled_il.size (By / 1 sec),Rate,0
06/06/2026 22:44:23,System.Runtime,dotnet.gc.heap.total_allocated (By / 1 sec),Rate,7308648
06/06/2026 22:44:23,System.Runtime,dotnet.process.memory.working_set (By),Metric,573177856
06/06/2026 22:44:23,System.Runtime,dotnet.thread_pool.thread.count ({thread} / 1 sec),Rate,0
06/06/2026 22:44:23,System.Runtime,dotnet.gc.last_collection.heap.size (By)[gc.heap.generation=poh],Metric,187473280
06/06/2026 22:44:23,System.Runtime,dotnet.gc.last_collection.heap.size (By)[gc.heap.generation=loh],Metric,3351000
06/06/2026 22:44:23,System.Runtime,dotnet.gc.last_collection.heap.size (By)[gc.heap.generation=gen2],Metric,113002240
06/06/2026 22:44:23,System.Runtime,dotnet.gc.last_collection.heap.size (By)[gc.heap.generation=gen1],Metric,76094664
06/06/2026 22:44:23,System.Runtime,dotnet.gc.last_collection.heap.size (By)[gc.heap.generation=gen0],Metric,0
06/06/2026 22:44:23,System.Runtime,dotnet.timer.count ({timer}),Metric,28
06/06/2026 22:44:23,System.Runtime,dotnet.process.cpu.time (s / 1 sec)[cpu.mode=user],Rate,0.20700800000000186
06/06/2026 22:44:23,System.Runtime,dotnet.process.cpu.time (s / 1 sec)[cpu.mode=system],Rate,0.3022039999999997
06/06/2026 22:44:23,System.Runtime,dotnet.gc.collections ({collection} / 1 sec)[gc.heap.generation=gen2],Rate,0
06/06/2026 22:44:23,System.Runtime,dotnet.gc.collections ({collection} / 1 sec)[gc.heap.generation=gen0],Rate,0
06/06/2026 22:44:23,System.Runtime,dotnet.gc.collections ({collection} / 1 sec)[gc.heap.generation=gen1],Rate,0
06/06/2026 22:44:23,System.Runtime,dotnet.jit.compilation.time (s / 1 sec),Rate,0
06/06/2026 22:44:23,System.Runtime,dotnet.process.cpu.count ({cpu}),Metric,4
06/06/2026 22:44:23,System.Runtime,dotnet.exceptions ({exception} / 1 sec)[error.type=CachedInternalErrorException],Rate,0
06/06/2026 22:44:23,System.Runtime,dotnet.exceptions ({exception} / 1 sec)[error.type=CachedSocketException],Rate,0
06/06/2026 22:44:23,System.Runtime,dotnet.exceptions ({exception} / 1 sec)[error.type=SocketException],Rate,0
06/06/2026 22:44:23,System.Runtime,dotnet.exceptions ({exception} / 1 sec)[error.type=CachedNetworkException],Rate,0
06/06/2026 22:44:24,System.Runtime,dotnet.thread_pool.work_item.count ({work_item} / 1 sec),Rate,16286
06/06/2026 22:44:24,System.Runtime,dotnet.monitor.lock_contentions ({contention} / 1 sec),Rate,58
06/06/2026 22:44:24,System.Runtime,dotnet.gc.last_collection.heap.fragmentation.size (By)[gc.heap.generation=poh],Metric,560
06/06/2026 22:44:24,System.Runtime,dotnet.gc.last_collection.heap.fragmentation.size (By)[gc.heap.generation=loh],Metric,280768
06/06/2026 22:44:24,System.Runtime,dotnet.gc.last_collection.heap.fragmentation.size (By)[gc.heap.generation=gen2],Metric,1365960
06/06/2026 22:44:24,System.Runtime,dotnet.gc.last_collection.heap.fragmentation.size (By)[gc.heap.generation=gen1],Metric,1036056
06/06/2026 22:44:24,System.Runtime,dotnet.gc.last_collection.heap.fragmentation.size (By)[gc.heap.generation=gen0],Metric,0
06/06/2026 22:44:24,System.Runtime,dotnet.gc.pause.time (s / 1 sec),Rate,0
06/06/2026 22:44:24,System.Runtime,dotnet.gc.last_collection.memory.committed_size (By),Metric,499482624
06/06/2026 22:44:24,System.Runtime,dotnet.assembly.count ({assembly}),Metric,54
06/06/2026 22:44:24,System.Runtime,dotnet.thread_pool.queue.length ({work_item} / 1 sec),Rate,0
06/06/2026 22:44:24,System.Runtime,dotnet.jit.compiled_methods ({method} / 1 sec),Rate,7
06/06/2026 22:44:24,System.Runtime,dotnet.jit.compiled_il.size (By / 1 sec),Rate,239
06/06/2026 22:44:24,System.Runtime,dotnet.gc.heap.total_allocated (By / 1 sec),Rate,6249320
06/06/2026 22:44:24,System.Runtime,dotnet.process.memory.working_set (By),Metric,577372160
06/06/2026 22:44:24,System.Runtime,dotnet.thread_pool.thread.count ({thread} / 1 sec),Rate,0
06/06/2026 22:44:24,System.Runtime,dotnet.gc.last_collection.heap.size (By)[gc.heap.generation=poh],Metric,187473280
06/06/2026 22:44:24,System.Runtime,dotnet.gc.last_collection.heap.size (By)[gc.heap.generation=loh],Metric,3351000
06/06/2026 22:44:24,System.Runtime,dotnet.gc.last_collection.heap.size (By)[gc.heap.generation=gen2],Metric,113002240
06/06/2026 22:44:24,System.Runtime,dotnet.gc.last_collection.heap.size (By)[gc.heap.generation=gen1],Metric,76094664
06/06/2026 22:44:24,System.Runtime,dotnet.gc.last_collection.heap.size (By)[gc.heap.generation=gen0],Metric,0
06/06/2026 22:44:24,System.Runtime,dotnet.timer.count ({timer}),Metric,28
06/06/2026 22:44:24,System.Runtime,dotnet.process.cpu.time (s / 1 sec)[cpu.mode=user],Rate,0.2918030000000016
06/06/2026 22:44:24,System.Runtime,dotnet.process.cpu.time (s / 1 sec)[cpu.mode=system],Rate,0.2108719999999984
06/06/2026 22:44:24,System.Runtime,dotnet.gc.collections ({collection} / 1 sec)[gc.heap.generation=gen2],Rate,0
06/06/2026 22:44:24,System.Runtime,dotnet.gc.collections ({collection} / 1 sec)[gc.heap.generation=gen0],Rate,0
06/06/2026 22:44:24,System.Runtime,dotnet.gc.collections ({collection} / 1 sec)[gc.heap.generation=gen1],Rate,0
06/06/2026 22:44:24,System.Runtime,dotnet.jit.compilation.time (s / 1 sec),Rate,0.0025740000000000762
06/06/2026 22:44:24,System.Runtime,dotnet.process.cpu.count ({cpu}),Metric,4
06/06/2026 22:44:24,System.Runtime,dotnet.exceptions ({exception} / 1 sec)[error.type=CachedInternalErrorException],Rate,0
06/06/2026 22:44:24,System.Runtime,dotnet.exceptions ({exception} / 1 sec)[error.type=CachedSocketException],Rate,0
06/06/2026 22:44:24,System.Runtime,dotnet.exceptions ({exception} / 1 sec)[error.type=SocketException],Rate,0
06/06/2026 22:44:24,System.Runtime,dotnet.exceptions ({exception} / 1 sec)[error.type=CachedNetworkException],Rate,354
06/06/2026 22:44:25,System.Runtime,dotnet.thread_pool.work_item.count ({work_item} / 1 sec),Rate,30688
06/06/2026 22:44:25,System.Runtime,dotnet.monitor.lock_contentions ({contention} / 1 sec),Rate,103
06/06/2026 22:44:25,System.Runtime,dotnet.gc.last_collection.heap.fragmentation.size (By)[gc.heap.generation=poh],Metric,560
06/06/2026 22:44:25,System.Runtime,dotnet.gc.last_collection.heap.fragmentation.size (By)[gc.heap.generation=loh],Metric,280768
06/06/2026 22:44:25,System.Runtime,dotnet.gc.last_collection.heap.fragmentation.size (By)[gc.heap.generation=gen2],Metric,1365960
06/06/2026 22:44:25,System.Runtime,dotnet.gc.last_collection.heap.fragmentation.size (By)[gc.heap.generation=gen1],Metric,1036056
06/06/2026 22:44:25,System.Runtime,dotnet.gc.last_collection.heap.fragmentation.size (By)[gc.heap.generation=gen0],Metric,0
06/06/2026 22:44:25,System.Runtime,dotnet.gc.pause.time (s / 1 sec),Rate,0
06/06/2026 22:44:25,System.Runtime,dotnet.gc.last_collection.memory.committed_size (By),Metric,499482624
06/06/2026 22:44:25,System.Runtime,dotnet.assembly.count ({assembly}),Metric,54
06/06/2026 22:44:25,System.Runtime,dotnet.thread_pool.queue.length ({work_item} / 1 sec),Rate,0
06/06/2026 22:44:25,System.Runtime,dotnet.jit.compiled_methods ({method} / 1 sec),Rate,0
06/06/2026 22:44:25,System.Runtime,dotnet.jit.compiled_il.size (By / 1 sec),Rate,0
06/06/2026 22:44:25,System.Runtime,dotnet.gc.heap.total_allocated (By / 1 sec),Rate,9826080
06/06/2026 22:44:25,System.Runtime,dotnet.process.memory.working_set (By),Metric,586809344
06/06/2026 22:44:25,System.Runtime,dotnet.thread_pool.thread.count ({thread} / 1 sec),Rate,0
06/06/2026 22:44:25,System.Runtime,dotnet.gc.last_collection.heap.size (By)[gc.heap.generation=poh],Metric,187473280
06/06/2026 22:44:25,System.Runtime,dotnet.gc.last_collection.heap.size (By)[gc.heap.generation=loh],Metric,3351000
06/06/2026 22:44:25,System.Runtime,dotnet.gc.last_collection.heap.size (By)[gc.heap.generation=gen2],Metric,113002240
06/06/2026 22:44:25,System.Runtime,dotnet.gc.last_collection.heap.size (By)[gc.heap.generation=gen1],Metric,76094664
06/06/2026 22:44:25,System.Runtime,dotnet.gc.last_collection.heap.size (By)[gc.heap.generation=gen0],Metric,0
06/06/2026 22:44:25,System.Runtime,dotnet.timer.count ({timer}),Metric,28
06/06/2026 22:44:25,System.Runtime,dotnet.process.cpu.time (s / 1 sec)[cpu.mode=user],Rate,0.5662419999999884
06/06/2026 22:44:25,System.Runtime,dotnet.process.cpu.time (s / 1 sec)[cpu.mode=system],Rate,0.31083300000000236
06/06/2026 22:44:25,System.Runtime,dotnet.gc.collections ({collection} / 1 sec)[gc.heap.generation=gen2],Rate,0
06/06/2026 22:44:25,System.Runtime,dotnet.gc.collections ({collection} / 1 sec)[gc.heap.generation=gen0],Rate,0
06/06/2026 22:44:25,System.Runtime,dotnet.gc.collections ({collection} / 1 sec)[gc.heap.generation=gen1],Rate,0
06/06/2026 22:44:25,System.Runtime,dotnet.jit.compilation.time (s / 1 sec),Rate,0
06/06/2026 22:44:25,System.Runtime,dotnet.process.cpu.count ({cpu}),Metric,4
06/06/2026 22:44:25,System.Runtime,dotnet.exceptions ({exception} / 1 sec)[error.type=CachedInternalErrorException],Rate,0
06/06/2026 22:44:25,System.Runtime,dotnet.exceptions ({exception} / 1 sec)[error.type=CachedSocketException],Rate,0
06/06/2026 22:44:25,System.Runtime,dotnet.exceptions ({exception} / 1 sec)[error.type=SocketException],Rate,0
06/06/2026 22:44:25,System.Runtime,dotnet.exceptions ({exception} / 1 sec)[error.type=CachedNetworkException],Rate,0
06/06/2026 22:44:26,System.Runtime,dotnet.thread_pool.work_item.count ({work_item} / 1 sec),Rate,63697
06/06/2026 22:44:26,System.Runtime,dotnet.monitor.lock_contentions ({contention} / 1 sec),Rate,226
06/06/2026 22:44:26,System.Runtime,dotnet.gc.last_collection.heap.fragmentation.size (By)[gc.heap.generation=poh],Metric,560
06/06/2026 22:44:26,System.Runtime,dotnet.gc.last_collection.heap.fragmentation.size (By)[gc.heap.generation=loh],Metric,280768
06/06/2026 22:44:26,System.Runtime,dotnet.gc.last_collection.heap.fragmentation.size (By)[gc.heap.generation=gen2],Metric,1365960
06/06/2026 22:44:26,System.Runtime,dotnet.gc.last_collection.heap.fragmentation.size (By)[gc.heap.generation=gen1],Metric,1036056
06/06/2026 22:44:26,System.Runtime,dotnet.gc.last_collection.heap.fragmentation.size (By)[gc.heap.generation=gen0],Metric,0
06/06/2026 22:44:26,System.Runtime,dotnet.gc.pause.time (s / 1 sec),Rate,0
06/06/2026 22:44:26,System.Runtime,dotnet.gc.last_collection.memory.committed_size (By),Metric,499482624
06/06/2026 22:44:26,System.Runtime,dotnet.assembly.count ({assembly}),Metric,54
06/06/2026 22:44:26,System.Runtime,dotnet.thread_pool.queue.length ({work_item} / 1 sec),Rate,6013
06/06/2026 22:44:26,System.Runtime,dotnet.jit.compiled_methods ({method} / 1 sec),Rate,0
06/06/2026 22:44:26,System.Runtime,dotnet.jit.compiled_il.size (By / 1 sec),Rate,0
06/06/2026 22:44:26,System.Runtime,dotnet.gc.heap.total_allocated (By / 1 sec),Rate,17259048
06/06/2026 22:44:26,System.Runtime,dotnet.process.memory.working_set (By),Metric,604635136
06/06/2026 22:44:26,System.Runtime,dotnet.thread_pool.thread.count ({thread} / 1 sec),Rate,0
06/06/2026 22:44:26,System.Runtime,dotnet.gc.last_collection.heap.size (By)[gc.heap.generation=poh],Metric,187473280
06/06/2026 22:44:26,System.Runtime,dotnet.gc.last_collection.heap.size (By)[gc.heap.generation=loh],Metric,3351000
06/06/2026 22:44:26,System.Runtime,dotnet.gc.last_collection.heap.size (By)[gc.heap.generation=gen2],Metric,113002240
06/06/2026 22:44:26,System.Runtime,dotnet.gc.last_collection.heap.size (By)[gc.heap.generation=gen1],Metric,76094664
06/06/2026 22:44:26,System.Runtime,dotnet.gc.last_collection.heap.size (By)[gc.heap.generation=gen0],Metric,0
06/06/2026 22:44:26,System.Runtime,dotnet.timer.count ({timer}),Metric,15
06/06/2026 22:44:26,System.Runtime,dotnet.process.cpu.time (s / 1 sec)[cpu.mode=user],Rate,1.6776049999999998
06/06/2026 22:44:26,System.Runtime,dotnet.process.cpu.time (s / 1 sec)[cpu.mode=system],Rate,0.6459299999999999
06/06/2026 22:44:26,System.Runtime,dotnet.gc.collections ({collection} / 1 sec)[gc.heap.generation=gen2],Rate,0
06/06/2026 22:44:26,System.Runtime,dotnet.gc.collections ({collection} / 1 sec)[gc.heap.generation=gen0],Rate,0
06/06/2026 22:44:26,System.Runtime,dotnet.gc.collections ({collection} / 1 sec)[gc.heap.generation=gen1],Rate,0
06/06/2026 22:44:26,System.Runtime,dotnet.jit.compilation.time (s / 1 sec),Rate,0
06/06/2026 22:44:26,System.Runtime,dotnet.process.cpu.count ({cpu}),Metric,4
06/06/2026 22:44:26,System.Runtime,dotnet.exceptions ({exception} / 1 sec)[error.type=CachedInternalErrorException],Rate,0
06/06/2026 22:44:26,System.Runtime,dotnet.exceptions ({exception} / 1 sec)[error.type=CachedSocketException],Rate,0
06/06/2026 22:44:26,System.Runtime,dotnet.exceptions ({exception} / 1 sec)[error.type=SocketException],Rate,0
06/06/2026 22:44:26,System.Runtime,dotnet.exceptions ({exception} / 1 sec)[error.type=CachedNetworkException],Rate,0
06/06/2026 22:44:27,System.Runtime,dotnet.thread_pool.work_item.count ({work_item} / 1 sec),Rate,94692
06/06/2026 22:44:27,System.Runtime,dotnet.monitor.lock_contentions ({contention} / 1 sec),Rate,113
06/06/2026 22:44:27,System.Runtime,dotnet.gc.last_collection.heap.fragmentation.size (By)[gc.heap.generation=poh],Metric,560
06/06/2026 22:44:27,System.Runtime,dotnet.gc.last_collection.heap.fragmentation.size (By)[gc.heap.generation=loh],Metric,280768
06/06/2026 22:44:27,System.Runtime,dotnet.gc.last_collection.heap.fragmentation.size (By)[gc.heap.generation=gen2],Metric,1365960
06/06/2026 22:44:27,System.Runtime,dotnet.gc.last_collection.heap.fragmentation.size (By)[gc.heap.generation=gen1],Metric,1036056
06/06/2026 22:44:27,System.Runtime,dotnet.gc.last_collection.heap.fragmentation.size (By)[gc.heap.generation=gen0],Metric,0
06/06/2026 22:44:27,System.Runtime,dotnet.gc.pause.time (s / 1 sec),Rate,0
06/06/2026 22:44:27,System.Runtime,dotnet.gc.last_collection.memory.committed_size (By),Metric,499482624
06/06/2026 22:44:27,System.Runtime,dotnet.assembly.count ({assembly}),Metric,54
06/06/2026 22:44:27,System.Runtime,dotnet.thread_pool.queue.length ({work_item} / 1 sec),Rate,-3547
06/06/2026 22:44:27,System.Runtime,dotnet.jit.compiled_methods ({method} / 1 sec),Rate,0
06/06/2026 22:44:27,System.Runtime,dotnet.jit.compiled_il.size (By / 1 sec),Rate,0
06/06/2026 22:44:27,System.Runtime,dotnet.gc.heap.total_allocated (By / 1 sec),Rate,22574432
06/06/2026 22:44:27,System.Runtime,dotnet.process.memory.working_set (By),Metric,627703808
06/06/2026 22:44:27,System.Runtime,dotnet.thread_pool.thread.count ({thread} / 1 sec),Rate,0
06/06/2026 22:44:27,System.Runtime,dotnet.gc.last_collection.heap.size (By)[gc.heap.generation=poh],Metric,187473280
06/06/2026 22:44:27,System.Runtime,dotnet.gc.last_collection.heap.size (By)[gc.heap.generation=loh],Metric,3351000
06/06/2026 22:44:27,System.Runtime,dotnet.gc.last_collection.heap.size (By)[gc.heap.generation=gen2],Metric,113002240
06/06/2026 22:44:27,System.Runtime,dotnet.gc.last_collection.heap.size (By)[gc.heap.generation=gen1],Metric,76094664
06/06/2026 22:44:27,System.Runtime,dotnet.gc.last_collection.heap.size (By)[gc.heap.generation=gen0],Metric,0
06/06/2026 22:44:27,System.Runtime,dotnet.timer.count ({timer}),Metric,28
06/06/2026 22:44:27,System.Runtime,dotnet.process.cpu.time (s / 1 sec)[cpu.mode=user],Rate,2.904116000000002
06/06/2026 22:44:27,System.Runtime,dotnet.process.cpu.time (s / 1 sec)[cpu.mode=system],Rate,0.8599819999999987
06/06/2026 22:44:27,System.Runtime,dotnet.gc.collections ({collection} / 1 sec)[gc.heap.generation=gen2],Rate,0
06/06/2026 22:44:27,System.Runtime,dotnet.gc.collections ({collection} / 1 sec)[gc.heap.generation=gen0],Rate,0
06/06/2026 22:44:27,System.Runtime,dotnet.gc.collections ({collection} / 1 sec)[gc.heap.generation=gen1],Rate,0
06/06/2026 22:44:27,System.Runtime,dotnet.jit.compilation.time (s / 1 sec),Rate,0
06/06/2026 22:44:27,System.Runtime,dotnet.process.cpu.count ({cpu}),Metric,4
06/06/2026 22:44:27,System.Runtime,dotnet.exceptions ({exception} / 1 sec)[error.type=CachedInternalErrorException],Rate,0
06/06/2026 22:44:27,System.Runtime,dotnet.exceptions ({exception} / 1 sec)[error.type=CachedSocketException],Rate,0
06/06/2026 22:44:27,System.Runtime,dotnet.exceptions ({exception} / 1 sec)[error.type=SocketException],Rate,0
06/06/2026 22:44:27,System.Runtime,dotnet.exceptions ({exception} / 1 sec)[error.type=CachedNetworkException],Rate,0
06/06/2026 22:44:28,System.Runtime,dotnet.thread_pool.work_item.count ({work_item} / 1 sec),Rate,87778
06/06/2026 22:44:28,System.Runtime,dotnet.monitor.lock_contentions ({contention} / 1 sec),Rate,145
06/06/2026 22:44:28,System.Runtime,dotnet.gc.last_collection.heap.fragmentation.size (By)[gc.heap.generation=poh],Metric,0
06/06/2026 22:44:28,System.Runtime,dotnet.gc.last_collection.heap.fragmentation.size (By)[gc.heap.generation=loh],Metric,84232
06/06/2026 22:44:28,System.Runtime,dotnet.gc.last_collection.heap.fragmentation.size (By)[gc.heap.generation=gen2],Metric,1365960
06/06/2026 22:44:28,System.Runtime,dotnet.gc.last_collection.heap.fragmentation.size (By)[gc.heap.generation=gen1],Metric,1450464
06/06/2026 22:44:28,System.Runtime,dotnet.gc.last_collection.heap.fragmentation.size (By)[gc.heap.generation=gen0],Metric,0
06/06/2026 22:44:28,System.Runtime,dotnet.gc.pause.time (s / 1 sec),Rate,0.12399899999999997
06/06/2026 22:44:28,System.Runtime,dotnet.gc.last_collection.memory.committed_size (By),Metric,580485120
06/06/2026 22:44:28,System.Runtime,dotnet.assembly.count ({assembly}),Metric,54
06/06/2026 22:44:28,System.Runtime,dotnet.thread_pool.queue.length ({work_item} / 1 sec),Rate,-1263
06/06/2026 22:44:28,System.Runtime,dotnet.jit.compiled_methods ({method} / 1 sec),Rate,0
06/06/2026 22:44:28,System.Runtime,dotnet.jit.compiled_il.size (By / 1 sec),Rate,0
06/06/2026 22:44:28,System.Runtime,dotnet.gc.heap.total_allocated (By / 1 sec),Rate,22004952
06/06/2026 22:44:28,System.Runtime,dotnet.process.memory.working_set (By),Metric,649723904
06/06/2026 22:44:28,System.Runtime,dotnet.thread_pool.thread.count ({thread} / 1 sec),Rate,0
06/06/2026 22:44:28,System.Runtime,dotnet.gc.last_collection.heap.size (By)[gc.heap.generation=poh],Metric,188414080
06/06/2026 22:44:28,System.Runtime,dotnet.gc.last_collection.heap.size (By)[gc.heap.generation=loh],Metric,3875456
06/06/2026 22:44:28,System.Runtime,dotnet.gc.last_collection.heap.size (By)[gc.heap.generation=gen2],Metric,113002240
06/06/2026 22:44:28,System.Runtime,dotnet.gc.last_collection.heap.size (By)[gc.heap.generation=gen1],Metric,106736968
06/06/2026 22:44:28,System.Runtime,dotnet.gc.last_collection.heap.size (By)[gc.heap.generation=gen0],Metric,0
06/06/2026 22:44:28,System.Runtime,dotnet.timer.count ({timer}),Metric,11
06/06/2026 22:44:28,System.Runtime,dotnet.process.cpu.time (s / 1 sec)[cpu.mode=user],Rate,3.0918550000000096
06/06/2026 22:44:28,System.Runtime,dotnet.process.cpu.time (s / 1 sec)[cpu.mode=system],Rate,0.8575939999999989
06/06/2026 22:44:28,System.Runtime,dotnet.gc.collections ({collection} / 1 sec)[gc.heap.generation=gen2],Rate,0
06/06/2026 22:44:28,System.Runtime,dotnet.gc.collections ({collection} / 1 sec)[gc.heap.generation=gen0],Rate,1
06/06/2026 22:44:28,System.Runtime,dotnet.gc.collections ({collection} / 1 sec)[gc.heap.generation=gen1],Rate,0
06/06/2026 22:44:28,System.Runtime,dotnet.jit.compilation.time (s / 1 sec),Rate,0
06/06/2026 22:44:28,System.Runtime,dotnet.process.cpu.count ({cpu}),Metric,4
06/06/2026 22:44:28,System.Runtime,dotnet.exceptions ({exception} / 1 sec)[error.type=CachedInternalErrorException],Rate,0
06/06/2026 22:44:28,System.Runtime,dotnet.exceptions ({exception} / 1 sec)[error.type=CachedSocketException],Rate,0
06/06/2026 22:44:28,System.Runtime,dotnet.exceptions ({exception} / 1 sec)[error.type=SocketException],Rate,0
06/06/2026 22:44:28,System.Runtime,dotnet.exceptions ({exception} / 1 sec)[error.type=CachedNetworkException],Rate,0
06/06/2026 22:44:29,System.Runtime,dotnet.thread_pool.work_item.count ({work_item} / 1 sec),Rate,71046
06/06/2026 22:44:29,System.Runtime,dotnet.monitor.lock_contentions ({contention} / 1 sec),Rate,177
06/06/2026 22:44:29,System.Runtime,dotnet.gc.last_collection.heap.fragmentation.size (By)[gc.heap.generation=poh],Metric,0
06/06/2026 22:44:29,System.Runtime,dotnet.gc.last_collection.heap.fragmentation.size (By)[gc.heap.generation=loh],Metric,84232
06/06/2026 22:44:29,System.Runtime,dotnet.gc.last_collection.heap.fragmentation.size (By)[gc.heap.generation=gen2],Metric,1365960
06/06/2026 22:44:29,System.Runtime,dotnet.gc.last_collection.heap.fragmentation.size (By)[gc.heap.generation=gen1],Metric,1450464
06/06/2026 22:44:29,System.Runtime,dotnet.gc.last_collection.heap.fragmentation.size (By)[gc.heap.generation=gen0],Metric,0
06/06/2026 22:44:29,System.Runtime,dotnet.gc.pause.time (s / 1 sec),Rate,0
06/06/2026 22:44:29,System.Runtime,dotnet.gc.last_collection.memory.committed_size (By),Metric,580485120
06/06/2026 22:44:29,System.Runtime,dotnet.assembly.count ({assembly}),Metric,54
06/06/2026 22:44:29,System.Runtime,dotnet.thread_pool.queue.length ({work_item} / 1 sec),Rate,-1203
06/06/2026 22:44:29,System.Runtime,dotnet.jit.compiled_methods ({method} / 1 sec),Rate,30
06/06/2026 22:44:29,System.Runtime,dotnet.jit.compiled_il.size (By / 1 sec),Rate,920
06/06/2026 22:44:29,System.Runtime,dotnet.gc.heap.total_allocated (By / 1 sec),Rate,18968544
06/06/2026 22:44:29,System.Runtime,dotnet.process.memory.working_set (By),Metric,649723904
06/06/2026 22:44:29,System.Runtime,dotnet.thread_pool.thread.count ({thread} / 1 sec),Rate,0
06/06/2026 22:44:29,System.Runtime,dotnet.gc.last_collection.heap.size (By)[gc.heap.generation=poh],Metric,188414080
06/06/2026 22:44:29,System.Runtime,dotnet.gc.last_collection.heap.size (By)[gc.heap.generation=loh],Metric,3875456
06/06/2026 22:44:29,System.Runtime,dotnet.gc.last_collection.heap.size (By)[gc.heap.generation=gen2],Metric,113002240
06/06/2026 22:44:29,System.Runtime,dotnet.gc.last_collection.heap.size (By)[gc.heap.generation=gen1],Metric,106736968
06/06/2026 22:44:29,System.Runtime,dotnet.gc.last_collection.heap.size (By)[gc.heap.generation=gen0],Metric,0
06/06/2026 22:44:29,System.Runtime,dotnet.timer.count ({timer}),Metric,28
06/06/2026 22:44:29,System.Runtime,dotnet.process.cpu.time (s / 1 sec)[cpu.mode=user],Rate,2.0114409999999907
06/06/2026 22:44:29,System.Runtime,dotnet.process.cpu.time (s / 1 sec)[cpu.mode=system],Rate,0.7059450000000034
06/06/2026 22:44:29,System.Runtime,dotnet.gc.collections ({collection} / 1 sec)[gc.heap.generation=gen2],Rate,0
06/06/2026 22:44:29,System.Runtime,dotnet.gc.collections ({collection} / 1 sec)[gc.heap.generation=gen0],Rate,0
06/06/2026 22:44:29,System.Runtime,dotnet.gc.collections ({collection} / 1 sec)[gc.heap.generation=gen1],Rate,0
06/06/2026 22:44:29,System.Runtime,dotnet.jit.compilation.time (s / 1 sec),Rate,0.02106659999999927
06/06/2026 22:44:29,System.Runtime,dotnet.process.cpu.count ({cpu}),Metric,4
06/06/2026 22:44:29,System.Runtime,dotnet.exceptions ({exception} / 1 sec)[error.type=CachedInternalErrorException],Rate,0
06/06/2026 22:44:29,System.Runtime,dotnet.exceptions ({exception} / 1 sec)[error.type=CachedSocketException],Rate,0
06/06/2026 22:44:29,System.Runtime,dotnet.exceptions ({exception} / 1 sec)[error.type=SocketException],Rate,0
06/06/2026 22:44:29,System.Runtime,dotnet.exceptions ({exception} / 1 sec)[error.type=CachedNetworkException],Rate,0
06/06/2026 22:44:30,System.Runtime,dotnet.thread_pool.work_item.count ({work_item} / 1 sec),Rate,32538
06/06/2026 22:44:30,System.Runtime,dotnet.monitor.lock_contentions ({contention} / 1 sec),Rate,115
06/06/2026 22:44:30,System.Runtime,dotnet.gc.last_collection.heap.fragmentation.size (By)[gc.heap.generation=poh],Metric,0
06/06/2026 22:44:30,System.Runtime,dotnet.gc.last_collection.heap.fragmentation.size (By)[gc.heap.generation=loh],Metric,84232
06/06/2026 22:44:30,System.Runtime,dotnet.gc.last_collection.heap.fragmentation.size (By)[gc.heap.generation=gen2],Metric,1365960
06/06/2026 22:44:30,System.Runtime,dotnet.gc.last_collection.heap.fragmentation.size (By)[gc.heap.generation=gen1],Metric,1450464
06/06/2026 22:44:30,System.Runtime,dotnet.gc.last_collection.heap.fragmentation.size (By)[gc.heap.generation=gen0],Metric,0
06/06/2026 22:44:30,System.Runtime,dotnet.gc.pause.time (s / 1 sec),Rate,0
06/06/2026 22:44:30,System.Runtime,dotnet.gc.last_collection.memory.committed_size (By),Metric,580485120
06/06/2026 22:44:30,System.Runtime,dotnet.assembly.count ({assembly}),Metric,54
06/06/2026 22:44:30,System.Runtime,dotnet.thread_pool.queue.length ({work_item} / 1 sec),Rate,0
06/06/2026 22:44:30,System.Runtime,dotnet.jit.compiled_methods ({method} / 1 sec),Rate,0
06/06/2026 22:44:30,System.Runtime,dotnet.jit.compiled_il.size (By / 1 sec),Rate,0
06/06/2026 22:44:30,System.Runtime,dotnet.gc.heap.total_allocated (By / 1 sec),Rate,11500888
06/06/2026 22:44:30,System.Runtime,dotnet.process.memory.working_set (By),Metric,649723904
06/06/2026 22:44:30,System.Runtime,dotnet.thread_pool.thread.count ({thread} / 1 sec),Rate,0
06/06/2026 22:44:30,System.Runtime,dotnet.gc.last_collection.heap.size (By)[gc.heap.generation=poh],Metric,188414080
06/06/2026 22:44:30,System.Runtime,dotnet.gc.last_collection.heap.size (By)[gc.heap.generation=loh],Metric,3875456
06/06/2026 22:44:30,System.Runtime,dotnet.gc.last_collection.heap.size (By)[gc.heap.generation=gen2],Metric,113002240
06/06/2026 22:44:30,System.Runtime,dotnet.gc.last_collection.heap.size (By)[gc.heap.generation=gen1],Metric,106736968
06/06/2026 22:44:30,System.Runtime,dotnet.gc.last_collection.heap.size (By)[gc.heap.generation=gen0],Metric,0
06/06/2026 22:44:30,System.Runtime,dotnet.timer.count ({timer}),Metric,28
06/06/2026 22:44:30,System.Runtime,dotnet.process.cpu.time (s / 1 sec)[cpu.mode=user],Rate,0.44326700000000585
06/06/2026 22:44:30,System.Runtime,dotnet.process.cpu.time (s / 1 sec)[cpu.mode=system],Rate,0.18737599999999688
06/06/2026 22:44:30,System.Runtime,dotnet.gc.collections ({collection} / 1 sec)[gc.heap.generation=gen2],Rate,0
06/06/2026 22:44:30,System.Runtime,dotnet.gc.collections ({collection} / 1 sec)[gc.heap.generation=gen0],Rate,0
06/06/2026 22:44:30,System.Runtime,dotnet.gc.collections ({collection} / 1 sec)[gc.heap.generation=gen1],Rate,0
06/06/2026 22:44:30,System.Runtime,dotnet.jit.compilation.time (s / 1 sec),Rate,0
06/06/2026 22:44:30,System.Runtime,dotnet.process.cpu.count ({cpu}),Metric,4
06/06/2026 22:44:30,System.Runtime,dotnet.exceptions ({exception} / 1 sec)[error.type=CachedInternalErrorException],Rate,0
06/06/2026 22:44:30,System.Runtime,dotnet.exceptions ({exception} / 1 sec)[error.type=CachedSocketException],Rate,0
06/06/2026 22:44:30,System.Runtime,dotnet.exceptions ({exception} / 1 sec)[error.type=SocketException],Rate,0
06/06/2026 22:44:30,System.Runtime,dotnet.exceptions ({exception} / 1 sec)[error.type=CachedNetworkException],Rate,0
06/06/2026 22:44:31,System.Runtime,dotnet.thread_pool.work_item.count ({work_item} / 1 sec),Rate,59974
06/06/2026 22:44:31,System.Runtime,dotnet.monitor.lock_contentions ({contention} / 1 sec),Rate,165
06/06/2026 22:44:31,System.Runtime,dotnet.gc.last_collection.heap.fragmentation.size (By)[gc.heap.generation=poh],Metric,0
06/06/2026 22:44:31,System.Runtime,dotnet.gc.last_collection.heap.fragmentation.size (By)[gc.heap.generation=loh],Metric,84232
06/06/2026 22:44:31,System.Runtime,dotnet.gc.last_collection.heap.fragmentation.size (By)[gc.heap.generation=gen2],Metric,1365960
06/06/2026 22:44:31,System.Runtime,dotnet.gc.last_collection.heap.fragmentation.size (By)[gc.heap.generation=gen1],Metric,1450464
06/06/2026 22:44:31,System.Runtime,dotnet.gc.last_collection.heap.fragmentation.size (By)[gc.heap.generation=gen0],Metric,0
06/06/2026 22:44:31,System.Runtime,dotnet.gc.pause.time (s / 1 sec),Rate,0
06/06/2026 22:44:31,System.Runtime,dotnet.gc.last_collection.memory.committed_size (By),Metric,580485120
06/06/2026 22:44:31,System.Runtime,dotnet.assembly.count ({assembly}),Metric,54
06/06/2026 22:44:31,System.Runtime,dotnet.thread_pool.queue.length ({work_item} / 1 sec),Rate,251
06/06/2026 22:44:31,System.Runtime,dotnet.jit.compiled_methods ({method} / 1 sec),Rate,0
06/06/2026 22:44:31,System.Runtime,dotnet.jit.compiled_il.size (By / 1 sec),Rate,0
06/06/2026 22:44:31,System.Runtime,dotnet.gc.heap.total_allocated (By / 1 sec),Rate,16543904
06/06/2026 22:44:31,System.Runtime,dotnet.process.memory.working_set (By),Metric,649723904
06/06/2026 22:44:31,System.Runtime,dotnet.thread_pool.thread.count ({thread} / 1 sec),Rate,-1
06/06/2026 22:44:31,System.Runtime,dotnet.gc.last_collection.heap.size (By)[gc.heap.generation=poh],Metric,188414080
06/06/2026 22:44:31,System.Runtime,dotnet.gc.last_collection.heap.size (By)[gc.heap.generation=loh],Metric,3875456
06/06/2026 22:44:31,System.Runtime,dotnet.gc.last_collection.heap.size (By)[gc.heap.generation=gen2],Metric,113002240
06/06/2026 22:44:31,System.Runtime,dotnet.gc.last_collection.heap.size (By)[gc.heap.generation=gen1],Metric,106736968
06/06/2026 22:44:31,System.Runtime,dotnet.gc.last_collection.heap.size (By)[gc.heap.generation=gen0],Metric,0
06/06/2026 22:44:31,System.Runtime,dotnet.timer.count ({timer}),Metric,28
06/06/2026 22:44:31,System.Runtime,dotnet.process.cpu.time (s / 1 sec)[cpu.mode=user],Rate,1.508304999999993
06/06/2026 22:44:31,System.Runtime,dotnet.process.cpu.time (s / 1 sec)[cpu.mode=system],Rate,0.4225720000000024
06/06/2026 22:44:31,System.Runtime,dotnet.gc.collections ({collection} / 1 sec)[gc.heap.generation=gen2],Rate,0
06/06/2026 22:44:31,System.Runtime,dotnet.gc.collections ({collection} / 1 sec)[gc.heap.generation=gen0],Rate,0
06/06/2026 22:44:31,System.Runtime,dotnet.gc.collections ({collection} / 1 sec)[gc.heap.generation=gen1],Rate,0
06/06/2026 22:44:31,System.Runtime,dotnet.jit.compilation.time (s / 1 sec),Rate,0
06/06/2026 22:44:31,System.Runtime,dotnet.process.cpu.count ({cpu}),Metric,4
06/06/2026 22:44:31,System.Runtime,dotnet.exceptions ({exception} / 1 sec)[error.type=CachedInternalErrorException],Rate,0
06/06/2026 22:44:31,System.Runtime,dotnet.exceptions ({exception} / 1 sec)[error.type=CachedSocketException],Rate,0
06/06/2026 22:44:31,System.Runtime,dotnet.exceptions ({exception} / 1 sec)[error.type=SocketException],Rate,0
06/06/2026 22:44:31,System.Runtime,dotnet.exceptions ({exception} / 1 sec)[error.type=CachedNetworkException],Rate,0
06/06/2026 22:44:32,System.Runtime,dotnet.thread_pool.work_item.count ({work_item} / 1 sec),Rate,91803
06/06/2026 22:44:32,System.Runtime,dotnet.monitor.lock_contentions ({contention} / 1 sec),Rate,331
06/06/2026 22:44:32,System.Runtime,dotnet.gc.last_collection.heap.fragmentation.size (By)[gc.heap.generation=poh],Metric,0
06/06/2026 22:44:32,System.Runtime,dotnet.gc.last_collection.heap.fragmentation.size (By)[gc.heap.generation=loh],Metric,84232
06/06/2026 22:44:32,System.Runtime,dotnet.gc.last_collection.heap.fragmentation.size (By)[gc.heap.generation=gen2],Metric,1365960
06/06/2026 22:44:32,System.Runtime,dotnet.gc.last_collection.heap.fragmentation.size (By)[gc.heap.generation=gen1],Metric,1450464
06/06/2026 22:44:32,System.Runtime,dotnet.gc.last_collection.heap.fragmentation.size (By)[gc.heap.generation=gen0],Metric,0
06/06/2026 22:44:32,System.Runtime,dotnet.gc.pause.time (s / 1 sec),Rate,0
06/06/2026 22:44:32,System.Runtime,dotnet.gc.last_collection.memory.committed_size (By),Metric,580485120
06/06/2026 22:44:32,System.Runtime,dotnet.assembly.count ({assembly}),Metric,54
06/06/2026 22:44:32,System.Runtime,dotnet.thread_pool.queue.length ({work_item} / 1 sec),Rate,-251
06/06/2026 22:44:32,System.Runtime,dotnet.jit.compiled_methods ({method} / 1 sec),Rate,0
06/06/2026 22:44:32,System.Runtime,dotnet.jit.compiled_il.size (By / 1 sec),Rate,0
06/06/2026 22:44:32,System.Runtime,dotnet.gc.heap.total_allocated (By / 1 sec),Rate,25005472
06/06/2026 22:44:32,System.Runtime,dotnet.process.memory.working_set (By),Metric,649723904
06/06/2026 22:44:32,System.Runtime,dotnet.thread_pool.thread.count ({thread} / 1 sec),Rate,0
06/06/2026 22:44:32,System.Runtime,dotnet.gc.last_collection.heap.size (By)[gc.heap.generation=poh],Metric,188414080
06/06/2026 22:44:32,System.Runtime,dotnet.gc.last_collection.heap.size (By)[gc.heap.generation=loh],Metric,3875456
06/06/2026 22:44:32,System.Runtime,dotnet.gc.last_collection.heap.size (By)[gc.heap.generation=gen2],Metric,113002240
06/06/2026 22:44:32,System.Runtime,dotnet.gc.last_collection.heap.size (By)[gc.heap.generation=gen1],Metric,106736968
06/06/2026 22:44:32,System.Runtime,dotnet.gc.last_collection.heap.size (By)[gc.heap.generation=gen0],Metric,0
06/06/2026 22:44:32,System.Runtime,dotnet.timer.count ({timer}),Metric,28
06/06/2026 22:44:32,System.Runtime,dotnet.process.cpu.time (s / 1 sec)[cpu.mode=user],Rate,2.1597679999999997
06/06/2026 22:44:32,System.Runtime,dotnet.process.cpu.time (s / 1 sec)[cpu.mode=system],Rate,0.5745059999999995
06/06/2026 22:44:32,System.Runtime,dotnet.gc.collections ({collection} / 1 sec)[gc.heap.generation=gen2],Rate,0
06/06/2026 22:44:32,System.Runtime,dotnet.gc.collections ({collection} / 1 sec)[gc.heap.generation=gen0],Rate,0
06/06/2026 22:44:32,System.Runtime,dotnet.gc.collections ({collection} / 1 sec)[gc.heap.generation=gen1],Rate,0
06/06/2026 22:44:32,System.Runtime,dotnet.jit.compilation.time (s / 1 sec),Rate,0
06/06/2026 22:44:32,System.Runtime,dotnet.process.cpu.count ({cpu}),Metric,4
06/06/2026 22:44:32,System.Runtime,dotnet.exceptions ({exception} / 1 sec)[error.type=CachedInternalErrorException],Rate,0
06/06/2026 22:44:32,System.Runtime,dotnet.exceptions ({exception} / 1 sec)[error.type=CachedSocketException],Rate,0
06/06/2026 22:44:32,System.Runtime,dotnet.exceptions ({exception} / 1 sec)[error.type=SocketException],Rate,0
06/06/2026 22:44:32,System.Runtime,dotnet.exceptions ({exception} / 1 sec)[error.type=CachedNetworkException],Rate,0
06/06/2026 22:44:33,System.Runtime,dotnet.thread_pool.work_item.count ({work_item} / 1 sec),Rate,98002
06/06/2026 22:44:33,System.Runtime,dotnet.monitor.lock_contentions ({contention} / 1 sec),Rate,342
06/06/2026 22:44:33,System.Runtime,dotnet.gc.last_collection.heap.fragmentation.size (By)[gc.heap.generation=poh],Metric,0
06/06/2026 22:44:33,System.Runtime,dotnet.gc.last_collection.heap.fragmentation.size (By)[gc.heap.generation=loh],Metric,84232
06/06/2026 22:44:33,System.Runtime,dotnet.gc.last_collection.heap.fragmentation.size (By)[gc.heap.generation=gen2],Metric,1365960
06/06/2026 22:44:33,System.Runtime,dotnet.gc.last_collection.heap.fragmentation.size (By)[gc.heap.generation=gen1],Metric,1450464
06/06/2026 22:44:33,System.Runtime,dotnet.gc.last_collection.heap.fragmentation.size (By)[gc.heap.generation=gen0],Metric,0
06/06/2026 22:44:33,System.Runtime,dotnet.gc.pause.time (s / 1 sec),Rate,0
06/06/2026 22:44:33,System.Runtime,dotnet.gc.last_collection.memory.committed_size (By),Metric,580485120
06/06/2026 22:44:33,System.Runtime,dotnet.assembly.count ({assembly}),Metric,54
06/06/2026 22:44:33,System.Runtime,dotnet.thread_pool.queue.length ({work_item} / 1 sec),Rate,0
06/06/2026 22:44:33,System.Runtime,dotnet.jit.compiled_methods ({method} / 1 sec),Rate,1
06/06/2026 22:44:33,System.Runtime,dotnet.jit.compiled_il.size (By / 1 sec),Rate,62
06/06/2026 22:44:33,System.Runtime,dotnet.gc.heap.total_allocated (By / 1 sec),Rate,24742800
06/06/2026 22:44:33,System.Runtime,dotnet.process.memory.working_set (By),Metric,649723904
06/06/2026 22:44:33,System.Runtime,dotnet.thread_pool.thread.count ({thread} / 1 sec),Rate,0
06/06/2026 22:44:33,System.Runtime,dotnet.gc.last_collection.heap.size (By)[gc.heap.generation=poh],Metric,188414080
06/06/2026 22:44:33,System.Runtime,dotnet.gc.last_collection.heap.size (By)[gc.heap.generation=loh],Metric,3875456
06/06/2026 22:44:33,System.Runtime,dotnet.gc.last_collection.heap.size (By)[gc.heap.generation=gen2],Metric,113002240
06/06/2026 22:44:33,System.Runtime,dotnet.gc.last_collection.heap.size (By)[gc.heap.generation=gen1],Metric,106736968
06/06/2026 22:44:33,System.Runtime,dotnet.gc.last_collection.heap.size (By)[gc.heap.generation=gen0],Metric,0
06/06/2026 22:44:33,System.Runtime,dotnet.timer.count ({timer}),Metric,28
06/06/2026 22:44:33,System.Runtime,dotnet.process.cpu.time (s / 1 sec)[cpu.mode=user],Rate,2.7855960000000124
06/06/2026 22:44:33,System.Runtime,dotnet.process.cpu.time (s / 1 sec)[cpu.mode=system],Rate,0.6692929999999997
06/06/2026 22:44:33,System.Runtime,dotnet.gc.collections ({collection} / 1 sec)[gc.heap.generation=gen2],Rate,0
06/06/2026 22:44:33,System.Runtime,dotnet.gc.collections ({collection} / 1 sec)[gc.heap.generation=gen0],Rate,0
06/06/2026 22:44:33,System.Runtime,dotnet.gc.collections ({collection} / 1 sec)[gc.heap.generation=gen1],Rate,0
06/06/2026 22:44:33,System.Runtime,dotnet.jit.compilation.time (s / 1 sec),Rate,0.0011485000000002188
06/06/2026 22:44:33,System.Runtime,dotnet.process.cpu.count ({cpu}),Metric,4
06/06/2026 22:44:33,System.Runtime,dotnet.exceptions ({exception} / 1 sec)[error.type=CachedInternalErrorException],Rate,0
06/06/2026 22:44:33,System.Runtime,dotnet.exceptions ({exception} / 1 sec)[error.type=CachedSocketException],Rate,0
06/06/2026 22:44:33,System.Runtime,dotnet.exceptions ({exception} / 1 sec)[error.type=SocketException],Rate,0
06/06/2026 22:44:33,System.Runtime,dotnet.exceptions ({exception} / 1 sec)[error.type=CachedNetworkException],Rate,0
06/06/2026 22:44:34,System.Runtime,dotnet.thread_pool.work_item.count ({work_item} / 1 sec),Rate,86208
06/06/2026 22:44:34,System.Runtime,dotnet.monitor.lock_contentions ({contention} / 1 sec),Rate,306
06/06/2026 22:44:34,System.Runtime,dotnet.gc.last_collection.heap.fragmentation.size (By)[gc.heap.generation=poh],Metric,0
06/06/2026 22:44:34,System.Runtime,dotnet.gc.last_collection.heap.fragmentation.size (By)[gc.heap.generation=loh],Metric,84232
06/06/2026 22:44:34,System.Runtime,dotnet.gc.last_collection.heap.fragmentation.size (By)[gc.heap.generation=gen2],Metric,1365960
06/06/2026 22:44:34,System.Runtime,dotnet.gc.last_collection.heap.fragmentation.size (By)[gc.heap.generation=gen1],Metric,1450464
06/06/2026 22:44:34,System.Runtime,dotnet.gc.last_collection.heap.fragmentation.size (By)[gc.heap.generation=gen0],Metric,0
06/06/2026 22:44:34,System.Runtime,dotnet.gc.pause.time (s / 1 sec),Rate,0
06/06/2026 22:44:34,System.Runtime,dotnet.gc.last_collection.memory.committed_size (By),Metric,580485120
06/06/2026 22:44:34,System.Runtime,dotnet.assembly.count ({assembly}),Metric,54
06/06/2026 22:44:34,System.Runtime,dotnet.thread_pool.queue.length ({work_item} / 1 sec),Rate,0
06/06/2026 22:44:34,System.Runtime,dotnet.jit.compiled_methods ({method} / 1 sec),Rate,0
06/06/2026 22:44:34,System.Runtime,dotnet.jit.compiled_il.size (By / 1 sec),Rate,0
06/06/2026 22:44:34,System.Runtime,dotnet.gc.heap.total_allocated (By / 1 sec),Rate,25056032
06/06/2026 22:44:34,System.Runtime,dotnet.process.memory.working_set (By),Metric,649723904
06/06/2026 22:44:34,System.Runtime,dotnet.thread_pool.thread.count ({thread} / 1 sec),Rate,0
06/06/2026 22:44:34,System.Runtime,dotnet.gc.last_collection.heap.size (By)[gc.heap.generation=poh],Metric,188414080
06/06/2026 22:44:34,System.Runtime,dotnet.gc.last_collection.heap.size (By)[gc.heap.generation=loh],Metric,3875456
06/06/2026 22:44:34,System.Runtime,dotnet.gc.last_collection.heap.size (By)[gc.heap.generation=gen2],Metric,113002240
06/06/2026 22:44:34,System.Runtime,dotnet.gc.last_collection.heap.size (By)[gc.heap.generation=gen1],Metric,106736968
06/06/2026 22:44:34,System.Runtime,dotnet.gc.last_collection.heap.size (By)[gc.heap.generation=gen0],Metric,0
06/06/2026 22:44:34,System.Runtime,dotnet.timer.count ({timer}),Metric,28
06/06/2026 22:44:34,System.Runtime,dotnet.process.cpu.time (s / 1 sec)[cpu.mode=user],Rate,1.879257999999993
06/06/2026 22:44:34,System.Runtime,dotnet.process.cpu.time (s / 1 sec)[cpu.mode=system],Rate,0.48097299999999876
06/06/2026 22:44:34,System.Runtime,dotnet.gc.collections ({collection} / 1 sec)[gc.heap.generation=gen2],Rate,0
06/06/2026 22:44:34,System.Runtime,dotnet.gc.collections ({collection} / 1 sec)[gc.heap.generation=gen0],Rate,0
06/06/2026 22:44:34,System.Runtime,dotnet.gc.collections ({collection} / 1 sec)[gc.heap.generation=gen1],Rate,0
06/06/2026 22:44:34,System.Runtime,dotnet.jit.compilation.time (s / 1 sec),Rate,0
06/06/2026 22:44:34,System.Runtime,dotnet.process.cpu.count ({cpu}),Metric,4
06/06/2026 22:44:34,System.Runtime,dotnet.exceptions ({exception} / 1 sec)[error.type=CachedInternalErrorException],Rate,0
06/06/2026 22:44:34,System.Runtime,dotnet.exceptions ({exception} / 1 sec)[error.type=CachedSocketException],Rate,0
06/06/2026 22:44:34,System.Runtime,dotnet.exceptions ({exception} / 1 sec)[error.type=SocketException],Rate,0
06/06/2026 22:44:34,System.Runtime,dotnet.exceptions ({exception} / 1 sec)[error.type=CachedNetworkException],Rate,0
06/06/2026 22:44:35,System.Runtime,dotnet.thread_pool.work_item.count ({work_item} / 1 sec),Rate,32719
06/06/2026 22:44:35,System.Runtime,dotnet.monitor.lock_contentions ({contention} / 1 sec),Rate,202
06/06/2026 22:44:35,System.Runtime,dotnet.gc.last_collection.heap.fragmentation.size (By)[gc.heap.generation=poh],Metric,0
06/06/2026 22:44:35,System.Runtime,dotnet.gc.last_collection.heap.fragmentation.size (By)[gc.heap.generation=loh],Metric,84232
06/06/2026 22:44:35,System.Runtime,dotnet.gc.last_collection.heap.fragmentation.size (By)[gc.heap.generation=gen2],Metric,1365960
06/06/2026 22:44:35,System.Runtime,dotnet.gc.last_collection.heap.fragmentation.size (By)[gc.heap.generation=gen1],Metric,1450464
06/06/2026 22:44:35,System.Runtime,dotnet.gc.last_collection.heap.fragmentation.size (By)[gc.heap.generation=gen0],Metric,0
06/06/2026 22:44:35,System.Runtime,dotnet.gc.pause.time (s / 1 sec),Rate,0
06/06/2026 22:44:35,System.Runtime,dotnet.gc.last_collection.memory.committed_size (By),Metric,580485120
06/06/2026 22:44:35,System.Runtime,dotnet.assembly.count ({assembly}),Metric,54
06/06/2026 22:44:35,System.Runtime,dotnet.thread_pool.queue.length ({work_item} / 1 sec),Rate,0
06/06/2026 22:44:35,System.Runtime,dotnet.jit.compiled_methods ({method} / 1 sec),Rate,0
06/06/2026 22:44:35,System.Runtime,dotnet.jit.compiled_il.size (By / 1 sec),Rate,0
06/06/2026 22:44:35,System.Runtime,dotnet.gc.heap.total_allocated (By / 1 sec),Rate,11247816
06/06/2026 22:44:35,System.Runtime,dotnet.process.memory.working_set (By),Metric,650772480
06/06/2026 22:44:35,System.Runtime,dotnet.thread_pool.thread.count ({thread} / 1 sec),Rate,0
06/06/2026 22:44:35,System.Runtime,dotnet.gc.last_collection.heap.size (By)[gc.heap.generation=poh],Metric,188414080
06/06/2026 22:44:35,System.Runtime,dotnet.gc.last_collection.heap.size (By)[gc.heap.generation=loh],Metric,3875456
06/06/2026 22:44:35,System.Runtime,dotnet.gc.last_collection.heap.size (By)[gc.heap.generation=gen2],Metric,113002240
06/06/2026 22:44:35,System.Runtime,dotnet.gc.last_collection.heap.size (By)[gc.heap.generation=gen1],Metric,106736968
06/06/2026 22:44:35,System.Runtime,dotnet.gc.last_collection.heap.size (By)[gc.heap.generation=gen0],Metric,0
06/06/2026 22:44:35,System.Runtime,dotnet.timer.count ({timer}),Metric,28
06/06/2026 22:44:35,System.Runtime,dotnet.process.cpu.time (s / 1 sec)[cpu.mode=user],Rate,0.5704499999999939
06/06/2026 22:44:35,System.Runtime,dotnet.process.cpu.time (s / 1 sec)[cpu.mode=system],Rate,0.12989900000000176
06/06/2026 22:44:35,System.Runtime,dotnet.gc.collections ({collection} / 1 sec)[gc.heap.generation=gen2],Rate,0
06/06/2026 22:44:35,System.Runtime,dotnet.gc.collections ({collection} / 1 sec)[gc.heap.generation=gen0],Rate,0
06/06/2026 22:44:35,System.Runtime,dotnet.gc.collections ({collection} / 1 sec)[gc.heap.generation=gen1],Rate,0
06/06/2026 22:44:35,System.Runtime,dotnet.jit.compilation.time (s / 1 sec),Rate,0
06/06/2026 22:44:35,System.Runtime,dotnet.process.cpu.count ({cpu}),Metric,4
06/06/2026 22:44:35,System.Runtime,dotnet.exceptions ({exception} / 1 sec)[error.type=CachedInternalErrorException],Rate,0
06/06/2026 22:44:35,System.Runtime,dotnet.exceptions ({exception} / 1 sec)[error.type=CachedSocketException],Rate,0
06/06/2026 22:44:35,System.Runtime,dotnet.exceptions ({exception} / 1 sec)[error.type=SocketException],Rate,0
06/06/2026 22:44:35,System.Runtime,dotnet.exceptions ({exception} / 1 sec)[error.type=CachedNetworkException],Rate,0
06/06/2026 22:44:36,System.Runtime,dotnet.thread_pool.work_item.count ({work_item} / 1 sec),Rate,61534
06/06/2026 22:44:36,System.Runtime,dotnet.monitor.lock_contentions ({contention} / 1 sec),Rate,367
06/06/2026 22:44:36,System.Runtime,dotnet.gc.last_collection.heap.fragmentation.size (By)[gc.heap.generation=poh],Metric,0
06/06/2026 22:44:36,System.Runtime,dotnet.gc.last_collection.heap.fragmentation.size (By)[gc.heap.generation=loh],Metric,84232
06/06/2026 22:44:36,System.Runtime,dotnet.gc.last_collection.heap.fragmentation.size (By)[gc.heap.generation=gen2],Metric,1365960
06/06/2026 22:44:36,System.Runtime,dotnet.gc.last_collection.heap.fragmentation.size (By)[gc.heap.generation=gen1],Metric,1450464
06/06/2026 22:44:36,System.Runtime,dotnet.gc.last_collection.heap.fragmentation.size (By)[gc.heap.generation=gen0],Metric,0
06/06/2026 22:44:36,System.Runtime,dotnet.gc.pause.time (s / 1 sec),Rate,0
06/06/2026 22:44:36,System.Runtime,dotnet.gc.last_collection.memory.committed_size (By),Metric,580485120
06/06/2026 22:44:36,System.Runtime,dotnet.assembly.count ({assembly}),Metric,54
06/06/2026 22:44:36,System.Runtime,dotnet.thread_pool.queue.length ({work_item} / 1 sec),Rate,1
06/06/2026 22:44:36,System.Runtime,dotnet.jit.compiled_methods ({method} / 1 sec),Rate,0
06/06/2026 22:44:36,System.Runtime,dotnet.jit.compiled_il.size (By / 1 sec),Rate,0
06/06/2026 22:44:36,System.Runtime,dotnet.gc.heap.total_allocated (By / 1 sec),Rate,17616680
06/06/2026 22:44:36,System.Runtime,dotnet.process.memory.working_set (By),Metric,657588224
06/06/2026 22:44:36,System.Runtime,dotnet.thread_pool.thread.count ({thread} / 1 sec),Rate,0
06/06/2026 22:44:36,System.Runtime,dotnet.gc.last_collection.heap.size (By)[gc.heap.generation=poh],Metric,188414080
06/06/2026 22:44:36,System.Runtime,dotnet.gc.last_collection.heap.size (By)[gc.heap.generation=loh],Metric,3875456
06/06/2026 22:44:36,System.Runtime,dotnet.gc.last_collection.heap.size (By)[gc.heap.generation=gen2],Metric,113002240
06/06/2026 22:44:36,System.Runtime,dotnet.gc.last_collection.heap.size (By)[gc.heap.generation=gen1],Metric,106736968
06/06/2026 22:44:36,System.Runtime,dotnet.gc.last_collection.heap.size (By)[gc.heap.generation=gen0],Metric,0
06/06/2026 22:44:36,System.Runtime,dotnet.timer.count ({timer}),Metric,28
06/06/2026 22:44:36,System.Runtime,dotnet.process.cpu.time (s / 1 sec)[cpu.mode=user],Rate,1.3684520000000049
06/06/2026 22:44:36,System.Runtime,dotnet.process.cpu.time (s / 1 sec)[cpu.mode=system],Rate,0.3702949999999987
06/06/2026 22:44:36,System.Runtime,dotnet.gc.collections ({collection} / 1 sec)[gc.heap.generation=gen2],Rate,0
06/06/2026 22:44:36,System.Runtime,dotnet.gc.collections ({collection} / 1 sec)[gc.heap.generation=gen0],Rate,0
06/06/2026 22:44:36,System.Runtime,dotnet.gc.collections ({collection} / 1 sec)[gc.heap.generation=gen1],Rate,0
06/06/2026 22:44:36,System.Runtime,dotnet.jit.compilation.time (s / 1 sec),Rate,0
06/06/2026 22:44:36,System.Runtime,dotnet.process.cpu.count ({cpu}),Metric,4
06/06/2026 22:44:36,System.Runtime,dotnet.exceptions ({exception} / 1 sec)[error.type=CachedInternalErrorException],Rate,0
06/06/2026 22:44:36,System.Runtime,dotnet.exceptions ({exception} / 1 sec)[error.type=CachedSocketException],Rate,0
06/06/2026 22:44:36,System.Runtime,dotnet.exceptions ({exception} / 1 sec)[error.type=SocketException],Rate,0
06/06/2026 22:44:36,System.Runtime,dotnet.exceptions ({exception} / 1 sec)[error.type=CachedNetworkException],Rate,0
06/06/2026 22:44:37,System.Runtime,dotnet.thread_pool.work_item.count ({work_item} / 1 sec),Rate,93361
06/06/2026 22:44:37,System.Runtime,dotnet.monitor.lock_contentions ({contention} / 1 sec),Rate,630
06/06/2026 22:44:37,System.Runtime,dotnet.gc.last_collection.heap.fragmentation.size (By)[gc.heap.generation=poh],Metric,0
06/06/2026 22:44:37,System.Runtime,dotnet.gc.last_collection.heap.fragmentation.size (By)[gc.heap.generation=loh],Metric,84232
06/06/2026 22:44:37,System.Runtime,dotnet.gc.last_collection.heap.fragmentation.size (By)[gc.heap.generation=gen2],Metric,1365960
06/06/2026 22:44:37,System.Runtime,dotnet.gc.last_collection.heap.fragmentation.size (By)[gc.heap.generation=gen1],Metric,1450464
06/06/2026 22:44:37,System.Runtime,dotnet.gc.last_collection.heap.fragmentation.size (By)[gc.heap.generation=gen0],Metric,0
06/06/2026 22:44:37,System.Runtime,dotnet.gc.pause.time (s / 1 sec),Rate,0
06/06/2026 22:44:37,System.Runtime,dotnet.gc.last_collection.memory.committed_size (By),Metric,580485120
06/06/2026 22:44:37,System.Runtime,dotnet.assembly.count ({assembly}),Metric,54
06/06/2026 22:44:37,System.Runtime,dotnet.thread_pool.queue.length ({work_item} / 1 sec),Rate,-1
06/06/2026 22:44:37,System.Runtime,dotnet.jit.compiled_methods ({method} / 1 sec),Rate,0
06/06/2026 22:44:37,System.Runtime,dotnet.jit.compiled_il.size (By / 1 sec),Rate,0
06/06/2026 22:44:37,System.Runtime,dotnet.gc.heap.total_allocated (By / 1 sec),Rate,25839800
06/06/2026 22:44:37,System.Runtime,dotnet.process.memory.working_set (By),Metric,678559744
06/06/2026 22:44:37,System.Runtime,dotnet.thread_pool.thread.count ({thread} / 1 sec),Rate,0
06/06/2026 22:44:37,System.Runtime,dotnet.gc.last_collection.heap.size (By)[gc.heap.generation=poh],Metric,188414080
06/06/2026 22:44:37,System.Runtime,dotnet.gc.last_collection.heap.size (By)[gc.heap.generation=loh],Metric,3875456
06/06/2026 22:44:37,System.Runtime,dotnet.gc.last_collection.heap.size (By)[gc.heap.generation=gen2],Metric,113002240
06/06/2026 22:44:37,System.Runtime,dotnet.gc.last_collection.heap.size (By)[gc.heap.generation=gen1],Metric,106736968
06/06/2026 22:44:37,System.Runtime,dotnet.gc.last_collection.heap.size (By)[gc.heap.generation=gen0],Metric,0
06/06/2026 22:44:37,System.Runtime,dotnet.timer.count ({timer}),Metric,28
06/06/2026 22:44:37,System.Runtime,dotnet.process.cpu.time (s / 1 sec)[cpu.mode=user],Rate,2.195032999999995
06/06/2026 22:44:37,System.Runtime,dotnet.process.cpu.time (s / 1 sec)[cpu.mode=system],Rate,0.5284860000000009
06/06/2026 22:44:37,System.Runtime,dotnet.gc.collections ({collection} / 1 sec)[gc.heap.generation=gen2],Rate,0
06/06/2026 22:44:37,System.Runtime,dotnet.gc.collections ({collection} / 1 sec)[gc.heap.generation=gen0],Rate,0
06/06/2026 22:44:37,System.Runtime,dotnet.gc.collections ({collection} / 1 sec)[gc.heap.generation=gen1],Rate,0
06/06/2026 22:44:37,System.Runtime,dotnet.jit.compilation.time (s / 1 sec),Rate,0
06/06/2026 22:44:37,System.Runtime,dotnet.process.cpu.count ({cpu}),Metric,4
06/06/2026 22:44:37,System.Runtime,dotnet.exceptions ({exception} / 1 sec)[error.type=CachedInternalErrorException],Rate,0
06/06/2026 22:44:37,System.Runtime,dotnet.exceptions ({exception} / 1 sec)[error.type=CachedSocketException],Rate,0
06/06/2026 22:44:37,System.Runtime,dotnet.exceptions ({exception} / 1 sec)[error.type=SocketException],Rate,0
06/06/2026 22:44:37,System.Runtime,dotnet.exceptions ({exception} / 1 sec)[error.type=CachedNetworkException],Rate,0
06/06/2026 22:44:38,System.Runtime,dotnet.thread_pool.work_item.count ({work_item} / 1 sec),Rate,70587
06/06/2026 22:44:38,System.Runtime,dotnet.monitor.lock_contentions ({contention} / 1 sec),Rate,250
06/06/2026 22:44:38,System.Runtime,dotnet.gc.last_collection.heap.fragmentation.size (By)[gc.heap.generation=poh],Metric,0
06/06/2026 22:44:38,System.Runtime,dotnet.gc.last_collection.heap.fragmentation.size (By)[gc.heap.generation=loh],Metric,84232
06/06/2026 22:44:38,System.Runtime,dotnet.gc.last_collection.heap.fragmentation.size (By)[gc.heap.generation=gen2],Metric,1335720
06/06/2026 22:44:38,System.Runtime,dotnet.gc.last_collection.heap.fragmentation.size (By)[gc.heap.generation=gen1],Metric,2016
06/06/2026 22:44:38,System.Runtime,dotnet.gc.last_collection.heap.fragmentation.size (By)[gc.heap.generation=gen0],Metric,0
06/06/2026 22:44:38,System.Runtime,dotnet.gc.pause.time (s / 1 sec),Rate,0.27244599999999997
06/06/2026 22:44:38,System.Runtime,dotnet.gc.last_collection.memory.committed_size (By),Metric,614760448
06/06/2026 22:44:38,System.Runtime,dotnet.assembly.count ({assembly}),Metric,54
06/06/2026 22:44:38,System.Runtime,dotnet.thread_pool.queue.length ({work_item} / 1 sec),Rate,712
06/06/2026 22:44:38,System.Runtime,dotnet.jit.compiled_methods ({method} / 1 sec),Rate,1
06/06/2026 22:44:38,System.Runtime,dotnet.jit.compiled_il.size (By / 1 sec),Rate,81
06/06/2026 22:44:38,System.Runtime,dotnet.gc.heap.total_allocated (By / 1 sec),Rate,18020872
06/06/2026 22:44:38,System.Runtime,dotnet.process.memory.working_set (By),Metric,684851200
06/06/2026 22:44:38,System.Runtime,dotnet.thread_pool.thread.count ({thread} / 1 sec),Rate,0
06/06/2026 22:44:38,System.Runtime,dotnet.gc.last_collection.heap.size (By)[gc.heap.generation=poh],Metric,188414080
06/06/2026 22:44:38,System.Runtime,dotnet.gc.last_collection.heap.size (By)[gc.heap.generation=loh],Metric,3875456
06/06/2026 22:44:38,System.Runtime,dotnet.gc.last_collection.heap.size (By)[gc.heap.generation=gen2],Metric,216609800
06/06/2026 22:44:38,System.Runtime,dotnet.gc.last_collection.heap.size (By)[gc.heap.generation=gen1],Metric,88424
06/06/2026 22:44:38,System.Runtime,dotnet.gc.last_collection.heap.size (By)[gc.heap.generation=gen0],Metric,0
06/06/2026 22:44:38,System.Runtime,dotnet.timer.count ({timer}),Metric,28
06/06/2026 22:44:38,System.Runtime,dotnet.process.cpu.time (s / 1 sec)[cpu.mode=user],Rate,2.9448400000000134
06/06/2026 22:44:38,System.Runtime,dotnet.process.cpu.time (s / 1 sec)[cpu.mode=system],Rate,0.5616510000000012
06/06/2026 22:44:38,System.Runtime,dotnet.gc.collections ({collection} / 1 sec)[gc.heap.generation=gen2],Rate,0
06/06/2026 22:44:38,System.Runtime,dotnet.gc.collections ({collection} / 1 sec)[gc.heap.generation=gen0],Rate,0
06/06/2026 22:44:38,System.Runtime,dotnet.gc.collections ({collection} / 1 sec)[gc.heap.generation=gen1],Rate,1
06/06/2026 22:44:38,System.Runtime,dotnet.jit.compilation.time (s / 1 sec),Rate,0.0017361999999998545
06/06/2026 22:44:38,System.Runtime,dotnet.process.cpu.count ({cpu}),Metric,4
06/06/2026 22:44:38,System.Runtime,dotnet.exceptions ({exception} / 1 sec)[error.type=CachedInternalErrorException],Rate,0
06/06/2026 22:44:38,System.Runtime,dotnet.exceptions ({exception} / 1 sec)[error.type=CachedSocketException],Rate,0
06/06/2026 22:44:38,System.Runtime,dotnet.exceptions ({exception} / 1 sec)[error.type=SocketException],Rate,0
06/06/2026 22:44:38,System.Runtime,dotnet.exceptions ({exception} / 1 sec)[error.type=CachedNetworkException],Rate,0
06/06/2026 22:44:39,System.Runtime,dotnet.thread_pool.work_item.count ({work_item} / 1 sec),Rate,101001
06/06/2026 22:44:39,System.Runtime,dotnet.monitor.lock_contentions ({contention} / 1 sec),Rate,295
06/06/2026 22:44:39,System.Runtime,dotnet.gc.last_collection.heap.fragmentation.size (By)[gc.heap.generation=poh],Metric,0
06/06/2026 22:44:39,System.Runtime,dotnet.gc.last_collection.heap.fragmentation.size (By)[gc.heap.generation=loh],Metric,84232
06/06/2026 22:44:39,System.Runtime,dotnet.gc.last_collection.heap.fragmentation.size (By)[gc.heap.generation=gen2],Metric,1335720
06/06/2026 22:44:39,System.Runtime,dotnet.gc.last_collection.heap.fragmentation.size (By)[gc.heap.generation=gen1],Metric,2016
06/06/2026 22:44:39,System.Runtime,dotnet.gc.last_collection.heap.fragmentation.size (By)[gc.heap.generation=gen0],Metric,0
06/06/2026 22:44:39,System.Runtime,dotnet.gc.pause.time (s / 1 sec),Rate,0
06/06/2026 22:44:39,System.Runtime,dotnet.gc.last_collection.memory.committed_size (By),Metric,614760448
06/06/2026 22:44:39,System.Runtime,dotnet.assembly.count ({assembly}),Metric,54
06/06/2026 22:44:39,System.Runtime,dotnet.thread_pool.queue.length ({work_item} / 1 sec),Rate,-686
06/06/2026 22:44:39,System.Runtime,dotnet.jit.compiled_methods ({method} / 1 sec),Rate,0
06/06/2026 22:44:39,System.Runtime,dotnet.jit.compiled_il.size (By / 1 sec),Rate,0
06/06/2026 22:44:39,System.Runtime,dotnet.gc.heap.total_allocated (By / 1 sec),Rate,24878016
06/06/2026 22:44:39,System.Runtime,dotnet.process.memory.working_set (By),Metric,684851200
06/06/2026 22:44:39,System.Runtime,dotnet.thread_pool.thread.count ({thread} / 1 sec),Rate,0
06/06/2026 22:44:39,System.Runtime,dotnet.gc.last_collection.heap.size (By)[gc.heap.generation=poh],Metric,188414080
06/06/2026 22:44:39,System.Runtime,dotnet.gc.last_collection.heap.size (By)[gc.heap.generation=loh],Metric,3875456
06/06/2026 22:44:39,System.Runtime,dotnet.gc.last_collection.heap.size (By)[gc.heap.generation=gen2],Metric,216609800
06/06/2026 22:44:39,System.Runtime,dotnet.gc.last_collection.heap.size (By)[gc.heap.generation=gen1],Metric,88424
06/06/2026 22:44:39,System.Runtime,dotnet.gc.last_collection.heap.size (By)[gc.heap.generation=gen0],Metric,0
06/06/2026 22:44:39,System.Runtime,dotnet.timer.count ({timer}),Metric,28
06/06/2026 22:44:39,System.Runtime,dotnet.process.cpu.time (s / 1 sec)[cpu.mode=user],Rate,2.910774999999987
06/06/2026 22:44:39,System.Runtime,dotnet.process.cpu.time (s / 1 sec)[cpu.mode=system],Rate,0.801364999999997
06/06/2026 22:44:39,System.Runtime,dotnet.gc.collections ({collection} / 1 sec)[gc.heap.generation=gen2],Rate,0
06/06/2026 22:44:39,System.Runtime,dotnet.gc.collections ({collection} / 1 sec)[gc.heap.generation=gen0],Rate,0
06/06/2026 22:44:39,System.Runtime,dotnet.gc.collections ({collection} / 1 sec)[gc.heap.generation=gen1],Rate,0
06/06/2026 22:44:39,System.Runtime,dotnet.jit.compilation.time (s / 1 sec),Rate,0
06/06/2026 22:44:39,System.Runtime,dotnet.process.cpu.count ({cpu}),Metric,4
06/06/2026 22:44:39,System.Runtime,dotnet.exceptions ({exception} / 1 sec)[error.type=CachedInternalErrorException],Rate,0
06/06/2026 22:44:39,System.Runtime,dotnet.exceptions ({exception} / 1 sec)[error.type=CachedSocketException],Rate,0
06/06/2026 22:44:39,System.Runtime,dotnet.exceptions ({exception} / 1 sec)[error.type=SocketException],Rate,0
06/06/2026 22:44:39,System.Runtime,dotnet.exceptions ({exception} / 1 sec)[error.type=CachedNetworkException],Rate,0
06/06/2026 22:44:40,System.Runtime,dotnet.thread_pool.work_item.count ({work_item} / 1 sec),Rate,48825
06/06/2026 22:44:40,System.Runtime,dotnet.monitor.lock_contentions ({contention} / 1 sec),Rate,336
06/06/2026 22:44:40,System.Runtime,dotnet.gc.last_collection.heap.fragmentation.size (By)[gc.heap.generation=poh],Metric,0
06/06/2026 22:44:40,System.Runtime,dotnet.gc.last_collection.heap.fragmentation.size (By)[gc.heap.generation=loh],Metric,84232
06/06/2026 22:44:40,System.Runtime,dotnet.gc.last_collection.heap.fragmentation.size (By)[gc.heap.generation=gen2],Metric,1335720
06/06/2026 22:44:40,System.Runtime,dotnet.gc.last_collection.heap.fragmentation.size (By)[gc.heap.generation=gen1],Metric,2016
06/06/2026 22:44:40,System.Runtime,dotnet.gc.last_collection.heap.fragmentation.size (By)[gc.heap.generation=gen0],Metric,0
06/06/2026 22:44:40,System.Runtime,dotnet.gc.pause.time (s / 1 sec),Rate,0
06/06/2026 22:44:40,System.Runtime,dotnet.gc.last_collection.memory.committed_size (By),Metric,614760448
06/06/2026 22:44:40,System.Runtime,dotnet.assembly.count ({assembly}),Metric,54
06/06/2026 22:44:40,System.Runtime,dotnet.thread_pool.queue.length ({work_item} / 1 sec),Rate,-26
06/06/2026 22:44:40,System.Runtime,dotnet.jit.compiled_methods ({method} / 1 sec),Rate,0
06/06/2026 22:44:40,System.Runtime,dotnet.jit.compiled_il.size (By / 1 sec),Rate,0
06/06/2026 22:44:40,System.Runtime,dotnet.gc.heap.total_allocated (By / 1 sec),Rate,18013688
06/06/2026 22:44:40,System.Runtime,dotnet.process.memory.working_set (By),Metric,684851200
06/06/2026 22:44:40,System.Runtime,dotnet.thread_pool.thread.count ({thread} / 1 sec),Rate,0
06/06/2026 22:44:40,System.Runtime,dotnet.gc.last_collection.heap.size (By)[gc.heap.generation=poh],Metric,188414080
06/06/2026 22:44:40,System.Runtime,dotnet.gc.last_collection.heap.size (By)[gc.heap.generation=loh],Metric,3875456
06/06/2026 22:44:40,System.Runtime,dotnet.gc.last_collection.heap.size (By)[gc.heap.generation=gen2],Metric,216609800
06/06/2026 22:44:40,System.Runtime,dotnet.gc.last_collection.heap.size (By)[gc.heap.generation=gen1],Metric,88424
06/06/2026 22:44:40,System.Runtime,dotnet.gc.last_collection.heap.size (By)[gc.heap.generation=gen0],Metric,0
06/06/2026 22:44:40,System.Runtime,dotnet.timer.count ({timer}),Metric,28
06/06/2026 22:44:40,System.Runtime,dotnet.process.cpu.time (s / 1 sec)[cpu.mode=user],Rate,0.666002000000006
06/06/2026 22:44:40,System.Runtime,dotnet.process.cpu.time (s / 1 sec)[cpu.mode=system],Rate,0.19847600000000298
06/06/2026 22:44:40,System.Runtime,dotnet.gc.collections ({collection} / 1 sec)[gc.heap.generation=gen2],Rate,0
06/06/2026 22:44:40,System.Runtime,dotnet.gc.collections ({collection} / 1 sec)[gc.heap.generation=gen0],Rate,0
06/06/2026 22:44:40,System.Runtime,dotnet.gc.collections ({collection} / 1 sec)[gc.heap.generation=gen1],Rate,0
06/06/2026 22:44:40,System.Runtime,dotnet.jit.compilation.time (s / 1 sec),Rate,0
06/06/2026 22:44:40,System.Runtime,dotnet.process.cpu.count ({cpu}),Metric,4
06/06/2026 22:44:40,System.Runtime,dotnet.exceptions ({exception} / 1 sec)[error.type=CachedInternalErrorException],Rate,0
06/06/2026 22:44:40,System.Runtime,dotnet.exceptions ({exception} / 1 sec)[error.type=CachedSocketException],Rate,0
06/06/2026 22:44:40,System.Runtime,dotnet.exceptions ({exception} / 1 sec)[error.type=SocketException],Rate,0
06/06/2026 22:44:40,System.Runtime,dotnet.exceptions ({exception} / 1 sec)[error.type=CachedNetworkException],Rate,0
06/06/2026 22:44:41,System.Runtime,dotnet.thread_pool.work_item.count ({work_item} / 1 sec),Rate,38826
06/06/2026 22:44:41,System.Runtime,dotnet.monitor.lock_contentions ({contention} / 1 sec),Rate,160
06/06/2026 22:44:41,System.Runtime,dotnet.gc.last_collection.heap.fragmentation.size (By)[gc.heap.generation=poh],Metric,0
06/06/2026 22:44:41,System.Runtime,dotnet.gc.last_collection.heap.fragmentation.size (By)[gc.heap.generation=loh],Metric,84232
06/06/2026 22:44:41,System.Runtime,dotnet.gc.last_collection.heap.fragmentation.size (By)[gc.heap.generation=gen2],Metric,1335720
06/06/2026 22:44:41,System.Runtime,dotnet.gc.last_collection.heap.fragmentation.size (By)[gc.heap.generation=gen1],Metric,2016
06/06/2026 22:44:41,System.Runtime,dotnet.gc.last_collection.heap.fragmentation.size (By)[gc.heap.generation=gen0],Metric,0
06/06/2026 22:44:41,System.Runtime,dotnet.gc.pause.time (s / 1 sec),Rate,0
06/06/2026 22:44:41,System.Runtime,dotnet.gc.last_collection.memory.committed_size (By),Metric,614760448
06/06/2026 22:44:41,System.Runtime,dotnet.assembly.count ({assembly}),Metric,54
06/06/2026 22:44:41,System.Runtime,dotnet.thread_pool.queue.length ({work_item} / 1 sec),Rate,0
06/06/2026 22:44:41,System.Runtime,dotnet.jit.compiled_methods ({method} / 1 sec),Rate,0
06/06/2026 22:44:41,System.Runtime,dotnet.jit.compiled_il.size (By / 1 sec),Rate,0
06/06/2026 22:44:41,System.Runtime,dotnet.gc.heap.total_allocated (By / 1 sec),Rate,11638208
06/06/2026 22:44:41,System.Runtime,dotnet.process.memory.working_set (By),Metric,684851200
06/06/2026 22:44:41,System.Runtime,dotnet.thread_pool.thread.count ({thread} / 1 sec),Rate,0
06/06/2026 22:44:41,System.Runtime,dotnet.gc.last_collection.heap.size (By)[gc.heap.generation=poh],Metric,188414080
06/06/2026 22:44:41,System.Runtime,dotnet.gc.last_collection.heap.size (By)[gc.heap.generation=loh],Metric,3875456
06/06/2026 22:44:41,System.Runtime,dotnet.gc.last_collection.heap.size (By)[gc.heap.generation=gen2],Metric,216609800
06/06/2026 22:44:41,System.Runtime,dotnet.gc.last_collection.heap.size (By)[gc.heap.generation=gen1],Metric,88424
06/06/2026 22:44:41,System.Runtime,dotnet.gc.last_collection.heap.size (By)[gc.heap.generation=gen0],Metric,0
06/06/2026 22:44:41,System.Runtime,dotnet.timer.count ({timer}),Metric,28
06/06/2026 22:44:41,System.Runtime,dotnet.process.cpu.time (s / 1 sec)[cpu.mode=user],Rate,0.8096900000000034
06/06/2026 22:44:41,System.Runtime,dotnet.process.cpu.time (s / 1 sec)[cpu.mode=system],Rate,0.2179739999999981
06/06/2026 22:44:41,System.Runtime,dotnet.gc.collections ({collection} / 1 sec)[gc.heap.generation=gen2],Rate,0
06/06/2026 22:44:41,System.Runtime,dotnet.gc.collections ({collection} / 1 sec)[gc.heap.generation=gen0],Rate,0
06/06/2026 22:44:41,System.Runtime,dotnet.gc.collections ({collection} / 1 sec)[gc.heap.generation=gen1],Rate,0
06/06/2026 22:44:41,System.Runtime,dotnet.jit.compilation.time (s / 1 sec),Rate,0
06/06/2026 22:44:41,System.Runtime,dotnet.process.cpu.count ({cpu}),Metric,4
06/06/2026 22:44:41,System.Runtime,dotnet.exceptions ({exception} / 1 sec)[error.type=CachedInternalErrorException],Rate,0
06/06/2026 22:44:41,System.Runtime,dotnet.exceptions ({exception} / 1 sec)[error.type=CachedSocketException],Rate,0
06/06/2026 22:44:41,System.Runtime,dotnet.exceptions ({exception} / 1 sec)[error.type=SocketException],Rate,0
06/06/2026 22:44:41,System.Runtime,dotnet.exceptions ({exception} / 1 sec)[error.type=CachedNetworkException],Rate,0
06/06/2026 22:44:42,System.Runtime,dotnet.thread_pool.work_item.count ({work_item} / 1 sec),Rate,319
06/06/2026 22:44:42,System.Runtime,dotnet.monitor.lock_contentions ({contention} / 1 sec),Rate,38
06/06/2026 22:44:42,System.Runtime,dotnet.gc.last_collection.heap.fragmentation.size (By)[gc.heap.generation=poh],Metric,0
06/06/2026 22:44:42,System.Runtime,dotnet.gc.last_collection.heap.fragmentation.size (By)[gc.heap.generation=loh],Metric,84232
06/06/2026 22:44:42,System.Runtime,dotnet.gc.last_collection.heap.fragmentation.size (By)[gc.heap.generation=gen2],Metric,1335720
06/06/2026 22:44:42,System.Runtime,dotnet.gc.last_collection.heap.fragmentation.size (By)[gc.heap.generation=gen1],Metric,2016
06/06/2026 22:44:42,System.Runtime,dotnet.gc.last_collection.heap.fragmentation.size (By)[gc.heap.generation=gen0],Metric,0
06/06/2026 22:44:42,System.Runtime,dotnet.gc.pause.time (s / 1 sec),Rate,0
06/06/2026 22:44:42,System.Runtime,dotnet.gc.last_collection.memory.committed_size (By),Metric,614760448
06/06/2026 22:44:42,System.Runtime,dotnet.assembly.count ({assembly}),Metric,54
06/06/2026 22:44:42,System.Runtime,dotnet.thread_pool.queue.length ({work_item} / 1 sec),Rate,0
06/06/2026 22:44:42,System.Runtime,dotnet.jit.compiled_methods ({method} / 1 sec),Rate,1
06/06/2026 22:44:42,System.Runtime,dotnet.jit.compiled_il.size (By / 1 sec),Rate,161
06/06/2026 22:44:42,System.Runtime,dotnet.gc.heap.total_allocated (By / 1 sec),Rate,380344
06/06/2026 22:44:42,System.Runtime,dotnet.process.memory.working_set (By),Metric,684851200
06/06/2026 22:44:42,System.Runtime,dotnet.thread_pool.thread.count ({thread} / 1 sec),Rate,0
06/06/2026 22:44:42,System.Runtime,dotnet.gc.last_collection.heap.size (By)[gc.heap.generation=poh],Metric,188414080
06/06/2026 22:44:42,System.Runtime,dotnet.gc.last_collection.heap.size (By)[gc.heap.generation=loh],Metric,3875456
06/06/2026 22:44:42,System.Runtime,dotnet.gc.last_collection.heap.size (By)[gc.heap.generation=gen2],Metric,216609800
06/06/2026 22:44:42,System.Runtime,dotnet.gc.last_collection.heap.size (By)[gc.heap.generation=gen1],Metric,88424
06/06/2026 22:44:42,System.Runtime,dotnet.gc.last_collection.heap.size (By)[gc.heap.generation=gen0],Metric,0
06/06/2026 22:44:42,System.Runtime,dotnet.timer.count ({timer}),Metric,28
06/06/2026 22:44:42,System.Runtime,dotnet.process.cpu.time (s / 1 sec)[cpu.mode=user],Rate,0.010472999999990407
06/06/2026 22:44:42,System.Runtime,dotnet.process.cpu.time (s / 1 sec)[cpu.mode=system],Rate,0.005532999999999788
06/06/2026 22:44:42,System.Runtime,dotnet.gc.collections ({collection} / 1 sec)[gc.heap.generation=gen2],Rate,0
06/06/2026 22:44:42,System.Runtime,dotnet.gc.collections ({collection} / 1 sec)[gc.heap.generation=gen0],Rate,0
06/06/2026 22:44:42,System.Runtime,dotnet.gc.collections ({collection} / 1 sec)[gc.heap.generation=gen1],Rate,0
06/06/2026 22:44:42,System.Runtime,dotnet.jit.compilation.time (s / 1 sec),Rate,0.002025900000000469
06/06/2026 22:44:42,System.Runtime,dotnet.process.cpu.count ({cpu}),Metric,4
06/06/2026 22:44:42,System.Runtime,dotnet.exceptions ({exception} / 1 sec)[error.type=CachedInternalErrorException],Rate,0
06/06/2026 22:44:42,System.Runtime,dotnet.exceptions ({exception} / 1 sec)[error.type=CachedSocketException],Rate,0
06/06/2026 22:44:42,System.Runtime,dotnet.exceptions ({exception} / 1 sec)[error.type=SocketException],Rate,0
06/06/2026 22:44:42,System.Runtime,dotnet.exceptions ({exception} / 1 sec)[error.type=CachedNetworkException],Rate,0
06/06/2026 22:44:43,System.Runtime,dotnet.thread_pool.work_item.count ({work_item} / 1 sec),Rate,68753
06/06/2026 22:44:43,System.Runtime,dotnet.monitor.lock_contentions ({contention} / 1 sec),Rate,144
06/06/2026 22:44:43,System.Runtime,dotnet.gc.last_collection.heap.fragmentation.size (By)[gc.heap.generation=poh],Metric,0
06/06/2026 22:44:43,System.Runtime,dotnet.gc.last_collection.heap.fragmentation.size (By)[gc.heap.generation=loh],Metric,84232
06/06/2026 22:44:43,System.Runtime,dotnet.gc.last_collection.heap.fragmentation.size (By)[gc.heap.generation=gen2],Metric,1335720
06/06/2026 22:44:43,System.Runtime,dotnet.gc.last_collection.heap.fragmentation.size (By)[gc.heap.generation=gen1],Metric,2016
06/06/2026 22:44:43,System.Runtime,dotnet.gc.last_collection.heap.fragmentation.size (By)[gc.heap.generation=gen0],Metric,0
06/06/2026 22:44:43,System.Runtime,dotnet.gc.pause.time (s / 1 sec),Rate,0
06/06/2026 22:44:43,System.Runtime,dotnet.gc.last_collection.memory.committed_size (By),Metric,614760448
06/06/2026 22:44:43,System.Runtime,dotnet.assembly.count ({assembly}),Metric,54
06/06/2026 22:44:43,System.Runtime,dotnet.thread_pool.queue.length ({work_item} / 1 sec),Rate,1705
06/06/2026 22:44:43,System.Runtime,dotnet.jit.compiled_methods ({method} / 1 sec),Rate,0
06/06/2026 22:44:43,System.Runtime,dotnet.jit.compiled_il.size (By / 1 sec),Rate,0
06/06/2026 22:44:43,System.Runtime,dotnet.gc.heap.total_allocated (By / 1 sec),Rate,17194936
06/06/2026 22:44:43,System.Runtime,dotnet.process.memory.working_set (By),Metric,684851200
06/06/2026 22:44:43,System.Runtime,dotnet.thread_pool.thread.count ({thread} / 1 sec),Rate,1
06/06/2026 22:44:43,System.Runtime,dotnet.gc.last_collection.heap.size (By)[gc.heap.generation=poh],Metric,188414080
06/06/2026 22:44:43,System.Runtime,dotnet.gc.last_collection.heap.size (By)[gc.heap.generation=loh],Metric,3875456
06/06/2026 22:44:43,System.Runtime,dotnet.gc.last_collection.heap.size (By)[gc.heap.generation=gen2],Metric,216609800
06/06/2026 22:44:43,System.Runtime,dotnet.gc.last_collection.heap.size (By)[gc.heap.generation=gen1],Metric,88424
06/06/2026 22:44:43,System.Runtime,dotnet.gc.last_collection.heap.size (By)[gc.heap.generation=gen0],Metric,0
06/06/2026 22:44:43,System.Runtime,dotnet.timer.count ({timer}),Metric,17
06/06/2026 22:44:43,System.Runtime,dotnet.process.cpu.time (s / 1 sec)[cpu.mode=user],Rate,1.9735040000000055
06/06/2026 22:44:43,System.Runtime,dotnet.process.cpu.time (s / 1 sec)[cpu.mode=system],Rate,0.6526400000000017
06/06/2026 22:44:43,System.Runtime,dotnet.gc.collections ({collection} / 1 sec)[gc.heap.generation=gen2],Rate,0
06/06/2026 22:44:43,System.Runtime,dotnet.gc.collections ({collection} / 1 sec)[gc.heap.generation=gen0],Rate,0
06/06/2026 22:44:43,System.Runtime,dotnet.gc.collections ({collection} / 1 sec)[gc.heap.generation=gen1],Rate,0
06/06/2026 22:44:43,System.Runtime,dotnet.jit.compilation.time (s / 1 sec),Rate,0
06/06/2026 22:44:43,System.Runtime,dotnet.process.cpu.count ({cpu}),Metric,4
06/06/2026 22:44:43,System.Runtime,dotnet.exceptions ({exception} / 1 sec)[error.type=CachedInternalErrorException],Rate,0
06/06/2026 22:44:43,System.Runtime,dotnet.exceptions ({exception} / 1 sec)[error.type=CachedSocketException],Rate,0
06/06/2026 22:44:43,System.Runtime,dotnet.exceptions ({exception} / 1 sec)[error.type=SocketException],Rate,0
06/06/2026 22:44:43,System.Runtime,dotnet.exceptions ({exception} / 1 sec)[error.type=CachedNetworkException],Rate,0
06/06/2026 22:44:44,System.Runtime,dotnet.thread_pool.work_item.count ({work_item} / 1 sec),Rate,71916
06/06/2026 22:44:44,System.Runtime,dotnet.monitor.lock_contentions ({contention} / 1 sec),Rate,182
06/06/2026 22:44:44,System.Runtime,dotnet.gc.last_collection.heap.fragmentation.size (By)[gc.heap.generation=poh],Metric,0
06/06/2026 22:44:44,System.Runtime,dotnet.gc.last_collection.heap.fragmentation.size (By)[gc.heap.generation=loh],Metric,84232
06/06/2026 22:44:44,System.Runtime,dotnet.gc.last_collection.heap.fragmentation.size (By)[gc.heap.generation=gen2],Metric,1335720
06/06/2026 22:44:44,System.Runtime,dotnet.gc.last_collection.heap.fragmentation.size (By)[gc.heap.generation=gen1],Metric,2016
06/06/2026 22:44:44,System.Runtime,dotnet.gc.last_collection.heap.fragmentation.size (By)[gc.heap.generation=gen0],Metric,0
06/06/2026 22:44:44,System.Runtime,dotnet.gc.pause.time (s / 1 sec),Rate,0
06/06/2026 22:44:44,System.Runtime,dotnet.gc.last_collection.memory.committed_size (By),Metric,614760448
06/06/2026 22:44:44,System.Runtime,dotnet.assembly.count ({assembly}),Metric,54
06/06/2026 22:44:44,System.Runtime,dotnet.thread_pool.queue.length ({work_item} / 1 sec),Rate,-1705
06/06/2026 22:44:44,System.Runtime,dotnet.jit.compiled_methods ({method} / 1 sec),Rate,38
06/06/2026 22:44:44,System.Runtime,dotnet.jit.compiled_il.size (By / 1 sec),Rate,2497
06/06/2026 22:44:44,System.Runtime,dotnet.gc.heap.total_allocated (By / 1 sec),Rate,52948400
06/06/2026 22:44:44,System.Runtime,dotnet.process.memory.working_set (By),Metric,684851200
06/06/2026 22:44:44,System.Runtime,dotnet.thread_pool.thread.count ({thread} / 1 sec),Rate,0
06/06/2026 22:44:44,System.Runtime,dotnet.gc.last_collection.heap.size (By)[gc.heap.generation=poh],Metric,188414080
06/06/2026 22:44:44,System.Runtime,dotnet.gc.last_collection.heap.size (By)[gc.heap.generation=loh],Metric,3875456
06/06/2026 22:44:44,System.Runtime,dotnet.gc.last_collection.heap.size (By)[gc.heap.generation=gen2],Metric,216609800
06/06/2026 22:44:44,System.Runtime,dotnet.gc.last_collection.heap.size (By)[gc.heap.generation=gen1],Metric,88424
06/06/2026 22:44:44,System.Runtime,dotnet.gc.last_collection.heap.size (By)[gc.heap.generation=gen0],Metric,0
06/06/2026 22:44:44,System.Runtime,dotnet.timer.count ({timer}),Metric,28
06/06/2026 22:44:44,System.Runtime,dotnet.process.cpu.time (s / 1 sec)[cpu.mode=user],Rate,1.8149999999999977
06/06/2026 22:44:44,System.Runtime,dotnet.process.cpu.time (s / 1 sec)[cpu.mode=system],Rate,0.6827729999999974
06/06/2026 22:44:44,System.Runtime,dotnet.gc.collections ({collection} / 1 sec)[gc.heap.generation=gen2],Rate,0
06/06/2026 22:44:44,System.Runtime,dotnet.gc.collections ({collection} / 1 sec)[gc.heap.generation=gen0],Rate,0
06/06/2026 22:44:44,System.Runtime,dotnet.gc.collections ({collection} / 1 sec)[gc.heap.generation=gen1],Rate,0
06/06/2026 22:44:44,System.Runtime,dotnet.jit.compilation.time (s / 1 sec),Rate,0.024357199999999857
06/06/2026 22:44:44,System.Runtime,dotnet.process.cpu.count ({cpu}),Metric,4
06/06/2026 22:44:44,System.Runtime,dotnet.exceptions ({exception} / 1 sec)[error.type=CachedInternalErrorException],Rate,0
06/06/2026 22:44:44,System.Runtime,dotnet.exceptions ({exception} / 1 sec)[error.type=CachedSocketException],Rate,0
06/06/2026 22:44:44,System.Runtime,dotnet.exceptions ({exception} / 1 sec)[error.type=SocketException],Rate,0
06/06/2026 22:44:44,System.Runtime,dotnet.exceptions ({exception} / 1 sec)[error.type=CachedNetworkException],Rate,19995
06/06/2026 22:44:45,System.Runtime,dotnet.thread_pool.work_item.count ({work_item} / 1 sec),Rate,318
06/06/2026 22:44:45,System.Runtime,dotnet.monitor.lock_contentions ({contention} / 1 sec),Rate,16
06/06/2026 22:44:45,System.Runtime,dotnet.gc.last_collection.heap.fragmentation.size (By)[gc.heap.generation=poh],Metric,0
06/06/2026 22:44:45,System.Runtime,dotnet.gc.last_collection.heap.fragmentation.size (By)[gc.heap.generation=loh],Metric,84232
06/06/2026 22:44:45,System.Runtime,dotnet.gc.last_collection.heap.fragmentation.size (By)[gc.heap.generation=gen2],Metric,1335720
06/06/2026 22:44:45,System.Runtime,dotnet.gc.last_collection.heap.fragmentation.size (By)[gc.heap.generation=gen1],Metric,2016
06/06/2026 22:44:45,System.Runtime,dotnet.gc.last_collection.heap.fragmentation.size (By)[gc.heap.generation=gen0],Metric,0
06/06/2026 22:44:45,System.Runtime,dotnet.gc.pause.time (s / 1 sec),Rate,0
06/06/2026 22:44:45,System.Runtime,dotnet.gc.last_collection.memory.committed_size (By),Metric,614760448
06/06/2026 22:44:45,System.Runtime,dotnet.assembly.count ({assembly}),Metric,54
06/06/2026 22:44:45,System.Runtime,dotnet.thread_pool.queue.length ({work_item} / 1 sec),Rate,0
06/06/2026 22:44:45,System.Runtime,dotnet.jit.compiled_methods ({method} / 1 sec),Rate,9
06/06/2026 22:44:45,System.Runtime,dotnet.jit.compiled_il.size (By / 1 sec),Rate,106
06/06/2026 22:44:45,System.Runtime,dotnet.gc.heap.total_allocated (By / 1 sec),Rate,286192
06/06/2026 22:44:45,System.Runtime,dotnet.process.memory.working_set (By),Metric,684851200
06/06/2026 22:44:45,System.Runtime,dotnet.thread_pool.thread.count ({thread} / 1 sec),Rate,0
06/06/2026 22:44:45,System.Runtime,dotnet.gc.last_collection.heap.size (By)[gc.heap.generation=poh],Metric,188414080
06/06/2026 22:44:45,System.Runtime,dotnet.gc.last_collection.heap.size (By)[gc.heap.generation=loh],Metric,3875456
06/06/2026 22:44:45,System.Runtime,dotnet.gc.last_collection.heap.size (By)[gc.heap.generation=gen2],Metric,216609800
06/06/2026 22:44:45,System.Runtime,dotnet.gc.last_collection.heap.size (By)[gc.heap.generation=gen1],Metric,88424
06/06/2026 22:44:45,System.Runtime,dotnet.gc.last_collection.heap.size (By)[gc.heap.generation=gen0],Metric,0
06/06/2026 22:44:45,System.Runtime,dotnet.timer.count ({timer}),Metric,28
06/06/2026 22:44:45,System.Runtime,dotnet.process.cpu.time (s / 1 sec)[cpu.mode=user],Rate,0.010362999999998124
06/06/2026 22:44:45,System.Runtime,dotnet.process.cpu.time (s / 1 sec)[cpu.mode=system],Rate,0.0002710000000014645
06/06/2026 22:44:45,System.Runtime,dotnet.gc.collections ({collection} / 1 sec)[gc.heap.generation=gen2],Rate,0
06/06/2026 22:44:45,System.Runtime,dotnet.gc.collections ({collection} / 1 sec)[gc.heap.generation=gen0],Rate,0
06/06/2026 22:44:45,System.Runtime,dotnet.gc.collections ({collection} / 1 sec)[gc.heap.generation=gen1],Rate,0
06/06/2026 22:44:45,System.Runtime,dotnet.jit.compilation.time (s / 1 sec),Rate,0.001581400000000066
06/06/2026 22:44:45,System.Runtime,dotnet.process.cpu.count ({cpu}),Metric,4
06/06/2026 22:44:45,System.Runtime,dotnet.exceptions ({exception} / 1 sec)[error.type=CachedInternalErrorException],Rate,0
06/06/2026 22:44:45,System.Runtime,dotnet.exceptions ({exception} / 1 sec)[error.type=CachedSocketException],Rate,0
06/06/2026 22:44:45,System.Runtime,dotnet.exceptions ({exception} / 1 sec)[error.type=SocketException],Rate,0
06/06/2026 22:44:45,System.Runtime,dotnet.exceptions ({exception} / 1 sec)[error.type=CachedNetworkException],Rate,0
06/06/2026 22:44:46,System.Runtime,dotnet.thread_pool.work_item.count ({work_item} / 1 sec),Rate,312
06/06/2026 22:44:46,System.Runtime,dotnet.monitor.lock_contentions ({contention} / 1 sec),Rate,4
06/06/2026 22:44:46,System.Runtime,dotnet.gc.last_collection.heap.fragmentation.size (By)[gc.heap.generation=poh],Metric,0
06/06/2026 22:44:46,System.Runtime,dotnet.gc.last_collection.heap.fragmentation.size (By)[gc.heap.generation=loh],Metric,84232
06/06/2026 22:44:46,System.Runtime,dotnet.gc.last_collection.heap.fragmentation.size (By)[gc.heap.generation=gen2],Metric,1335720
06/06/2026 22:44:46,System.Runtime,dotnet.gc.last_collection.heap.fragmentation.size (By)[gc.heap.generation=gen1],Metric,2016
06/06/2026 22:44:46,System.Runtime,dotnet.gc.last_collection.heap.fragmentation.size (By)[gc.heap.generation=gen0],Metric,0
06/06/2026 22:44:46,System.Runtime,dotnet.gc.pause.time (s / 1 sec),Rate,0
06/06/2026 22:44:46,System.Runtime,dotnet.gc.last_collection.memory.committed_size (By),Metric,614760448
06/06/2026 22:44:46,System.Runtime,dotnet.assembly.count ({assembly}),Metric,54
06/06/2026 22:44:46,System.Runtime,dotnet.thread_pool.queue.length ({work_item} / 1 sec),Rate,0
06/06/2026 22:44:46,System.Runtime,dotnet.jit.compiled_methods ({method} / 1 sec),Rate,25
06/06/2026 22:44:46,System.Runtime,dotnet.jit.compiled_il.size (By / 1 sec),Rate,950
06/06/2026 22:44:46,System.Runtime,dotnet.gc.heap.total_allocated (By / 1 sec),Rate,278624
06/06/2026 22:44:46,System.Runtime,dotnet.process.memory.working_set (By),Metric,685375488
06/06/2026 22:44:46,System.Runtime,dotnet.thread_pool.thread.count ({thread} / 1 sec),Rate,0
06/06/2026 22:44:46,System.Runtime,dotnet.gc.last_collection.heap.size (By)[gc.heap.generation=poh],Metric,188414080
06/06/2026 22:44:46,System.Runtime,dotnet.gc.last_collection.heap.size (By)[gc.heap.generation=loh],Metric,3875456
06/06/2026 22:44:46,System.Runtime,dotnet.gc.last_collection.heap.size (By)[gc.heap.generation=gen2],Metric,216609800
06/06/2026 22:44:46,System.Runtime,dotnet.gc.last_collection.heap.size (By)[gc.heap.generation=gen1],Metric,88424
06/06/2026 22:44:46,System.Runtime,dotnet.gc.last_collection.heap.size (By)[gc.heap.generation=gen0],Metric,0
06/06/2026 22:44:46,System.Runtime,dotnet.timer.count ({timer}),Metric,28
06/06/2026 22:44:46,System.Runtime,dotnet.process.cpu.time (s / 1 sec)[cpu.mode=user],Rate,0.020606999999998266
06/06/2026 22:44:46,System.Runtime,dotnet.process.cpu.time (s / 1 sec)[cpu.mode=system],Rate,0
06/06/2026 22:44:46,System.Runtime,dotnet.gc.collections ({collection} / 1 sec)[gc.heap.generation=gen2],Rate,0
06/06/2026 22:44:46,System.Runtime,dotnet.gc.collections ({collection} / 1 sec)[gc.heap.generation=gen0],Rate,0
06/06/2026 22:44:46,System.Runtime,dotnet.gc.collections ({collection} / 1 sec)[gc.heap.generation=gen1],Rate,0
06/06/2026 22:44:46,System.Runtime,dotnet.jit.compilation.time (s / 1 sec),Rate,0.010352300000000092
06/06/2026 22:44:46,System.Runtime,dotnet.process.cpu.count ({cpu}),Metric,4
06/06/2026 22:44:46,System.Runtime,dotnet.exceptions ({exception} / 1 sec)[error.type=CachedInternalErrorException],Rate,0
06/06/2026 22:44:46,System.Runtime,dotnet.exceptions ({exception} / 1 sec)[error.type=CachedSocketException],Rate,0
06/06/2026 22:44:46,System.Runtime,dotnet.exceptions ({exception} / 1 sec)[error.type=SocketException],Rate,0
06/06/2026 22:44:46,System.Runtime,dotnet.exceptions ({exception} / 1 sec)[error.type=CachedNetworkException],Rate,0
06/06/2026 22:44:47,System.Runtime,dotnet.thread_pool.work_item.count ({work_item} / 1 sec),Rate,328
06/06/2026 22:44:47,System.Runtime,dotnet.monitor.lock_contentions ({contention} / 1 sec),Rate,3
06/06/2026 22:44:47,System.Runtime,dotnet.gc.last_collection.heap.fragmentation.size (By)[gc.heap.generation=poh],Metric,0
06/06/2026 22:44:47,System.Runtime,dotnet.gc.last_collection.heap.fragmentation.size (By)[gc.heap.generation=loh],Metric,84232
06/06/2026 22:44:47,System.Runtime,dotnet.gc.last_collection.heap.fragmentation.size (By)[gc.heap.generation=gen2],Metric,1335720
06/06/2026 22:44:47,System.Runtime,dotnet.gc.last_collection.heap.fragmentation.size (By)[gc.heap.generation=gen1],Metric,2016
06/06/2026 22:44:47,System.Runtime,dotnet.gc.last_collection.heap.fragmentation.size (By)[gc.heap.generation=gen0],Metric,0
06/06/2026 22:44:47,System.Runtime,dotnet.gc.pause.time (s / 1 sec),Rate,0
06/06/2026 22:44:47,System.Runtime,dotnet.gc.last_collection.memory.committed_size (By),Metric,614760448
06/06/2026 22:44:47,System.Runtime,dotnet.assembly.count ({assembly}),Metric,54
06/06/2026 22:44:47,System.Runtime,dotnet.thread_pool.queue.length ({work_item} / 1 sec),Rate,0
06/06/2026 22:44:47,System.Runtime,dotnet.jit.compiled_methods ({method} / 1 sec),Rate,31
06/06/2026 22:44:47,System.Runtime,dotnet.jit.compiled_il.size (By / 1 sec),Rate,1341
06/06/2026 22:44:47,System.Runtime,dotnet.gc.heap.total_allocated (By / 1 sec),Rate,326048
06/06/2026 22:44:47,System.Runtime,dotnet.process.memory.working_set (By),Metric,685899776
06/06/2026 22:44:47,System.Runtime,dotnet.thread_pool.thread.count ({thread} / 1 sec),Rate,0
06/06/2026 22:44:47,System.Runtime,dotnet.gc.last_collection.heap.size (By)[gc.heap.generation=poh],Metric,188414080
06/06/2026 22:44:47,System.Runtime,dotnet.gc.last_collection.heap.size (By)[gc.heap.generation=loh],Metric,3875456
06/06/2026 22:44:47,System.Runtime,dotnet.gc.last_collection.heap.size (By)[gc.heap.generation=gen2],Metric,216609800
06/06/2026 22:44:47,System.Runtime,dotnet.gc.last_collection.heap.size (By)[gc.heap.generation=gen1],Metric,88424
06/06/2026 22:44:47,System.Runtime,dotnet.gc.last_collection.heap.size (By)[gc.heap.generation=gen0],Metric,0
06/06/2026 22:44:47,System.Runtime,dotnet.timer.count ({timer}),Metric,28
06/06/2026 22:44:47,System.Runtime,dotnet.process.cpu.time (s / 1 sec)[cpu.mode=user],Rate,0.029545000000013033
06/06/2026 22:44:47,System.Runtime,dotnet.process.cpu.time (s / 1 sec)[cpu.mode=system],Rate,0.001886999999999972
06/06/2026 22:44:47,System.Runtime,dotnet.gc.collections ({collection} / 1 sec)[gc.heap.generation=gen2],Rate,0
06/06/2026 22:44:47,System.Runtime,dotnet.gc.collections ({collection} / 1 sec)[gc.heap.generation=gen0],Rate,0
06/06/2026 22:44:47,System.Runtime,dotnet.gc.collections ({collection} / 1 sec)[gc.heap.generation=gen1],Rate,0
06/06/2026 22:44:47,System.Runtime,dotnet.jit.compilation.time (s / 1 sec),Rate,0.019299499999999803
06/06/2026 22:44:47,System.Runtime,dotnet.process.cpu.count ({cpu}),Metric,4
06/06/2026 22:44:47,System.Runtime,dotnet.exceptions ({exception} / 1 sec)[error.type=CachedInternalErrorException],Rate,0
06/06/2026 22:44:47,System.Runtime,dotnet.exceptions ({exception} / 1 sec)[error.type=CachedSocketException],Rate,0
06/06/2026 22:44:47,System.Runtime,dotnet.exceptions ({exception} / 1 sec)[error.type=SocketException],Rate,0
06/06/2026 22:44:47,System.Runtime,dotnet.exceptions ({exception} / 1 sec)[error.type=CachedNetworkException],Rate,0
06/06/2026 22:44:48,System.Runtime,dotnet.thread_pool.work_item.count ({work_item} / 1 sec),Rate,312
06/06/2026 22:44:48,System.Runtime,dotnet.monitor.lock_contentions ({contention} / 1 sec),Rate,10
06/06/2026 22:44:48,System.Runtime,dotnet.gc.last_collection.heap.fragmentation.size (By)[gc.heap.generation=poh],Metric,0
06/06/2026 22:44:48,System.Runtime,dotnet.gc.last_collection.heap.fragmentation.size (By)[gc.heap.generation=loh],Metric,84232
06/06/2026 22:44:48,System.Runtime,dotnet.gc.last_collection.heap.fragmentation.size (By)[gc.heap.generation=gen2],Metric,1335720
06/06/2026 22:44:48,System.Runtime,dotnet.gc.last_collection.heap.fragmentation.size (By)[gc.heap.generation=gen1],Metric,2016
06/06/2026 22:44:48,System.Runtime,dotnet.gc.last_collection.heap.fragmentation.size (By)[gc.heap.generation=gen0],Metric,0
06/06/2026 22:44:48,System.Runtime,dotnet.gc.pause.time (s / 1 sec),Rate,0
06/06/2026 22:44:48,System.Runtime,dotnet.gc.last_collection.memory.committed_size (By),Metric,614760448
06/06/2026 22:44:48,System.Runtime,dotnet.assembly.count ({assembly}),Metric,54
06/06/2026 22:44:48,System.Runtime,dotnet.thread_pool.queue.length ({work_item} / 1 sec),Rate,0
06/06/2026 22:44:48,System.Runtime,dotnet.jit.compiled_methods ({method} / 1 sec),Rate,0
06/06/2026 22:44:48,System.Runtime,dotnet.jit.compiled_il.size (By / 1 sec),Rate,0
06/06/2026 22:44:48,System.Runtime,dotnet.gc.heap.total_allocated (By / 1 sec),Rate,286896
06/06/2026 22:44:48,System.Runtime,dotnet.process.memory.working_set (By),Metric,685899776
06/06/2026 22:44:48,System.Runtime,dotnet.thread_pool.thread.count ({thread} / 1 sec),Rate,1
06/06/2026 22:44:48,System.Runtime,dotnet.gc.last_collection.heap.size (By)[gc.heap.generation=poh],Metric,188414080
06/06/2026 22:44:48,System.Runtime,dotnet.gc.last_collection.heap.size (By)[gc.heap.generation=loh],Metric,3875456
06/06/2026 22:44:48,System.Runtime,dotnet.gc.last_collection.heap.size (By)[gc.heap.generation=gen2],Metric,216609800
06/06/2026 22:44:48,System.Runtime,dotnet.gc.last_collection.heap.size (By)[gc.heap.generation=gen1],Metric,88424
06/06/2026 22:44:48,System.Runtime,dotnet.gc.last_collection.heap.size (By)[gc.heap.generation=gen0],Metric,0
06/06/2026 22:44:48,System.Runtime,dotnet.timer.count ({timer}),Metric,28
06/06/2026 22:44:48,System.Runtime,dotnet.process.cpu.time (s / 1 sec)[cpu.mode=user],Rate,0.01102599999998688
06/06/2026 22:44:48,System.Runtime,dotnet.process.cpu.time (s / 1 sec)[cpu.mode=system],Rate,0.0014970000000005257
06/06/2026 22:44:48,System.Runtime,dotnet.gc.collections ({collection} / 1 sec)[gc.heap.generation=gen2],Rate,0
06/06/2026 22:44:48,System.Runtime,dotnet.gc.collections ({collection} / 1 sec)[gc.heap.generation=gen0],Rate,0
06/06/2026 22:44:48,System.Runtime,dotnet.gc.collections ({collection} / 1 sec)[gc.heap.generation=gen1],Rate,0
06/06/2026 22:44:48,System.Runtime,dotnet.jit.compilation.time (s / 1 sec),Rate,0
06/06/2026 22:44:48,System.Runtime,dotnet.process.cpu.count ({cpu}),Metric,4
06/06/2026 22:44:48,System.Runtime,dotnet.exceptions ({exception} / 1 sec)[error.type=CachedInternalErrorException],Rate,0
06/06/2026 22:44:48,System.Runtime,dotnet.exceptions ({exception} / 1 sec)[error.type=CachedSocketException],Rate,0
06/06/2026 22:44:48,System.Runtime,dotnet.exceptions ({exception} / 1 sec)[error.type=SocketException],Rate,0
06/06/2026 22:44:48,System.Runtime,dotnet.exceptions ({exception} / 1 sec)[error.type=CachedNetworkException],Rate,0
06/06/2026 22:44:49,System.Runtime,dotnet.thread_pool.work_item.count ({work_item} / 1 sec),Rate,316
06/06/2026 22:44:49,System.Runtime,dotnet.monitor.lock_contentions ({contention} / 1 sec),Rate,11
06/06/2026 22:44:49,System.Runtime,dotnet.gc.last_collection.heap.fragmentation.size (By)[gc.heap.generation=poh],Metric,0
06/06/2026 22:44:49,System.Runtime,dotnet.gc.last_collection.heap.fragmentation.size (By)[gc.heap.generation=loh],Metric,84232
06/06/2026 22:44:49,System.Runtime,dotnet.gc.last_collection.heap.fragmentation.size (By)[gc.heap.generation=gen2],Metric,1335720
06/06/2026 22:44:49,System.Runtime,dotnet.gc.last_collection.heap.fragmentation.size (By)[gc.heap.generation=gen1],Metric,2016
06/06/2026 22:44:49,System.Runtime,dotnet.gc.last_collection.heap.fragmentation.size (By)[gc.heap.generation=gen0],Metric,0
06/06/2026 22:44:49,System.Runtime,dotnet.gc.pause.time (s / 1 sec),Rate,0
06/06/2026 22:44:49,System.Runtime,dotnet.gc.last_collection.memory.committed_size (By),Metric,614760448
06/06/2026 22:44:49,System.Runtime,dotnet.assembly.count ({assembly}),Metric,54
06/06/2026 22:44:49,System.Runtime,dotnet.thread_pool.queue.length ({work_item} / 1 sec),Rate,0
06/06/2026 22:44:49,System.Runtime,dotnet.jit.compiled_methods ({method} / 1 sec),Rate,0
06/06/2026 22:44:49,System.Runtime,dotnet.jit.compiled_il.size (By / 1 sec),Rate,0
06/06/2026 22:44:49,System.Runtime,dotnet.gc.heap.total_allocated (By / 1 sec),Rate,286736
06/06/2026 22:44:49,System.Runtime,dotnet.process.memory.working_set (By),Metric,685899776
06/06/2026 22:44:49,System.Runtime,dotnet.thread_pool.thread.count ({thread} / 1 sec),Rate,0
06/06/2026 22:44:49,System.Runtime,dotnet.gc.last_collection.heap.size (By)[gc.heap.generation=poh],Metric,188414080
06/06/2026 22:44:49,System.Runtime,dotnet.gc.last_collection.heap.size (By)[gc.heap.generation=loh],Metric,3875456
06/06/2026 22:44:49,System.Runtime,dotnet.gc.last_collection.heap.size (By)[gc.heap.generation=gen2],Metric,216609800
06/06/2026 22:44:49,System.Runtime,dotnet.gc.last_collection.heap.size (By)[gc.heap.generation=gen1],Metric,88424
06/06/2026 22:44:49,System.Runtime,dotnet.gc.last_collection.heap.size (By)[gc.heap.generation=gen0],Metric,0
06/06/2026 22:44:49,System.Runtime,dotnet.timer.count ({timer}),Metric,28
06/06/2026 22:44:49,System.Runtime,dotnet.process.cpu.time (s / 1 sec)[cpu.mode=user],Rate,0.010501000000004979
06/06/2026 22:44:49,System.Runtime,dotnet.process.cpu.time (s / 1 sec)[cpu.mode=system],Rate,0.0017500000000012506
06/06/2026 22:44:49,System.Runtime,dotnet.gc.collections ({collection} / 1 sec)[gc.heap.generation=gen2],Rate,0
06/06/2026 22:44:49,System.Runtime,dotnet.gc.collections ({collection} / 1 sec)[gc.heap.generation=gen0],Rate,0
06/06/2026 22:44:49,System.Runtime,dotnet.gc.collections ({collection} / 1 sec)[gc.heap.generation=gen1],Rate,0
06/06/2026 22:44:49,System.Runtime,dotnet.jit.compilation.time (s / 1 sec),Rate,0
06/06/2026 22:44:49,System.Runtime,dotnet.process.cpu.count ({cpu}),Metric,4
06/06/2026 22:44:49,System.Runtime,dotnet.exceptions ({exception} / 1 sec)[error.type=CachedInternalErrorException],Rate,0
06/06/2026 22:44:49,System.Runtime,dotnet.exceptions ({exception} / 1 sec)[error.type=CachedSocketException],Rate,0
06/06/2026 22:44:49,System.Runtime,dotnet.exceptions ({exception} / 1 sec)[error.type=SocketException],Rate,0
06/06/2026 22:44:49,System.Runtime,dotnet.exceptions ({exception} / 1 sec)[error.type=CachedNetworkException],Rate,0
06/06/2026 22:44:50,System.Runtime,dotnet.thread_pool.work_item.count ({work_item} / 1 sec),Rate,311
06/06/2026 22:44:50,System.Runtime,dotnet.monitor.lock_contentions ({contention} / 1 sec),Rate,6
06/06/2026 22:44:50,System.Runtime,dotnet.gc.last_collection.heap.fragmentation.size (By)[gc.heap.generation=poh],Metric,0
06/06/2026 22:44:50,System.Runtime,dotnet.gc.last_collection.heap.fragmentation.size (By)[gc.heap.generation=loh],Metric,84232
06/06/2026 22:44:50,System.Runtime,dotnet.gc.last_collection.heap.fragmentation.size (By)[gc.heap.generation=gen2],Metric,1335720
06/06/2026 22:44:50,System.Runtime,dotnet.gc.last_collection.heap.fragmentation.size (By)[gc.heap.generation=gen1],Metric,2016
06/06/2026 22:44:50,System.Runtime,dotnet.gc.last_collection.heap.fragmentation.size (By)[gc.heap.generation=gen0],Metric,0
06/06/2026 22:44:50,System.Runtime,dotnet.gc.pause.time (s / 1 sec),Rate,0
06/06/2026 22:44:50,System.Runtime,dotnet.gc.last_collection.memory.committed_size (By),Metric,614760448
06/06/2026 22:44:50,System.Runtime,dotnet.assembly.count ({assembly}),Metric,54
06/06/2026 22:44:50,System.Runtime,dotnet.thread_pool.queue.length ({work_item} / 1 sec),Rate,0
06/06/2026 22:44:50,System.Runtime,dotnet.jit.compiled_methods ({method} / 1 sec),Rate,0
06/06/2026 22:44:50,System.Runtime,dotnet.jit.compiled_il.size (By / 1 sec),Rate,0
06/06/2026 22:44:50,System.Runtime,dotnet.gc.heap.total_allocated (By / 1 sec),Rate,286688
06/06/2026 22:44:50,System.Runtime,dotnet.process.memory.working_set (By),Metric,685899776
06/06/2026 22:44:50,System.Runtime,dotnet.thread_pool.thread.count ({thread} / 1 sec),Rate,0
06/06/2026 22:44:50,System.Runtime,dotnet.gc.last_collection.heap.size (By)[gc.heap.generation=poh],Metric,188414080
06/06/2026 22:44:50,System.Runtime,dotnet.gc.last_collection.heap.size (By)[gc.heap.generation=loh],Metric,3875456
06/06/2026 22:44:50,System.Runtime,dotnet.gc.last_collection.heap.size (By)[gc.heap.generation=gen2],Metric,216609800
06/06/2026 22:44:50,System.Runtime,dotnet.gc.last_collection.heap.size (By)[gc.heap.generation=gen1],Metric,88424
06/06/2026 22:44:50,System.Runtime,dotnet.gc.last_collection.heap.size (By)[gc.heap.generation=gen0],Metric,0
06/06/2026 22:44:50,System.Runtime,dotnet.timer.count ({timer}),Metric,28
06/06/2026 22:44:50,System.Runtime,dotnet.process.cpu.time (s / 1 sec)[cpu.mode=user],Rate,0.00961700000000576
06/06/2026 22:44:50,System.Runtime,dotnet.process.cpu.time (s / 1 sec)[cpu.mode=system],Rate,0.0012019999999992592
06/06/2026 22:44:50,System.Runtime,dotnet.gc.collections ({collection} / 1 sec)[gc.heap.generation=gen2],Rate,0
06/06/2026 22:44:50,System.Runtime,dotnet.gc.collections ({collection} / 1 sec)[gc.heap.generation=gen0],Rate,0
06/06/2026 22:44:50,System.Runtime,dotnet.gc.collections ({collection} / 1 sec)[gc.heap.generation=gen1],Rate,0
06/06/2026 22:44:50,System.Runtime,dotnet.jit.compilation.time (s / 1 sec),Rate,0
06/06/2026 22:44:50,System.Runtime,dotnet.process.cpu.count ({cpu}),Metric,4
06/06/2026 22:44:50,System.Runtime,dotnet.exceptions ({exception} / 1 sec)[error.type=CachedInternalErrorException],Rate,0
06/06/2026 22:44:50,System.Runtime,dotnet.exceptions ({exception} / 1 sec)[error.type=CachedSocketException],Rate,0
06/06/2026 22:44:50,System.Runtime,dotnet.exceptions ({exception} / 1 sec)[error.type=SocketException],Rate,0
06/06/2026 22:44:50,System.Runtime,dotnet.exceptions ({exception} / 1 sec)[error.type=CachedNetworkException],Rate,0
06/06/2026 22:44:51,System.Runtime,dotnet.thread_pool.work_item.count ({work_item} / 1 sec),Rate,312
06/06/2026 22:44:51,System.Runtime,dotnet.monitor.lock_contentions ({contention} / 1 sec),Rate,8
06/06/2026 22:44:51,System.Runtime,dotnet.gc.last_collection.heap.fragmentation.size (By)[gc.heap.generation=poh],Metric,0
06/06/2026 22:44:51,System.Runtime,dotnet.gc.last_collection.heap.fragmentation.size (By)[gc.heap.generation=loh],Metric,84232
06/06/2026 22:44:51,System.Runtime,dotnet.gc.last_collection.heap.fragmentation.size (By)[gc.heap.generation=gen2],Metric,1335720
06/06/2026 22:44:51,System.Runtime,dotnet.gc.last_collection.heap.fragmentation.size (By)[gc.heap.generation=gen1],Metric,2016
06/06/2026 22:44:51,System.Runtime,dotnet.gc.last_collection.heap.fragmentation.size (By)[gc.heap.generation=gen0],Metric,0
06/06/2026 22:44:51,System.Runtime,dotnet.gc.pause.time (s / 1 sec),Rate,0
06/06/2026 22:44:51,System.Runtime,dotnet.gc.last_collection.memory.committed_size (By),Metric,614760448
06/06/2026 22:44:51,System.Runtime,dotnet.assembly.count ({assembly}),Metric,54
06/06/2026 22:44:51,System.Runtime,dotnet.thread_pool.queue.length ({work_item} / 1 sec),Rate,0
06/06/2026 22:44:51,System.Runtime,dotnet.jit.compiled_methods ({method} / 1 sec),Rate,0
06/06/2026 22:44:51,System.Runtime,dotnet.jit.compiled_il.size (By / 1 sec),Rate,0
06/06/2026 22:44:51,System.Runtime,dotnet.gc.heap.total_allocated (By / 1 sec),Rate,308680
06/06/2026 22:44:51,System.Runtime,dotnet.process.memory.working_set (By),Metric,685899776
06/06/2026 22:44:51,System.Runtime,dotnet.thread_pool.thread.count ({thread} / 1 sec),Rate,0
06/06/2026 22:44:51,System.Runtime,dotnet.gc.last_collection.heap.size (By)[gc.heap.generation=poh],Metric,188414080
06/06/2026 22:44:51,System.Runtime,dotnet.gc.last_collection.heap.size (By)[gc.heap.generation=loh],Metric,3875456
06/06/2026 22:44:51,System.Runtime,dotnet.gc.last_collection.heap.size (By)[gc.heap.generation=gen2],Metric,216609800
06/06/2026 22:44:51,System.Runtime,dotnet.gc.last_collection.heap.size (By)[gc.heap.generation=gen1],Metric,88424
06/06/2026 22:44:51,System.Runtime,dotnet.gc.last_collection.heap.size (By)[gc.heap.generation=gen0],Metric,0
06/06/2026 22:44:51,System.Runtime,dotnet.timer.count ({timer}),Metric,28
06/06/2026 22:44:51,System.Runtime,dotnet.process.cpu.time (s / 1 sec)[cpu.mode=user],Rate,0.011320999999995252
06/06/2026 22:44:51,System.Runtime,dotnet.process.cpu.time (s / 1 sec)[cpu.mode=system],Rate,0.000942999999999472
06/06/2026 22:44:51,System.Runtime,dotnet.gc.collections ({collection} / 1 sec)[gc.heap.generation=gen2],Rate,0
06/06/2026 22:44:51,System.Runtime,dotnet.gc.collections ({collection} / 1 sec)[gc.heap.generation=gen0],Rate,0
06/06/2026 22:44:51,System.Runtime,dotnet.gc.collections ({collection} / 1 sec)[gc.heap.generation=gen1],Rate,0
06/06/2026 22:44:51,System.Runtime,dotnet.jit.compilation.time (s / 1 sec),Rate,0
06/06/2026 22:44:51,System.Runtime,dotnet.process.cpu.count ({cpu}),Metric,4
06/06/2026 22:44:51,System.Runtime,dotnet.exceptions ({exception} / 1 sec)[error.type=CachedInternalErrorException],Rate,0
06/06/2026 22:44:51,System.Runtime,dotnet.exceptions ({exception} / 1 sec)[error.type=CachedSocketException],Rate,0
06/06/2026 22:44:51,System.Runtime,dotnet.exceptions ({exception} / 1 sec)[error.type=SocketException],Rate,0
06/06/2026 22:44:51,System.Runtime,dotnet.exceptions ({exception} / 1 sec)[error.type=CachedNetworkException],Rate,0
06/06/2026 22:44:52,System.Runtime,dotnet.thread_pool.work_item.count ({work_item} / 1 sec),Rate,12843
06/06/2026 22:44:52,System.Runtime,dotnet.monitor.lock_contentions ({contention} / 1 sec),Rate,33
06/06/2026 22:44:52,System.Runtime,dotnet.gc.last_collection.heap.fragmentation.size (By)[gc.heap.generation=poh],Metric,0
06/06/2026 22:44:52,System.Runtime,dotnet.gc.last_collection.heap.fragmentation.size (By)[gc.heap.generation=loh],Metric,84232
06/06/2026 22:44:52,System.Runtime,dotnet.gc.last_collection.heap.fragmentation.size (By)[gc.heap.generation=gen2],Metric,1335720
06/06/2026 22:44:52,System.Runtime,dotnet.gc.last_collection.heap.fragmentation.size (By)[gc.heap.generation=gen1],Metric,2016
06/06/2026 22:44:52,System.Runtime,dotnet.gc.last_collection.heap.fragmentation.size (By)[gc.heap.generation=gen0],Metric,0
06/06/2026 22:44:52,System.Runtime,dotnet.gc.pause.time (s / 1 sec),Rate,0
06/06/2026 22:44:52,System.Runtime,dotnet.gc.last_collection.memory.committed_size (By),Metric,614760448
06/06/2026 22:44:52,System.Runtime,dotnet.assembly.count ({assembly}),Metric,54
06/06/2026 22:44:52,System.Runtime,dotnet.thread_pool.queue.length ({work_item} / 1 sec),Rate,754
06/06/2026 22:44:52,System.Runtime,dotnet.jit.compiled_methods ({method} / 1 sec),Rate,0
06/06/2026 22:44:52,System.Runtime,dotnet.jit.compiled_il.size (By / 1 sec),Rate,0
06/06/2026 22:44:52,System.Runtime,dotnet.gc.heap.total_allocated (By / 1 sec),Rate,17911776
06/06/2026 22:44:52,System.Runtime,dotnet.process.memory.working_set (By),Metric,685899776
06/06/2026 22:44:52,System.Runtime,dotnet.thread_pool.thread.count ({thread} / 1 sec),Rate,0
06/06/2026 22:44:52,System.Runtime,dotnet.gc.last_collection.heap.size (By)[gc.heap.generation=poh],Metric,188414080
06/06/2026 22:44:52,System.Runtime,dotnet.gc.last_collection.heap.size (By)[gc.heap.generation=loh],Metric,3875456
06/06/2026 22:44:52,System.Runtime,dotnet.gc.last_collection.heap.size (By)[gc.heap.generation=gen2],Metric,216609800
06/06/2026 22:44:52,System.Runtime,dotnet.gc.last_collection.heap.size (By)[gc.heap.generation=gen1],Metric,88424
06/06/2026 22:44:52,System.Runtime,dotnet.gc.last_collection.heap.size (By)[gc.heap.generation=gen0],Metric,0
06/06/2026 22:44:52,System.Runtime,dotnet.timer.count ({timer}),Metric,27
06/06/2026 22:44:52,System.Runtime,dotnet.process.cpu.time (s / 1 sec)[cpu.mode=user],Rate,1.6031009999999952
06/06/2026 22:44:52,System.Runtime,dotnet.process.cpu.time (s / 1 sec)[cpu.mode=system],Rate,0.14078800000000058
06/06/2026 22:44:52,System.Runtime,dotnet.gc.collections ({collection} / 1 sec)[gc.heap.generation=gen2],Rate,0
06/06/2026 22:44:52,System.Runtime,dotnet.gc.collections ({collection} / 1 sec)[gc.heap.generation=gen0],Rate,0
06/06/2026 22:44:52,System.Runtime,dotnet.gc.collections ({collection} / 1 sec)[gc.heap.generation=gen1],Rate,0
06/06/2026 22:44:52,System.Runtime,dotnet.jit.compilation.time (s / 1 sec),Rate,0
06/06/2026 22:44:52,System.Runtime,dotnet.process.cpu.count ({cpu}),Metric,4
06/06/2026 22:44:52,System.Runtime,dotnet.exceptions ({exception} / 1 sec)[error.type=CachedInternalErrorException],Rate,0
06/06/2026 22:44:52,System.Runtime,dotnet.exceptions ({exception} / 1 sec)[error.type=CachedSocketException],Rate,0
06/06/2026 22:44:52,System.Runtime,dotnet.exceptions ({exception} / 1 sec)[error.type=SocketException],Rate,2490
06/06/2026 22:44:52,System.Runtime,dotnet.exceptions ({exception} / 1 sec)[error.type=CachedNetworkException],Rate,0
06/06/2026 22:44:53,System.Runtime,dotnet.thread_pool.work_item.count ({work_item} / 1 sec),Rate,46212
06/06/2026 22:44:53,System.Runtime,dotnet.monitor.lock_contentions ({contention} / 1 sec),Rate,112
06/06/2026 22:44:53,System.Runtime,dotnet.gc.last_collection.heap.fragmentation.size (By)[gc.heap.generation=poh],Metric,0
06/06/2026 22:44:53,System.Runtime,dotnet.gc.last_collection.heap.fragmentation.size (By)[gc.heap.generation=loh],Metric,84296
06/06/2026 22:44:53,System.Runtime,dotnet.gc.last_collection.heap.fragmentation.size (By)[gc.heap.generation=gen2],Metric,1335720
06/06/2026 22:44:53,System.Runtime,dotnet.gc.last_collection.heap.fragmentation.size (By)[gc.heap.generation=gen1],Metric,428832
06/06/2026 22:44:53,System.Runtime,dotnet.gc.last_collection.heap.fragmentation.size (By)[gc.heap.generation=gen0],Metric,0
06/06/2026 22:44:53,System.Runtime,dotnet.gc.pause.time (s / 1 sec),Rate,0.11933499999999997
06/06/2026 22:44:53,System.Runtime,dotnet.gc.last_collection.memory.committed_size (By),Metric,615546880
06/06/2026 22:44:53,System.Runtime,dotnet.assembly.count ({assembly}),Metric,54
06/06/2026 22:44:53,System.Runtime,dotnet.thread_pool.queue.length ({work_item} / 1 sec),Rate,670
06/06/2026 22:44:53,System.Runtime,dotnet.jit.compiled_methods ({method} / 1 sec),Rate,1
06/06/2026 22:44:53,System.Runtime,dotnet.jit.compiled_il.size (By / 1 sec),Rate,30
06/06/2026 22:44:53,System.Runtime,dotnet.gc.heap.total_allocated (By / 1 sec),Rate,32838648
06/06/2026 22:44:53,System.Runtime,dotnet.process.memory.working_set (By),Metric,685899776
06/06/2026 22:44:53,System.Runtime,dotnet.thread_pool.thread.count ({thread} / 1 sec),Rate,1
06/06/2026 22:44:53,System.Runtime,dotnet.gc.last_collection.heap.size (By)[gc.heap.generation=poh],Metric,188414080
06/06/2026 22:44:53,System.Runtime,dotnet.gc.last_collection.heap.size (By)[gc.heap.generation=loh],Metric,4093896
06/06/2026 22:44:53,System.Runtime,dotnet.gc.last_collection.heap.size (By)[gc.heap.generation=gen2],Metric,216609800
06/06/2026 22:44:53,System.Runtime,dotnet.gc.last_collection.heap.size (By)[gc.heap.generation=gen1],Metric,29762312
06/06/2026 22:44:53,System.Runtime,dotnet.gc.last_collection.heap.size (By)[gc.heap.generation=gen0],Metric,0
06/06/2026 22:44:53,System.Runtime,dotnet.timer.count ({timer}),Metric,21
06/06/2026 22:44:53,System.Runtime,dotnet.process.cpu.time (s / 1 sec)[cpu.mode=user],Rate,3.196640000000002
06/06/2026 22:44:53,System.Runtime,dotnet.process.cpu.time (s / 1 sec)[cpu.mode=system],Rate,0.5124840000000006
06/06/2026 22:44:53,System.Runtime,dotnet.gc.collections ({collection} / 1 sec)[gc.heap.generation=gen2],Rate,0
06/06/2026 22:44:53,System.Runtime,dotnet.gc.collections ({collection} / 1 sec)[gc.heap.generation=gen0],Rate,1
06/06/2026 22:44:53,System.Runtime,dotnet.gc.collections ({collection} / 1 sec)[gc.heap.generation=gen1],Rate,0
06/06/2026 22:44:53,System.Runtime,dotnet.jit.compilation.time (s / 1 sec),Rate,0.0006348000000002685
06/06/2026 22:44:53,System.Runtime,dotnet.process.cpu.count ({cpu}),Metric,4
06/06/2026 22:44:53,System.Runtime,dotnet.exceptions ({exception} / 1 sec)[error.type=CachedInternalErrorException],Rate,0
06/06/2026 22:44:53,System.Runtime,dotnet.exceptions ({exception} / 1 sec)[error.type=CachedSocketException],Rate,0
06/06/2026 22:44:53,System.Runtime,dotnet.exceptions ({exception} / 1 sec)[error.type=SocketException],Rate,3214
06/06/2026 22:44:53,System.Runtime,dotnet.exceptions ({exception} / 1 sec)[error.type=CachedNetworkException],Rate,0
06/06/2026 22:44:54,System.Runtime,dotnet.thread_pool.work_item.count ({work_item} / 1 sec),Rate,53852
06/06/2026 22:44:54,System.Runtime,dotnet.monitor.lock_contentions ({contention} / 1 sec),Rate,118
06/06/2026 22:44:54,System.Runtime,dotnet.gc.last_collection.heap.fragmentation.size (By)[gc.heap.generation=poh],Metric,0
06/06/2026 22:44:54,System.Runtime,dotnet.gc.last_collection.heap.fragmentation.size (By)[gc.heap.generation=loh],Metric,84296
06/06/2026 22:44:54,System.Runtime,dotnet.gc.last_collection.heap.fragmentation.size (By)[gc.heap.generation=gen2],Metric,1335720
06/06/2026 22:44:54,System.Runtime,dotnet.gc.last_collection.heap.fragmentation.size (By)[gc.heap.generation=gen1],Metric,428832
06/06/2026 22:44:54,System.Runtime,dotnet.gc.last_collection.heap.fragmentation.size (By)[gc.heap.generation=gen0],Metric,0
06/06/2026 22:44:54,System.Runtime,dotnet.gc.pause.time (s / 1 sec),Rate,0
06/06/2026 22:44:54,System.Runtime,dotnet.gc.last_collection.memory.committed_size (By),Metric,615546880
06/06/2026 22:44:54,System.Runtime,dotnet.assembly.count ({assembly}),Metric,54
06/06/2026 22:44:54,System.Runtime,dotnet.thread_pool.queue.length ({work_item} / 1 sec),Rate,1083
06/06/2026 22:44:54,System.Runtime,dotnet.jit.compiled_methods ({method} / 1 sec),Rate,3
06/06/2026 22:44:54,System.Runtime,dotnet.jit.compiled_il.size (By / 1 sec),Rate,1303
06/06/2026 22:44:54,System.Runtime,dotnet.gc.heap.total_allocated (By / 1 sec),Rate,37990024
06/06/2026 22:44:54,System.Runtime,dotnet.process.memory.working_set (By),Metric,687472640
06/06/2026 22:44:54,System.Runtime,dotnet.thread_pool.thread.count ({thread} / 1 sec),Rate,0
06/06/2026 22:44:54,System.Runtime,dotnet.gc.last_collection.heap.size (By)[gc.heap.generation=poh],Metric,188414080
06/06/2026 22:44:54,System.Runtime,dotnet.gc.last_collection.heap.size (By)[gc.heap.generation=loh],Metric,4093896
06/06/2026 22:44:54,System.Runtime,dotnet.gc.last_collection.heap.size (By)[gc.heap.generation=gen2],Metric,216609800
06/06/2026 22:44:54,System.Runtime,dotnet.gc.last_collection.heap.size (By)[gc.heap.generation=gen1],Metric,29762312
06/06/2026 22:44:54,System.Runtime,dotnet.gc.last_collection.heap.size (By)[gc.heap.generation=gen0],Metric,0
06/06/2026 22:44:54,System.Runtime,dotnet.timer.count ({timer}),Metric,12
06/06/2026 22:44:54,System.Runtime,dotnet.process.cpu.time (s / 1 sec)[cpu.mode=user],Rate,3.3562629999999984
06/06/2026 22:44:54,System.Runtime,dotnet.process.cpu.time (s / 1 sec)[cpu.mode=system],Rate,0.5353319999999968
06/06/2026 22:44:54,System.Runtime,dotnet.gc.collections ({collection} / 1 sec)[gc.heap.generation=gen2],Rate,0
06/06/2026 22:44:54,System.Runtime,dotnet.gc.collections ({collection} / 1 sec)[gc.heap.generation=gen0],Rate,0
06/06/2026 22:44:54,System.Runtime,dotnet.gc.collections ({collection} / 1 sec)[gc.heap.generation=gen1],Rate,0
06/06/2026 22:44:54,System.Runtime,dotnet.jit.compilation.time (s / 1 sec),Rate,0.034554199999999646
06/06/2026 22:44:54,System.Runtime,dotnet.process.cpu.count ({cpu}),Metric,4
06/06/2026 22:44:54,System.Runtime,dotnet.exceptions ({exception} / 1 sec)[error.type=CachedInternalErrorException],Rate,0
06/06/2026 22:44:54,System.Runtime,dotnet.exceptions ({exception} / 1 sec)[error.type=CachedSocketException],Rate,0
06/06/2026 22:44:54,System.Runtime,dotnet.exceptions ({exception} / 1 sec)[error.type=SocketException],Rate,3872
06/06/2026 22:44:54,System.Runtime,dotnet.exceptions ({exception} / 1 sec)[error.type=CachedNetworkException],Rate,0
06/06/2026 22:44:55,System.Runtime,dotnet.thread_pool.work_item.count ({work_item} / 1 sec),Rate,26954
06/06/2026 22:44:55,System.Runtime,dotnet.monitor.lock_contentions ({contention} / 1 sec),Rate,134
06/06/2026 22:44:55,System.Runtime,dotnet.gc.last_collection.heap.fragmentation.size (By)[gc.heap.generation=poh],Metric,0
06/06/2026 22:44:55,System.Runtime,dotnet.gc.last_collection.heap.fragmentation.size (By)[gc.heap.generation=loh],Metric,84296
06/06/2026 22:44:55,System.Runtime,dotnet.gc.last_collection.heap.fragmentation.size (By)[gc.heap.generation=gen2],Metric,1335720
06/06/2026 22:44:55,System.Runtime,dotnet.gc.last_collection.heap.fragmentation.size (By)[gc.heap.generation=gen1],Metric,428832
06/06/2026 22:44:55,System.Runtime,dotnet.gc.last_collection.heap.fragmentation.size (By)[gc.heap.generation=gen0],Metric,0
06/06/2026 22:44:55,System.Runtime,dotnet.gc.pause.time (s / 1 sec),Rate,0
06/06/2026 22:44:55,System.Runtime,dotnet.gc.last_collection.memory.committed_size (By),Metric,615546880
06/06/2026 22:44:55,System.Runtime,dotnet.assembly.count ({assembly}),Metric,54
06/06/2026 22:44:55,System.Runtime,dotnet.thread_pool.queue.length ({work_item} / 1 sec),Rate,5630
06/06/2026 22:44:55,System.Runtime,dotnet.jit.compiled_methods ({method} / 1 sec),Rate,2
06/06/2026 22:44:55,System.Runtime,dotnet.jit.compiled_il.size (By / 1 sec),Rate,38
06/06/2026 22:44:55,System.Runtime,dotnet.gc.heap.total_allocated (By / 1 sec),Rate,57977032
06/06/2026 22:44:55,System.Runtime,dotnet.process.memory.working_set (By),Metric,687996928
06/06/2026 22:44:55,System.Runtime,dotnet.thread_pool.thread.count ({thread} / 1 sec),Rate,1
06/06/2026 22:44:55,System.Runtime,dotnet.gc.last_collection.heap.size (By)[gc.heap.generation=poh],Metric,188414080
06/06/2026 22:44:55,System.Runtime,dotnet.gc.last_collection.heap.size (By)[gc.heap.generation=loh],Metric,4093896
06/06/2026 22:44:55,System.Runtime,dotnet.gc.last_collection.heap.size (By)[gc.heap.generation=gen2],Metric,216609800
06/06/2026 22:44:55,System.Runtime,dotnet.gc.last_collection.heap.size (By)[gc.heap.generation=gen1],Metric,29762312
06/06/2026 22:44:55,System.Runtime,dotnet.gc.last_collection.heap.size (By)[gc.heap.generation=gen0],Metric,0
06/06/2026 22:44:55,System.Runtime,dotnet.timer.count ({timer}),Metric,19
06/06/2026 22:44:55,System.Runtime,dotnet.process.cpu.time (s / 1 sec)[cpu.mode=user],Rate,3.2078010000000177
06/06/2026 22:44:55,System.Runtime,dotnet.process.cpu.time (s / 1 sec)[cpu.mode=system],Rate,0.5088020000000029
06/06/2026 22:44:55,System.Runtime,dotnet.gc.collections ({collection} / 1 sec)[gc.heap.generation=gen2],Rate,0
06/06/2026 22:44:55,System.Runtime,dotnet.gc.collections ({collection} / 1 sec)[gc.heap.generation=gen0],Rate,0
06/06/2026 22:44:55,System.Runtime,dotnet.gc.collections ({collection} / 1 sec)[gc.heap.generation=gen1],Rate,0
06/06/2026 22:44:55,System.Runtime,dotnet.jit.compilation.time (s / 1 sec),Rate,0.004650200000000382
06/06/2026 22:44:55,System.Runtime,dotnet.process.cpu.count ({cpu}),Metric,4
06/06/2026 22:44:55,System.Runtime,dotnet.exceptions ({exception} / 1 sec)[error.type=CachedInternalErrorException],Rate,0
06/06/2026 22:44:55,System.Runtime,dotnet.exceptions ({exception} / 1 sec)[error.type=CachedSocketException],Rate,0
06/06/2026 22:44:55,System.Runtime,dotnet.exceptions ({exception} / 1 sec)[error.type=SocketException],Rate,10290
06/06/2026 22:44:55,System.Runtime,dotnet.exceptions ({exception} / 1 sec)[error.type=CachedNetworkException],Rate,0
06/06/2026 22:44:56,System.Runtime,dotnet.thread_pool.work_item.count ({work_item} / 1 sec),Rate,24487
06/06/2026 22:44:56,System.Runtime,dotnet.monitor.lock_contentions ({contention} / 1 sec),Rate,41
06/06/2026 22:44:56,System.Runtime,dotnet.gc.last_collection.heap.fragmentation.size (By)[gc.heap.generation=poh],Metric,0
06/06/2026 22:44:56,System.Runtime,dotnet.gc.last_collection.heap.fragmentation.size (By)[gc.heap.generation=loh],Metric,84296
06/06/2026 22:44:56,System.Runtime,dotnet.gc.last_collection.heap.fragmentation.size (By)[gc.heap.generation=gen2],Metric,1335720
06/06/2026 22:44:56,System.Runtime,dotnet.gc.last_collection.heap.fragmentation.size (By)[gc.heap.generation=gen1],Metric,428832
06/06/2026 22:44:56,System.Runtime,dotnet.gc.last_collection.heap.fragmentation.size (By)[gc.heap.generation=gen0],Metric,0
06/06/2026 22:44:56,System.Runtime,dotnet.gc.pause.time (s / 1 sec),Rate,0
06/06/2026 22:44:56,System.Runtime,dotnet.gc.last_collection.memory.committed_size (By),Metric,615546880
06/06/2026 22:44:56,System.Runtime,dotnet.assembly.count ({assembly}),Metric,54
06/06/2026 22:44:56,System.Runtime,dotnet.thread_pool.queue.length ({work_item} / 1 sec),Rate,-2804
06/06/2026 22:44:56,System.Runtime,dotnet.jit.compiled_methods ({method} / 1 sec),Rate,0
06/06/2026 22:44:56,System.Runtime,dotnet.jit.compiled_il.size (By / 1 sec),Rate,0
06/06/2026 22:44:56,System.Runtime,dotnet.gc.heap.total_allocated (By / 1 sec),Rate,20005456
06/06/2026 22:44:56,System.Runtime,dotnet.process.memory.working_set (By),Metric,689045504
06/06/2026 22:44:56,System.Runtime,dotnet.thread_pool.thread.count ({thread} / 1 sec),Rate,0
06/06/2026 22:44:56,System.Runtime,dotnet.gc.last_collection.heap.size (By)[gc.heap.generation=poh],Metric,188414080
06/06/2026 22:44:56,System.Runtime,dotnet.gc.last_collection.heap.size (By)[gc.heap.generation=loh],Metric,4093896
06/06/2026 22:44:56,System.Runtime,dotnet.gc.last_collection.heap.size (By)[gc.heap.generation=gen2],Metric,216609800
06/06/2026 22:44:56,System.Runtime,dotnet.gc.last_collection.heap.size (By)[gc.heap.generation=gen1],Metric,29762312
06/06/2026 22:44:56,System.Runtime,dotnet.gc.last_collection.heap.size (By)[gc.heap.generation=gen0],Metric,0
06/06/2026 22:44:56,System.Runtime,dotnet.timer.count ({timer}),Metric,12
06/06/2026 22:44:56,System.Runtime,dotnet.process.cpu.time (s / 1 sec)[cpu.mode=user],Rate,3.593748999999974
06/06/2026 22:44:56,System.Runtime,dotnet.process.cpu.time (s / 1 sec)[cpu.mode=system],Rate,0.28097399999999695
06/06/2026 22:44:56,System.Runtime,dotnet.gc.collections ({collection} / 1 sec)[gc.heap.generation=gen2],Rate,0
06/06/2026 22:44:56,System.Runtime,dotnet.gc.collections ({collection} / 1 sec)[gc.heap.generation=gen0],Rate,0
06/06/2026 22:44:56,System.Runtime,dotnet.gc.collections ({collection} / 1 sec)[gc.heap.generation=gen1],Rate,0
06/06/2026 22:44:56,System.Runtime,dotnet.jit.compilation.time (s / 1 sec),Rate,0
06/06/2026 22:44:56,System.Runtime,dotnet.process.cpu.count ({cpu}),Metric,4
06/06/2026 22:44:56,System.Runtime,dotnet.exceptions ({exception} / 1 sec)[error.type=CachedInternalErrorException],Rate,0
06/06/2026 22:44:56,System.Runtime,dotnet.exceptions ({exception} / 1 sec)[error.type=CachedSocketException],Rate,0
06/06/2026 22:44:56,System.Runtime,dotnet.exceptions ({exception} / 1 sec)[error.type=SocketException],Rate,134
06/06/2026 22:44:56,System.Runtime,dotnet.exceptions ({exception} / 1 sec)[error.type=CachedNetworkException],Rate,0
06/06/2026 22:44:57,System.Runtime,dotnet.thread_pool.work_item.count ({work_item} / 1 sec),Rate,78744
06/06/2026 22:44:57,System.Runtime,dotnet.monitor.lock_contentions ({contention} / 1 sec),Rate,245
06/06/2026 22:44:57,System.Runtime,dotnet.gc.last_collection.heap.fragmentation.size (By)[gc.heap.generation=poh],Metric,0
06/06/2026 22:44:57,System.Runtime,dotnet.gc.last_collection.heap.fragmentation.size (By)[gc.heap.generation=loh],Metric,84296
06/06/2026 22:44:57,System.Runtime,dotnet.gc.last_collection.heap.fragmentation.size (By)[gc.heap.generation=gen2],Metric,1335720
06/06/2026 22:44:57,System.Runtime,dotnet.gc.last_collection.heap.fragmentation.size (By)[gc.heap.generation=gen1],Metric,428832
06/06/2026 22:44:57,System.Runtime,dotnet.gc.last_collection.heap.fragmentation.size (By)[gc.heap.generation=gen0],Metric,0
06/06/2026 22:44:57,System.Runtime,dotnet.gc.pause.time (s / 1 sec),Rate,0
06/06/2026 22:44:57,System.Runtime,dotnet.gc.last_collection.memory.committed_size (By),Metric,615546880
06/06/2026 22:44:57,System.Runtime,dotnet.assembly.count ({assembly}),Metric,54
06/06/2026 22:44:57,System.Runtime,dotnet.thread_pool.queue.length ({work_item} / 1 sec),Rate,-5333
06/06/2026 22:44:57,System.Runtime,dotnet.jit.compiled_methods ({method} / 1 sec),Rate,0
06/06/2026 22:44:57,System.Runtime,dotnet.jit.compiled_il.size (By / 1 sec),Rate,0
06/06/2026 22:44:57,System.Runtime,dotnet.gc.heap.total_allocated (By / 1 sec),Rate,34323624
06/06/2026 22:44:57,System.Runtime,dotnet.process.memory.working_set (By),Metric,689569792
06/06/2026 22:44:57,System.Runtime,dotnet.thread_pool.thread.count ({thread} / 1 sec),Rate,0
06/06/2026 22:44:57,System.Runtime,dotnet.gc.last_collection.heap.size (By)[gc.heap.generation=poh],Metric,188414080
06/06/2026 22:44:57,System.Runtime,dotnet.gc.last_collection.heap.size (By)[gc.heap.generation=loh],Metric,4093896
06/06/2026 22:44:57,System.Runtime,dotnet.gc.last_collection.heap.size (By)[gc.heap.generation=gen2],Metric,216609800
06/06/2026 22:44:57,System.Runtime,dotnet.gc.last_collection.heap.size (By)[gc.heap.generation=gen1],Metric,29762312
06/06/2026 22:44:57,System.Runtime,dotnet.gc.last_collection.heap.size (By)[gc.heap.generation=gen0],Metric,0
06/06/2026 22:44:57,System.Runtime,dotnet.timer.count ({timer}),Metric,28
06/06/2026 22:44:57,System.Runtime,dotnet.process.cpu.time (s / 1 sec)[cpu.mode=user],Rate,2.32019200000002
06/06/2026 22:44:57,System.Runtime,dotnet.process.cpu.time (s / 1 sec)[cpu.mode=system],Rate,0.770386000000002
06/06/2026 22:44:57,System.Runtime,dotnet.gc.collections ({collection} / 1 sec)[gc.heap.generation=gen2],Rate,0
06/06/2026 22:44:57,System.Runtime,dotnet.gc.collections ({collection} / 1 sec)[gc.heap.generation=gen0],Rate,0
06/06/2026 22:44:57,System.Runtime,dotnet.gc.collections ({collection} / 1 sec)[gc.heap.generation=gen1],Rate,0
06/06/2026 22:44:57,System.Runtime,dotnet.jit.compilation.time (s / 1 sec),Rate,0
06/06/2026 22:44:57,System.Runtime,dotnet.process.cpu.count ({cpu}),Metric,4
06/06/2026 22:44:57,System.Runtime,dotnet.exceptions ({exception} / 1 sec)[error.type=CachedInternalErrorException],Rate,0
06/06/2026 22:44:57,System.Runtime,dotnet.exceptions ({exception} / 1 sec)[error.type=CachedSocketException],Rate,0
06/06/2026 22:44:57,System.Runtime,dotnet.exceptions ({exception} / 1 sec)[error.type=SocketException],Rate,0
06/06/2026 22:44:57,System.Runtime,dotnet.exceptions ({exception} / 1 sec)[error.type=CachedNetworkException],Rate,0
06/06/2026 22:44:58,System.Runtime,dotnet.thread_pool.work_item.count ({work_item} / 1 sec),Rate,11348
06/06/2026 22:44:58,System.Runtime,dotnet.monitor.lock_contentions ({contention} / 1 sec),Rate,29
06/06/2026 22:44:58,System.Runtime,dotnet.gc.last_collection.heap.fragmentation.size (By)[gc.heap.generation=poh],Metric,0
06/06/2026 22:44:58,System.Runtime,dotnet.gc.last_collection.heap.fragmentation.size (By)[gc.heap.generation=loh],Metric,84296
06/06/2026 22:44:58,System.Runtime,dotnet.gc.last_collection.heap.fragmentation.size (By)[gc.heap.generation=gen2],Metric,1335720
06/06/2026 22:44:58,System.Runtime,dotnet.gc.last_collection.heap.fragmentation.size (By)[gc.heap.generation=gen1],Metric,428832
06/06/2026 22:44:58,System.Runtime,dotnet.gc.last_collection.heap.fragmentation.size (By)[gc.heap.generation=gen0],Metric,0
06/06/2026 22:44:58,System.Runtime,dotnet.gc.pause.time (s / 1 sec),Rate,0
06/06/2026 22:44:58,System.Runtime,dotnet.gc.last_collection.memory.committed_size (By),Metric,615546880
06/06/2026 22:44:58,System.Runtime,dotnet.assembly.count ({assembly}),Metric,54
06/06/2026 22:44:58,System.Runtime,dotnet.thread_pool.queue.length ({work_item} / 1 sec),Rate,0
06/06/2026 22:44:58,System.Runtime,dotnet.jit.compiled_methods ({method} / 1 sec),Rate,11
06/06/2026 22:44:58,System.Runtime,dotnet.jit.compiled_il.size (By / 1 sec),Rate,288
06/06/2026 22:44:58,System.Runtime,dotnet.gc.heap.total_allocated (By / 1 sec),Rate,4725440
06/06/2026 22:44:58,System.Runtime,dotnet.process.memory.working_set (By),Metric,692715520
06/06/2026 22:44:58,System.Runtime,dotnet.thread_pool.thread.count ({thread} / 1 sec),Rate,0
06/06/2026 22:44:58,System.Runtime,dotnet.gc.last_collection.heap.size (By)[gc.heap.generation=poh],Metric,188414080
06/06/2026 22:44:58,System.Runtime,dotnet.gc.last_collection.heap.size (By)[gc.heap.generation=loh],Metric,4093896
06/06/2026 22:44:58,System.Runtime,dotnet.gc.last_collection.heap.size (By)[gc.heap.generation=gen2],Metric,216609800
06/06/2026 22:44:58,System.Runtime,dotnet.gc.last_collection.heap.size (By)[gc.heap.generation=gen1],Metric,29762312
06/06/2026 22:44:58,System.Runtime,dotnet.gc.last_collection.heap.size (By)[gc.heap.generation=gen0],Metric,0
06/06/2026 22:44:58,System.Runtime,dotnet.timer.count ({timer}),Metric,28
06/06/2026 22:44:58,System.Runtime,dotnet.process.cpu.time (s / 1 sec)[cpu.mode=user],Rate,0.18998399999998128
06/06/2026 22:44:58,System.Runtime,dotnet.process.cpu.time (s / 1 sec)[cpu.mode=system],Rate,0.17453000000000074
06/06/2026 22:44:58,System.Runtime,dotnet.gc.collections ({collection} / 1 sec)[gc.heap.generation=gen2],Rate,0
06/06/2026 22:44:58,System.Runtime,dotnet.gc.collections ({collection} / 1 sec)[gc.heap.generation=gen0],Rate,0
06/06/2026 22:44:58,System.Runtime,dotnet.gc.collections ({collection} / 1 sec)[gc.heap.generation=gen1],Rate,0
06/06/2026 22:44:58,System.Runtime,dotnet.jit.compilation.time (s / 1 sec),Rate,0.0060229999999998896
06/06/2026 22:44:58,System.Runtime,dotnet.process.cpu.count ({cpu}),Metric,4
06/06/2026 22:44:58,System.Runtime,dotnet.exceptions ({exception} / 1 sec)[error.type=CachedInternalErrorException],Rate,0
06/06/2026 22:44:58,System.Runtime,dotnet.exceptions ({exception} / 1 sec)[error.type=CachedSocketException],Rate,0
06/06/2026 22:44:58,System.Runtime,dotnet.exceptions ({exception} / 1 sec)[error.type=SocketException],Rate,0
06/06/2026 22:44:58,System.Runtime,dotnet.exceptions ({exception} / 1 sec)[error.type=CachedNetworkException],Rate,702
06/06/2026 22:44:59,System.Runtime,dotnet.thread_pool.work_item.count ({work_item} / 1 sec),Rate,10600
06/06/2026 22:44:59,System.Runtime,dotnet.monitor.lock_contentions ({contention} / 1 sec),Rate,58
06/06/2026 22:44:59,System.Runtime,dotnet.gc.last_collection.heap.fragmentation.size (By)[gc.heap.generation=poh],Metric,0
06/06/2026 22:44:59,System.Runtime,dotnet.gc.last_collection.heap.fragmentation.size (By)[gc.heap.generation=loh],Metric,84296
06/06/2026 22:44:59,System.Runtime,dotnet.gc.last_collection.heap.fragmentation.size (By)[gc.heap.generation=gen2],Metric,1335720
06/06/2026 22:44:59,System.Runtime,dotnet.gc.last_collection.heap.fragmentation.size (By)[gc.heap.generation=gen1],Metric,428832
06/06/2026 22:44:59,System.Runtime,dotnet.gc.last_collection.heap.fragmentation.size (By)[gc.heap.generation=gen0],Metric,0
06/06/2026 22:44:59,System.Runtime,dotnet.gc.pause.time (s / 1 sec),Rate,0
06/06/2026 22:44:59,System.Runtime,dotnet.gc.last_collection.memory.committed_size (By),Metric,615546880
06/06/2026 22:44:59,System.Runtime,dotnet.assembly.count ({assembly}),Metric,54
06/06/2026 22:44:59,System.Runtime,dotnet.thread_pool.queue.length ({work_item} / 1 sec),Rate,0
06/06/2026 22:44:59,System.Runtime,dotnet.jit.compiled_methods ({method} / 1 sec),Rate,1
06/06/2026 22:44:59,System.Runtime,dotnet.jit.compiled_il.size (By / 1 sec),Rate,25
06/06/2026 22:44:59,System.Runtime,dotnet.gc.heap.total_allocated (By / 1 sec),Rate,4512616
06/06/2026 22:44:59,System.Runtime,dotnet.process.memory.working_set (By),Metric,695861248
06/06/2026 22:44:59,System.Runtime,dotnet.thread_pool.thread.count ({thread} / 1 sec),Rate,0
06/06/2026 22:44:59,System.Runtime,dotnet.gc.last_collection.heap.size (By)[gc.heap.generation=poh],Metric,188414080
06/06/2026 22:44:59,System.Runtime,dotnet.gc.last_collection.heap.size (By)[gc.heap.generation=loh],Metric,4093896
06/06/2026 22:44:59,System.Runtime,dotnet.gc.last_collection.heap.size (By)[gc.heap.generation=gen2],Metric,216609800
06/06/2026 22:44:59,System.Runtime,dotnet.gc.last_collection.heap.size (By)[gc.heap.generation=gen1],Metric,29762312
06/06/2026 22:44:59,System.Runtime,dotnet.gc.last_collection.heap.size (By)[gc.heap.generation=gen0],Metric,0
06/06/2026 22:44:59,System.Runtime,dotnet.timer.count ({timer}),Metric,28
06/06/2026 22:44:59,System.Runtime,dotnet.process.cpu.time (s / 1 sec)[cpu.mode=user],Rate,0.18569400000001224
06/06/2026 22:44:59,System.Runtime,dotnet.process.cpu.time (s / 1 sec)[cpu.mode=system],Rate,0.19663399999999953
06/06/2026 22:44:59,System.Runtime,dotnet.gc.collections ({collection} / 1 sec)[gc.heap.generation=gen2],Rate,0
06/06/2026 22:44:59,System.Runtime,dotnet.gc.collections ({collection} / 1 sec)[gc.heap.generation=gen0],Rate,0
06/06/2026 22:44:59,System.Runtime,dotnet.gc.collections ({collection} / 1 sec)[gc.heap.generation=gen1],Rate,0
06/06/2026 22:44:59,System.Runtime,dotnet.jit.compilation.time (s / 1 sec),Rate,0.00035929999999950724
06/06/2026 22:44:59,System.Runtime,dotnet.process.cpu.count ({cpu}),Metric,4
06/06/2026 22:44:59,System.Runtime,dotnet.exceptions ({exception} / 1 sec)[error.type=CachedInternalErrorException],Rate,0
06/06/2026 22:44:59,System.Runtime,dotnet.exceptions ({exception} / 1 sec)[error.type=CachedSocketException],Rate,0
06/06/2026 22:44:59,System.Runtime,dotnet.exceptions ({exception} / 1 sec)[error.type=SocketException],Rate,0
06/06/2026 22:44:59,System.Runtime,dotnet.exceptions ({exception} / 1 sec)[error.type=CachedNetworkException],Rate,576
06/06/2026 22:45:00,System.Runtime,dotnet.thread_pool.work_item.count ({work_item} / 1 sec),Rate,8965
06/06/2026 22:45:00,System.Runtime,dotnet.monitor.lock_contentions ({contention} / 1 sec),Rate,35
06/06/2026 22:45:00,System.Runtime,dotnet.gc.last_collection.heap.fragmentation.size (By)[gc.heap.generation=poh],Metric,0
06/06/2026 22:45:00,System.Runtime,dotnet.gc.last_collection.heap.fragmentation.size (By)[gc.heap.generation=loh],Metric,84296
06/06/2026 22:45:00,System.Runtime,dotnet.gc.last_collection.heap.fragmentation.size (By)[gc.heap.generation=gen2],Metric,1335720
06/06/2026 22:45:00,System.Runtime,dotnet.gc.last_collection.heap.fragmentation.size (By)[gc.heap.generation=gen1],Metric,428832
06/06/2026 22:45:00,System.Runtime,dotnet.gc.last_collection.heap.fragmentation.size (By)[gc.heap.generation=gen0],Metric,0
06/06/2026 22:45:00,System.Runtime,dotnet.gc.pause.time (s / 1 sec),Rate,0
06/06/2026 22:45:00,System.Runtime,dotnet.gc.last_collection.memory.committed_size (By),Metric,615546880
06/06/2026 22:45:00,System.Runtime,dotnet.assembly.count ({assembly}),Metric,54
06/06/2026 22:45:00,System.Runtime,dotnet.thread_pool.queue.length ({work_item} / 1 sec),Rate,1
06/06/2026 22:45:00,System.Runtime,dotnet.jit.compiled_methods ({method} / 1 sec),Rate,0
06/06/2026 22:45:00,System.Runtime,dotnet.jit.compiled_il.size (By / 1 sec),Rate,0
06/06/2026 22:45:00,System.Runtime,dotnet.gc.heap.total_allocated (By / 1 sec),Rate,2991000
06/06/2026 22:45:00,System.Runtime,dotnet.process.memory.working_set (By),Metric,697434112
06/06/2026 22:45:00,System.Runtime,dotnet.thread_pool.thread.count ({thread} / 1 sec),Rate,0
06/06/2026 22:45:00,System.Runtime,dotnet.gc.last_collection.heap.size (By)[gc.heap.generation=poh],Metric,188414080
06/06/2026 22:45:00,System.Runtime,dotnet.gc.last_collection.heap.size (By)[gc.heap.generation=loh],Metric,4093896
06/06/2026 22:45:00,System.Runtime,dotnet.gc.last_collection.heap.size (By)[gc.heap.generation=gen2],Metric,216609800
06/06/2026 22:45:00,System.Runtime,dotnet.gc.last_collection.heap.size (By)[gc.heap.generation=gen1],Metric,29762312
06/06/2026 22:45:00,System.Runtime,dotnet.gc.last_collection.heap.size (By)[gc.heap.generation=gen0],Metric,0
06/06/2026 22:45:00,System.Runtime,dotnet.timer.count ({timer}),Metric,28
06/06/2026 22:45:00,System.Runtime,dotnet.process.cpu.time (s / 1 sec)[cpu.mode=user],Rate,0.15598099999999704
06/06/2026 22:45:00,System.Runtime,dotnet.process.cpu.time (s / 1 sec)[cpu.mode=system],Rate,0.19035599999999775
06/06/2026 22:45:00,System.Runtime,dotnet.gc.collections ({collection} / 1 sec)[gc.heap.generation=gen2],Rate,0
06/06/2026 22:45:00,System.Runtime,dotnet.gc.collections ({collection} / 1 sec)[gc.heap.generation=gen0],Rate,0
06/06/2026 22:45:00,System.Runtime,dotnet.gc.collections ({collection} / 1 sec)[gc.heap.generation=gen1],Rate,0
06/06/2026 22:45:00,System.Runtime,dotnet.jit.compilation.time (s / 1 sec),Rate,0
06/06/2026 22:45:00,System.Runtime,dotnet.process.cpu.count ({cpu}),Metric,4
06/06/2026 22:45:00,System.Runtime,dotnet.exceptions ({exception} / 1 sec)[error.type=CachedInternalErrorException],Rate,0
06/06/2026 22:45:00,System.Runtime,dotnet.exceptions ({exception} / 1 sec)[error.type=CachedSocketException],Rate,0
06/06/2026 22:45:00,System.Runtime,dotnet.exceptions ({exception} / 1 sec)[error.type=SocketException],Rate,0
06/06/2026 22:45:00,System.Runtime,dotnet.exceptions ({exception} / 1 sec)[error.type=CachedNetworkException],Rate,0
06/06/2026 22:45:01,System.Runtime,dotnet.thread_pool.work_item.count ({work_item} / 1 sec),Rate,20529
06/06/2026 22:45:01,System.Runtime,dotnet.monitor.lock_contentions ({contention} / 1 sec),Rate,53
06/06/2026 22:45:01,System.Runtime,dotnet.gc.last_collection.heap.fragmentation.size (By)[gc.heap.generation=poh],Metric,0
06/06/2026 22:45:01,System.Runtime,dotnet.gc.last_collection.heap.fragmentation.size (By)[gc.heap.generation=loh],Metric,84296
06/06/2026 22:45:01,System.Runtime,dotnet.gc.last_collection.heap.fragmentation.size (By)[gc.heap.generation=gen2],Metric,1335720
06/06/2026 22:45:01,System.Runtime,dotnet.gc.last_collection.heap.fragmentation.size (By)[gc.heap.generation=gen1],Metric,428832
06/06/2026 22:45:01,System.Runtime,dotnet.gc.last_collection.heap.fragmentation.size (By)[gc.heap.generation=gen0],Metric,0
06/06/2026 22:45:01,System.Runtime,dotnet.gc.pause.time (s / 1 sec),Rate,0
06/06/2026 22:45:01,System.Runtime,dotnet.gc.last_collection.memory.committed_size (By),Metric,615546880
06/06/2026 22:45:01,System.Runtime,dotnet.assembly.count ({assembly}),Metric,54
06/06/2026 22:45:01,System.Runtime,dotnet.thread_pool.queue.length ({work_item} / 1 sec),Rate,465
06/06/2026 22:45:01,System.Runtime,dotnet.jit.compiled_methods ({method} / 1 sec),Rate,0
06/06/2026 22:45:01,System.Runtime,dotnet.jit.compiled_il.size (By / 1 sec),Rate,0
06/06/2026 22:45:01,System.Runtime,dotnet.gc.heap.total_allocated (By / 1 sec),Rate,5742128
06/06/2026 22:45:01,System.Runtime,dotnet.process.memory.working_set (By),Metric,702676992
06/06/2026 22:45:01,System.Runtime,dotnet.thread_pool.thread.count ({thread} / 1 sec),Rate,0
06/06/2026 22:45:01,System.Runtime,dotnet.gc.last_collection.heap.size (By)[gc.heap.generation=poh],Metric,188414080
06/06/2026 22:45:01,System.Runtime,dotnet.gc.last_collection.heap.size (By)[gc.heap.generation=loh],Metric,4093896
06/06/2026 22:45:01,System.Runtime,dotnet.gc.last_collection.heap.size (By)[gc.heap.generation=gen2],Metric,216609800
06/06/2026 22:45:01,System.Runtime,dotnet.gc.last_collection.heap.size (By)[gc.heap.generation=gen1],Metric,29762312
06/06/2026 22:45:01,System.Runtime,dotnet.gc.last_collection.heap.size (By)[gc.heap.generation=gen0],Metric,0
06/06/2026 22:45:01,System.Runtime,dotnet.timer.count ({timer}),Metric,12
06/06/2026 22:45:01,System.Runtime,dotnet.process.cpu.time (s / 1 sec)[cpu.mode=user],Rate,0.4186339999999973
06/06/2026 22:45:01,System.Runtime,dotnet.process.cpu.time (s / 1 sec)[cpu.mode=system],Rate,0.2787630000000014
06/06/2026 22:45:01,System.Runtime,dotnet.gc.collections ({collection} / 1 sec)[gc.heap.generation=gen2],Rate,0
06/06/2026 22:45:01,System.Runtime,dotnet.gc.collections ({collection} / 1 sec)[gc.heap.generation=gen0],Rate,0
06/06/2026 22:45:01,System.Runtime,dotnet.gc.collections ({collection} / 1 sec)[gc.heap.generation=gen1],Rate,0
06/06/2026 22:45:01,System.Runtime,dotnet.jit.compilation.time (s / 1 sec),Rate,0
06/06/2026 22:45:01,System.Runtime,dotnet.process.cpu.count ({cpu}),Metric,4
06/06/2026 22:45:01,System.Runtime,dotnet.exceptions ({exception} / 1 sec)[error.type=CachedInternalErrorException],Rate,0
06/06/2026 22:45:01,System.Runtime,dotnet.exceptions ({exception} / 1 sec)[error.type=CachedSocketException],Rate,0
06/06/2026 22:45:01,System.Runtime,dotnet.exceptions ({exception} / 1 sec)[error.type=SocketException],Rate,0
06/06/2026 22:45:01,System.Runtime,dotnet.exceptions ({exception} / 1 sec)[error.type=CachedNetworkException],Rate,0
06/06/2026 22:45:02,System.Runtime,dotnet.thread_pool.work_item.count ({work_item} / 1 sec),Rate,9325
06/06/2026 22:45:02,System.Runtime,dotnet.monitor.lock_contentions ({contention} / 1 sec),Rate,53
06/06/2026 22:45:02,System.Runtime,dotnet.gc.last_collection.heap.fragmentation.size (By)[gc.heap.generation=poh],Metric,0
06/06/2026 22:45:02,System.Runtime,dotnet.gc.last_collection.heap.fragmentation.size (By)[gc.heap.generation=loh],Metric,84392
06/06/2026 22:45:02,System.Runtime,dotnet.gc.last_collection.heap.fragmentation.size (By)[gc.heap.generation=gen2],Metric,1335720
06/06/2026 22:45:02,System.Runtime,dotnet.gc.last_collection.heap.fragmentation.size (By)[gc.heap.generation=gen1],Metric,1528392
06/06/2026 22:45:02,System.Runtime,dotnet.gc.last_collection.heap.fragmentation.size (By)[gc.heap.generation=gen0],Metric,0
06/06/2026 22:45:02,System.Runtime,dotnet.gc.pause.time (s / 1 sec),Rate,0.24066600000000005
06/06/2026 22:45:02,System.Runtime,dotnet.gc.last_collection.memory.committed_size (By),Metric,633028608
06/06/2026 22:45:02,System.Runtime,dotnet.assembly.count ({assembly}),Metric,54
06/06/2026 22:45:02,System.Runtime,dotnet.thread_pool.queue.length ({work_item} / 1 sec),Rate,-443
06/06/2026 22:45:02,System.Runtime,dotnet.jit.compiled_methods ({method} / 1 sec),Rate,0
06/06/2026 22:45:02,System.Runtime,dotnet.jit.compiled_il.size (By / 1 sec),Rate,0
06/06/2026 22:45:02,System.Runtime,dotnet.gc.heap.total_allocated (By / 1 sec),Rate,3074664
06/06/2026 22:45:02,System.Runtime,dotnet.process.memory.working_set (By),Metric,705822720
06/06/2026 22:45:02,System.Runtime,dotnet.thread_pool.thread.count ({thread} / 1 sec),Rate,0
06/06/2026 22:45:02,System.Runtime,dotnet.gc.last_collection.heap.size (By)[gc.heap.generation=poh],Metric,188414080
06/06/2026 22:45:02,System.Runtime,dotnet.gc.last_collection.heap.size (By)[gc.heap.generation=loh],Metric,5025192
06/06/2026 22:45:02,System.Runtime,dotnet.gc.last_collection.heap.size (By)[gc.heap.generation=gen2],Metric,216609800
06/06/2026 22:45:02,System.Runtime,dotnet.gc.last_collection.heap.size (By)[gc.heap.generation=gen1],Metric,108078160
06/06/2026 22:45:02,System.Runtime,dotnet.gc.last_collection.heap.size (By)[gc.heap.generation=gen0],Metric,0
06/06/2026 22:45:02,System.Runtime,dotnet.timer.count ({timer}),Metric,17
06/06/2026 22:45:02,System.Runtime,dotnet.process.cpu.time (s / 1 sec)[cpu.mode=user],Rate,0.9341850000000136
06/06/2026 22:45:02,System.Runtime,dotnet.process.cpu.time (s / 1 sec)[cpu.mode=system],Rate,0.22638900000000106
06/06/2026 22:45:02,System.Runtime,dotnet.gc.collections ({collection} / 1 sec)[gc.heap.generation=gen2],Rate,0
06/06/2026 22:45:02,System.Runtime,dotnet.gc.collections ({collection} / 1 sec)[gc.heap.generation=gen0],Rate,1
06/06/2026 22:45:02,System.Runtime,dotnet.gc.collections ({collection} / 1 sec)[gc.heap.generation=gen1],Rate,0
06/06/2026 22:45:02,System.Runtime,dotnet.jit.compilation.time (s / 1 sec),Rate,0
06/06/2026 22:45:02,System.Runtime,dotnet.process.cpu.count ({cpu}),Metric,4
06/06/2026 22:45:02,System.Runtime,dotnet.exceptions ({exception} / 1 sec)[error.type=CachedInternalErrorException],Rate,0
06/06/2026 22:45:02,System.Runtime,dotnet.exceptions ({exception} / 1 sec)[error.type=CachedSocketException],Rate,0
06/06/2026 22:45:02,System.Runtime,dotnet.exceptions ({exception} / 1 sec)[error.type=SocketException],Rate,0
06/06/2026 22:45:02,System.Runtime,dotnet.exceptions ({exception} / 1 sec)[error.type=CachedNetworkException],Rate,0
06/06/2026 22:45:03,System.Runtime,dotnet.thread_pool.work_item.count ({work_item} / 1 sec),Rate,8397
06/06/2026 22:45:03,System.Runtime,dotnet.monitor.lock_contentions ({contention} / 1 sec),Rate,4
06/06/2026 22:45:03,System.Runtime,dotnet.gc.last_collection.heap.fragmentation.size (By)[gc.heap.generation=poh],Metric,0
06/06/2026 22:45:03,System.Runtime,dotnet.gc.last_collection.heap.fragmentation.size (By)[gc.heap.generation=loh],Metric,84392
06/06/2026 22:45:03,System.Runtime,dotnet.gc.last_collection.heap.fragmentation.size (By)[gc.heap.generation=gen2],Metric,1335720
06/06/2026 22:45:03,System.Runtime,dotnet.gc.last_collection.heap.fragmentation.size (By)[gc.heap.generation=gen1],Metric,1528392
06/06/2026 22:45:03,System.Runtime,dotnet.gc.last_collection.heap.fragmentation.size (By)[gc.heap.generation=gen0],Metric,0
06/06/2026 22:45:03,System.Runtime,dotnet.gc.pause.time (s / 1 sec),Rate,0
06/06/2026 22:45:03,System.Runtime,dotnet.gc.last_collection.memory.committed_size (By),Metric,633028608
06/06/2026 22:45:03,System.Runtime,dotnet.assembly.count ({assembly}),Metric,54
06/06/2026 22:45:03,System.Runtime,dotnet.thread_pool.queue.length ({work_item} / 1 sec),Rate,-23
06/06/2026 22:45:03,System.Runtime,dotnet.jit.compiled_methods ({method} / 1 sec),Rate,0
06/06/2026 22:45:03,System.Runtime,dotnet.jit.compiled_il.size (By / 1 sec),Rate,0
06/06/2026 22:45:03,System.Runtime,dotnet.gc.heap.total_allocated (By / 1 sec),Rate,3012472
06/06/2026 22:45:03,System.Runtime,dotnet.process.memory.working_set (By),Metric,705822720
06/06/2026 22:45:03,System.Runtime,dotnet.thread_pool.thread.count ({thread} / 1 sec),Rate,0
06/06/2026 22:45:03,System.Runtime,dotnet.gc.last_collection.heap.size (By)[gc.heap.generation=poh],Metric,188414080
06/06/2026 22:45:03,System.Runtime,dotnet.gc.last_collection.heap.size (By)[gc.heap.generation=loh],Metric,5025192
06/06/2026 22:45:03,System.Runtime,dotnet.gc.last_collection.heap.size (By)[gc.heap.generation=gen2],Metric,216609800
06/06/2026 22:45:03,System.Runtime,dotnet.gc.last_collection.heap.size (By)[gc.heap.generation=gen1],Metric,108078160
06/06/2026 22:45:03,System.Runtime,dotnet.gc.last_collection.heap.size (By)[gc.heap.generation=gen0],Metric,0
06/06/2026 22:45:03,System.Runtime,dotnet.timer.count ({timer}),Metric,28
06/06/2026 22:45:03,System.Runtime,dotnet.process.cpu.time (s / 1 sec)[cpu.mode=user],Rate,0.0937579999999798
06/06/2026 22:45:03,System.Runtime,dotnet.process.cpu.time (s / 1 sec)[cpu.mode=system],Rate,0.16208100000000059
06/06/2026 22:45:03,System.Runtime,dotnet.gc.collections ({collection} / 1 sec)[gc.heap.generation=gen2],Rate,0
06/06/2026 22:45:03,System.Runtime,dotnet.gc.collections ({collection} / 1 sec)[gc.heap.generation=gen0],Rate,0
06/06/2026 22:45:03,System.Runtime,dotnet.gc.collections ({collection} / 1 sec)[gc.heap.generation=gen1],Rate,0
06/06/2026 22:45:03,System.Runtime,dotnet.jit.compilation.time (s / 1 sec),Rate,0
06/06/2026 22:45:03,System.Runtime,dotnet.process.cpu.count ({cpu}),Metric,4
06/06/2026 22:45:03,System.Runtime,dotnet.exceptions ({exception} / 1 sec)[error.type=CachedInternalErrorException],Rate,0
06/06/2026 22:45:03,System.Runtime,dotnet.exceptions ({exception} / 1 sec)[error.type=CachedSocketException],Rate,0
06/06/2026 22:45:03,System.Runtime,dotnet.exceptions ({exception} / 1 sec)[error.type=SocketException],Rate,0
06/06/2026 22:45:03,System.Runtime,dotnet.exceptions ({exception} / 1 sec)[error.type=CachedNetworkException],Rate,0
06/06/2026 22:45:04,System.Runtime,dotnet.thread_pool.work_item.count ({work_item} / 1 sec),Rate,9333
06/06/2026 22:45:04,System.Runtime,dotnet.monitor.lock_contentions ({contention} / 1 sec),Rate,38
06/06/2026 22:45:04,System.Runtime,dotnet.gc.last_collection.heap.fragmentation.size (By)[gc.heap.generation=poh],Metric,0
06/06/2026 22:45:04,System.Runtime,dotnet.gc.last_collection.heap.fragmentation.size (By)[gc.heap.generation=loh],Metric,84392
06/06/2026 22:45:04,System.Runtime,dotnet.gc.last_collection.heap.fragmentation.size (By)[gc.heap.generation=gen2],Metric,1335720
06/06/2026 22:45:04,System.Runtime,dotnet.gc.last_collection.heap.fragmentation.size (By)[gc.heap.generation=gen1],Metric,1528392
06/06/2026 22:45:04,System.Runtime,dotnet.gc.last_collection.heap.fragmentation.size (By)[gc.heap.generation=gen0],Metric,0
06/06/2026 22:45:04,System.Runtime,dotnet.gc.pause.time (s / 1 sec),Rate,0
06/06/2026 22:45:04,System.Runtime,dotnet.gc.last_collection.memory.committed_size (By),Metric,633028608
06/06/2026 22:45:04,System.Runtime,dotnet.assembly.count ({assembly}),Metric,54
06/06/2026 22:45:04,System.Runtime,dotnet.thread_pool.queue.length ({work_item} / 1 sec),Rate,0
06/06/2026 22:45:04,System.Runtime,dotnet.jit.compiled_methods ({method} / 1 sec),Rate,0
06/06/2026 22:45:04,System.Runtime,dotnet.jit.compiled_il.size (By / 1 sec),Rate,0
06/06/2026 22:45:04,System.Runtime,dotnet.gc.heap.total_allocated (By / 1 sec),Rate,3322792
06/06/2026 22:45:04,System.Runtime,dotnet.process.memory.working_set (By),Metric,705822720
06/06/2026 22:45:04,System.Runtime,dotnet.thread_pool.thread.count ({thread} / 1 sec),Rate,1
06/06/2026 22:45:04,System.Runtime,dotnet.gc.last_collection.heap.size (By)[gc.heap.generation=poh],Metric,188414080
06/06/2026 22:45:04,System.Runtime,dotnet.gc.last_collection.heap.size (By)[gc.heap.generation=loh],Metric,5025192
06/06/2026 22:45:04,System.Runtime,dotnet.gc.last_collection.heap.size (By)[gc.heap.generation=gen2],Metric,216609800
06/06/2026 22:45:04,System.Runtime,dotnet.gc.last_collection.heap.size (By)[gc.heap.generation=gen1],Metric,108078160
06/06/2026 22:45:04,System.Runtime,dotnet.gc.last_collection.heap.size (By)[gc.heap.generation=gen0],Metric,0
06/06/2026 22:45:04,System.Runtime,dotnet.timer.count ({timer}),Metric,28
06/06/2026 22:45:04,System.Runtime,dotnet.process.cpu.time (s / 1 sec)[cpu.mode=user],Rate,0.12812300000001642
06/06/2026 22:45:04,System.Runtime,dotnet.process.cpu.time (s / 1 sec)[cpu.mode=system],Rate,0.15764000000000067
06/06/2026 22:45:04,System.Runtime,dotnet.gc.collections ({collection} / 1 sec)[gc.heap.generation=gen2],Rate,0
06/06/2026 22:45:04,System.Runtime,dotnet.gc.collections ({collection} / 1 sec)[gc.heap.generation=gen0],Rate,0
06/06/2026 22:45:04,System.Runtime,dotnet.gc.collections ({collection} / 1 sec)[gc.heap.generation=gen1],Rate,0
06/06/2026 22:45:04,System.Runtime,dotnet.jit.compilation.time (s / 1 sec),Rate,0
06/06/2026 22:45:04,System.Runtime,dotnet.process.cpu.count ({cpu}),Metric,4
06/06/2026 22:45:04,System.Runtime,dotnet.exceptions ({exception} / 1 sec)[error.type=CachedInternalErrorException],Rate,0
06/06/2026 22:45:04,System.Runtime,dotnet.exceptions ({exception} / 1 sec)[error.type=CachedSocketException],Rate,0
06/06/2026 22:45:04,System.Runtime,dotnet.exceptions ({exception} / 1 sec)[error.type=SocketException],Rate,0
06/06/2026 22:45:04,System.Runtime,dotnet.exceptions ({exception} / 1 sec)[error.type=CachedNetworkException],Rate,0
06/06/2026 22:45:05,System.Runtime,dotnet.thread_pool.work_item.count ({work_item} / 1 sec),Rate,12342
06/06/2026 22:45:05,System.Runtime,dotnet.monitor.lock_contentions ({contention} / 1 sec),Rate,54
06/06/2026 22:45:05,System.Runtime,dotnet.gc.last_collection.heap.fragmentation.size (By)[gc.heap.generation=poh],Metric,0
06/06/2026 22:45:05,System.Runtime,dotnet.gc.last_collection.heap.fragmentation.size (By)[gc.heap.generation=loh],Metric,84392
06/06/2026 22:45:05,System.Runtime,dotnet.gc.last_collection.heap.fragmentation.size (By)[gc.heap.generation=gen2],Metric,1335720
06/06/2026 22:45:05,System.Runtime,dotnet.gc.last_collection.heap.fragmentation.size (By)[gc.heap.generation=gen1],Metric,1528392
06/06/2026 22:45:05,System.Runtime,dotnet.gc.last_collection.heap.fragmentation.size (By)[gc.heap.generation=gen0],Metric,0
06/06/2026 22:45:05,System.Runtime,dotnet.gc.pause.time (s / 1 sec),Rate,0
06/06/2026 22:45:05,System.Runtime,dotnet.gc.last_collection.memory.committed_size (By),Metric,633028608
06/06/2026 22:45:05,System.Runtime,dotnet.assembly.count ({assembly}),Metric,54
06/06/2026 22:45:05,System.Runtime,dotnet.thread_pool.queue.length ({work_item} / 1 sec),Rate,0
06/06/2026 22:45:05,System.Runtime,dotnet.jit.compiled_methods ({method} / 1 sec),Rate,0
06/06/2026 22:45:05,System.Runtime,dotnet.jit.compiled_il.size (By / 1 sec),Rate,0
06/06/2026 22:45:05,System.Runtime,dotnet.gc.heap.total_allocated (By / 1 sec),Rate,4396608
06/06/2026 22:45:05,System.Runtime,dotnet.process.memory.working_set (By),Metric,705822720
06/06/2026 22:45:05,System.Runtime,dotnet.thread_pool.thread.count ({thread} / 1 sec),Rate,0
06/06/2026 22:45:05,System.Runtime,dotnet.gc.last_collection.heap.size (By)[gc.heap.generation=poh],Metric,188414080
06/06/2026 22:45:05,System.Runtime,dotnet.gc.last_collection.heap.size (By)[gc.heap.generation=loh],Metric,5025192
06/06/2026 22:45:05,System.Runtime,dotnet.gc.last_collection.heap.size (By)[gc.heap.generation=gen2],Metric,216609800
06/06/2026 22:45:05,System.Runtime,dotnet.gc.last_collection.heap.size (By)[gc.heap.generation=gen1],Metric,108078160
06/06/2026 22:45:05,System.Runtime,dotnet.gc.last_collection.heap.size (By)[gc.heap.generation=gen0],Metric,0
06/06/2026 22:45:05,System.Runtime,dotnet.timer.count ({timer}),Metric,28
06/06/2026 22:45:05,System.Runtime,dotnet.process.cpu.time (s / 1 sec)[cpu.mode=user],Rate,0.1528899999999851
06/06/2026 22:45:05,System.Runtime,dotnet.process.cpu.time (s / 1 sec)[cpu.mode=system],Rate,0.17478499999999997
06/06/2026 22:45:05,System.Runtime,dotnet.gc.collections ({collection} / 1 sec)[gc.heap.generation=gen2],Rate,0
06/06/2026 22:45:05,System.Runtime,dotnet.gc.collections ({collection} / 1 sec)[gc.heap.generation=gen0],Rate,0
06/06/2026 22:45:05,System.Runtime,dotnet.gc.collections ({collection} / 1 sec)[gc.heap.generation=gen1],Rate,0
06/06/2026 22:45:05,System.Runtime,dotnet.jit.compilation.time (s / 1 sec),Rate,0
06/06/2026 22:45:05,System.Runtime,dotnet.process.cpu.count ({cpu}),Metric,4
06/06/2026 22:45:05,System.Runtime,dotnet.exceptions ({exception} / 1 sec)[error.type=CachedInternalErrorException],Rate,0
06/06/2026 22:45:05,System.Runtime,dotnet.exceptions ({exception} / 1 sec)[error.type=CachedSocketException],Rate,0
06/06/2026 22:45:05,System.Runtime,dotnet.exceptions ({exception} / 1 sec)[error.type=SocketException],Rate,0
06/06/2026 22:45:05,System.Runtime,dotnet.exceptions ({exception} / 1 sec)[error.type=CachedNetworkException],Rate,0
06/06/2026 22:45:06,System.Runtime,dotnet.thread_pool.work_item.count ({work_item} / 1 sec),Rate,12350
06/06/2026 22:45:06,System.Runtime,dotnet.monitor.lock_contentions ({contention} / 1 sec),Rate,46
06/06/2026 22:45:06,System.Runtime,dotnet.gc.last_collection.heap.fragmentation.size (By)[gc.heap.generation=poh],Metric,0
06/06/2026 22:45:06,System.Runtime,dotnet.gc.last_collection.heap.fragmentation.size (By)[gc.heap.generation=loh],Metric,84392
06/06/2026 22:45:06,System.Runtime,dotnet.gc.last_collection.heap.fragmentation.size (By)[gc.heap.generation=gen2],Metric,1335720
06/06/2026 22:45:06,System.Runtime,dotnet.gc.last_collection.heap.fragmentation.size (By)[gc.heap.generation=gen1],Metric,1528392
06/06/2026 22:45:06,System.Runtime,dotnet.gc.last_collection.heap.fragmentation.size (By)[gc.heap.generation=gen0],Metric,0
06/06/2026 22:45:06,System.Runtime,dotnet.gc.pause.time (s / 1 sec),Rate,0
06/06/2026 22:45:06,System.Runtime,dotnet.gc.last_collection.memory.committed_size (By),Metric,633028608
06/06/2026 22:45:06,System.Runtime,dotnet.assembly.count ({assembly}),Metric,54
06/06/2026 22:45:06,System.Runtime,dotnet.thread_pool.queue.length ({work_item} / 1 sec),Rate,0
06/06/2026 22:45:06,System.Runtime,dotnet.jit.compiled_methods ({method} / 1 sec),Rate,0
06/06/2026 22:45:06,System.Runtime,dotnet.jit.compiled_il.size (By / 1 sec),Rate,0
06/06/2026 22:45:06,System.Runtime,dotnet.gc.heap.total_allocated (By / 1 sec),Rate,4354656
06/06/2026 22:45:06,System.Runtime,dotnet.process.memory.working_set (By),Metric,705822720
06/06/2026 22:45:06,System.Runtime,dotnet.thread_pool.thread.count ({thread} / 1 sec),Rate,0
06/06/2026 22:45:06,System.Runtime,dotnet.gc.last_collection.heap.size (By)[gc.heap.generation=poh],Metric,188414080
06/06/2026 22:45:06,System.Runtime,dotnet.gc.last_collection.heap.size (By)[gc.heap.generation=loh],Metric,5025192
06/06/2026 22:45:06,System.Runtime,dotnet.gc.last_collection.heap.size (By)[gc.heap.generation=gen2],Metric,216609800
06/06/2026 22:45:06,System.Runtime,dotnet.gc.last_collection.heap.size (By)[gc.heap.generation=gen1],Metric,108078160
06/06/2026 22:45:06,System.Runtime,dotnet.gc.last_collection.heap.size (By)[gc.heap.generation=gen0],Metric,0
06/06/2026 22:45:06,System.Runtime,dotnet.timer.count ({timer}),Metric,28
06/06/2026 22:45:06,System.Runtime,dotnet.process.cpu.time (s / 1 sec)[cpu.mode=user],Rate,0.15777600000001257
06/06/2026 22:45:06,System.Runtime,dotnet.process.cpu.time (s / 1 sec)[cpu.mode=system],Rate,0.1714799999999954
06/06/2026 22:45:06,System.Runtime,dotnet.gc.collections ({collection} / 1 sec)[gc.heap.generation=gen2],Rate,0
06/06/2026 22:45:06,System.Runtime,dotnet.gc.collections ({collection} / 1 sec)[gc.heap.generation=gen0],Rate,0
06/06/2026 22:45:06,System.Runtime,dotnet.gc.collections ({collection} / 1 sec)[gc.heap.generation=gen1],Rate,0
06/06/2026 22:45:06,System.Runtime,dotnet.jit.compilation.time (s / 1 sec),Rate,0
06/06/2026 22:45:06,System.Runtime,dotnet.process.cpu.count ({cpu}),Metric,4
06/06/2026 22:45:06,System.Runtime,dotnet.exceptions ({exception} / 1 sec)[error.type=CachedInternalErrorException],Rate,0
06/06/2026 22:45:06,System.Runtime,dotnet.exceptions ({exception} / 1 sec)[error.type=CachedSocketException],Rate,0
06/06/2026 22:45:06,System.Runtime,dotnet.exceptions ({exception} / 1 sec)[error.type=SocketException],Rate,0
06/06/2026 22:45:06,System.Runtime,dotnet.exceptions ({exception} / 1 sec)[error.type=CachedNetworkException],Rate,0
06/06/2026 22:45:07,System.Runtime,dotnet.thread_pool.work_item.count ({work_item} / 1 sec),Rate,28310
06/06/2026 22:45:07,System.Runtime,dotnet.monitor.lock_contentions ({contention} / 1 sec),Rate,29
06/06/2026 22:45:07,System.Runtime,dotnet.gc.last_collection.heap.fragmentation.size (By)[gc.heap.generation=poh],Metric,0
06/06/2026 22:45:07,System.Runtime,dotnet.gc.last_collection.heap.fragmentation.size (By)[gc.heap.generation=loh],Metric,84392
06/06/2026 22:45:07,System.Runtime,dotnet.gc.last_collection.heap.fragmentation.size (By)[gc.heap.generation=gen2],Metric,1335720
06/06/2026 22:45:07,System.Runtime,dotnet.gc.last_collection.heap.fragmentation.size (By)[gc.heap.generation=gen1],Metric,1528392
06/06/2026 22:45:07,System.Runtime,dotnet.gc.last_collection.heap.fragmentation.size (By)[gc.heap.generation=gen0],Metric,0
06/06/2026 22:45:07,System.Runtime,dotnet.gc.pause.time (s / 1 sec),Rate,0
06/06/2026 22:45:07,System.Runtime,dotnet.gc.last_collection.memory.committed_size (By),Metric,633028608
06/06/2026 22:45:07,System.Runtime,dotnet.assembly.count ({assembly}),Metric,54
06/06/2026 22:45:07,System.Runtime,dotnet.thread_pool.queue.length ({work_item} / 1 sec),Rate,5322
06/06/2026 22:45:07,System.Runtime,dotnet.jit.compiled_methods ({method} / 1 sec),Rate,0
06/06/2026 22:45:07,System.Runtime,dotnet.jit.compiled_il.size (By / 1 sec),Rate,0
06/06/2026 22:45:07,System.Runtime,dotnet.gc.heap.total_allocated (By / 1 sec),Rate,8794392
06/06/2026 22:45:07,System.Runtime,dotnet.process.memory.working_set (By),Metric,705822720
06/06/2026 22:45:07,System.Runtime,dotnet.thread_pool.thread.count ({thread} / 1 sec),Rate,0
06/06/2026 22:45:07,System.Runtime,dotnet.gc.last_collection.heap.size (By)[gc.heap.generation=poh],Metric,188414080
06/06/2026 22:45:07,System.Runtime,dotnet.gc.last_collection.heap.size (By)[gc.heap.generation=loh],Metric,5025192
06/06/2026 22:45:07,System.Runtime,dotnet.gc.last_collection.heap.size (By)[gc.heap.generation=gen2],Metric,216609800
06/06/2026 22:45:07,System.Runtime,dotnet.gc.last_collection.heap.size (By)[gc.heap.generation=gen1],Metric,108078160
06/06/2026 22:45:07,System.Runtime,dotnet.gc.last_collection.heap.size (By)[gc.heap.generation=gen0],Metric,0
06/06/2026 22:45:07,System.Runtime,dotnet.timer.count ({timer}),Metric,13
06/06/2026 22:45:07,System.Runtime,dotnet.process.cpu.time (s / 1 sec)[cpu.mode=user],Rate,0.6959319999999991
06/06/2026 22:45:07,System.Runtime,dotnet.process.cpu.time (s / 1 sec)[cpu.mode=system],Rate,0.31049100000000607
06/06/2026 22:45:07,System.Runtime,dotnet.gc.collections ({collection} / 1 sec)[gc.heap.generation=gen2],Rate,0
06/06/2026 22:45:07,System.Runtime,dotnet.gc.collections ({collection} / 1 sec)[gc.heap.generation=gen0],Rate,0
06/06/2026 22:45:07,System.Runtime,dotnet.gc.collections ({collection} / 1 sec)[gc.heap.generation=gen1],Rate,0
06/06/2026 22:45:07,System.Runtime,dotnet.jit.compilation.time (s / 1 sec),Rate,0
06/06/2026 22:45:07,System.Runtime,dotnet.process.cpu.count ({cpu}),Metric,4
06/06/2026 22:45:07,System.Runtime,dotnet.exceptions ({exception} / 1 sec)[error.type=CachedInternalErrorException],Rate,0
06/06/2026 22:45:07,System.Runtime,dotnet.exceptions ({exception} / 1 sec)[error.type=CachedSocketException],Rate,0
06/06/2026 22:45:07,System.Runtime,dotnet.exceptions ({exception} / 1 sec)[error.type=SocketException],Rate,0
06/06/2026 22:45:07,System.Runtime,dotnet.exceptions ({exception} / 1 sec)[error.type=CachedNetworkException],Rate,0
06/06/2026 22:45:08,System.Runtime,dotnet.thread_pool.work_item.count ({work_item} / 1 sec),Rate,96347
06/06/2026 22:45:08,System.Runtime,dotnet.monitor.lock_contentions ({contention} / 1 sec),Rate,144
06/06/2026 22:45:08,System.Runtime,dotnet.gc.last_collection.heap.fragmentation.size (By)[gc.heap.generation=poh],Metric,0
06/06/2026 22:45:08,System.Runtime,dotnet.gc.last_collection.heap.fragmentation.size (By)[gc.heap.generation=loh],Metric,84392
06/06/2026 22:45:08,System.Runtime,dotnet.gc.last_collection.heap.fragmentation.size (By)[gc.heap.generation=gen2],Metric,1335720
06/06/2026 22:45:08,System.Runtime,dotnet.gc.last_collection.heap.fragmentation.size (By)[gc.heap.generation=gen1],Metric,1528392
06/06/2026 22:45:08,System.Runtime,dotnet.gc.last_collection.heap.fragmentation.size (By)[gc.heap.generation=gen0],Metric,0
06/06/2026 22:45:08,System.Runtime,dotnet.gc.pause.time (s / 1 sec),Rate,0
06/06/2026 22:45:08,System.Runtime,dotnet.gc.last_collection.memory.committed_size (By),Metric,633028608
06/06/2026 22:45:08,System.Runtime,dotnet.assembly.count ({assembly}),Metric,54
06/06/2026 22:45:08,System.Runtime,dotnet.thread_pool.queue.length ({work_item} / 1 sec),Rate,492
06/06/2026 22:45:08,System.Runtime,dotnet.jit.compiled_methods ({method} / 1 sec),Rate,14
06/06/2026 22:45:08,System.Runtime,dotnet.jit.compiled_il.size (By / 1 sec),Rate,255
06/06/2026 22:45:08,System.Runtime,dotnet.gc.heap.total_allocated (By / 1 sec),Rate,24372808
06/06/2026 22:45:08,System.Runtime,dotnet.process.memory.working_set (By),Metric,707395584
06/06/2026 22:45:08,System.Runtime,dotnet.thread_pool.thread.count ({thread} / 1 sec),Rate,0
06/06/2026 22:45:08,System.Runtime,dotnet.gc.last_collection.heap.size (By)[gc.heap.generation=poh],Metric,188414080
06/06/2026 22:45:08,System.Runtime,dotnet.gc.last_collection.heap.size (By)[gc.heap.generation=loh],Metric,5025192
06/06/2026 22:45:08,System.Runtime,dotnet.gc.last_collection.heap.size (By)[gc.heap.generation=gen2],Metric,216609800
06/06/2026 22:45:08,System.Runtime,dotnet.gc.last_collection.heap.size (By)[gc.heap.generation=gen1],Metric,108078160
06/06/2026 22:45:08,System.Runtime,dotnet.gc.last_collection.heap.size (By)[gc.heap.generation=gen0],Metric,0
06/06/2026 22:45:08,System.Runtime,dotnet.timer.count ({timer}),Metric,11
06/06/2026 22:45:08,System.Runtime,dotnet.process.cpu.time (s / 1 sec)[cpu.mode=user],Rate,2.849448999999993
06/06/2026 22:45:08,System.Runtime,dotnet.process.cpu.time (s / 1 sec)[cpu.mode=system],Rate,0.8753489999999999
06/06/2026 22:45:08,System.Runtime,dotnet.gc.collections ({collection} / 1 sec)[gc.heap.generation=gen2],Rate,0
06/06/2026 22:45:08,System.Runtime,dotnet.gc.collections ({collection} / 1 sec)[gc.heap.generation=gen0],Rate,0
06/06/2026 22:45:08,System.Runtime,dotnet.gc.collections ({collection} / 1 sec)[gc.heap.generation=gen1],Rate,0
06/06/2026 22:45:08,System.Runtime,dotnet.jit.compilation.time (s / 1 sec),Rate,0.0025968000000000657
06/06/2026 22:45:08,System.Runtime,dotnet.process.cpu.count ({cpu}),Metric,4
06/06/2026 22:45:08,System.Runtime,dotnet.exceptions ({exception} / 1 sec)[error.type=CachedInternalErrorException],Rate,0
06/06/2026 22:45:08,System.Runtime,dotnet.exceptions ({exception} / 1 sec)[error.type=CachedSocketException],Rate,0
06/06/2026 22:45:08,System.Runtime,dotnet.exceptions ({exception} / 1 sec)[error.type=SocketException],Rate,0
06/06/2026 22:45:08,System.Runtime,dotnet.exceptions ({exception} / 1 sec)[error.type=CachedNetworkException],Rate,0
06/06/2026 22:45:09,System.Runtime,dotnet.thread_pool.work_item.count ({work_item} / 1 sec),Rate,96694
06/06/2026 22:45:09,System.Runtime,dotnet.monitor.lock_contentions ({contention} / 1 sec),Rate,165
06/06/2026 22:45:09,System.Runtime,dotnet.gc.last_collection.heap.fragmentation.size (By)[gc.heap.generation=poh],Metric,0
06/06/2026 22:45:09,System.Runtime,dotnet.gc.last_collection.heap.fragmentation.size (By)[gc.heap.generation=loh],Metric,84392
06/06/2026 22:45:09,System.Runtime,dotnet.gc.last_collection.heap.fragmentation.size (By)[gc.heap.generation=gen2],Metric,1335720
06/06/2026 22:45:09,System.Runtime,dotnet.gc.last_collection.heap.fragmentation.size (By)[gc.heap.generation=gen1],Metric,1528392
06/06/2026 22:45:09,System.Runtime,dotnet.gc.last_collection.heap.fragmentation.size (By)[gc.heap.generation=gen0],Metric,0
06/06/2026 22:45:09,System.Runtime,dotnet.gc.pause.time (s / 1 sec),Rate,0
06/06/2026 22:45:09,System.Runtime,dotnet.gc.last_collection.memory.committed_size (By),Metric,633028608
06/06/2026 22:45:09,System.Runtime,dotnet.assembly.count ({assembly}),Metric,54
06/06/2026 22:45:09,System.Runtime,dotnet.thread_pool.queue.length ({work_item} / 1 sec),Rate,-2758
06/06/2026 22:45:09,System.Runtime,dotnet.jit.compiled_methods ({method} / 1 sec),Rate,0
06/06/2026 22:45:09,System.Runtime,dotnet.jit.compiled_il.size (By / 1 sec),Rate,0
06/06/2026 22:45:09,System.Runtime,dotnet.gc.heap.total_allocated (By / 1 sec),Rate,24399312
06/06/2026 22:45:09,System.Runtime,dotnet.process.memory.working_set (By),Metric,707395584
06/06/2026 22:45:09,System.Runtime,dotnet.thread_pool.thread.count ({thread} / 1 sec),Rate,0
06/06/2026 22:45:09,System.Runtime,dotnet.gc.last_collection.heap.size (By)[gc.heap.generation=poh],Metric,188414080
06/06/2026 22:45:09,System.Runtime,dotnet.gc.last_collection.heap.size (By)[gc.heap.generation=loh],Metric,5025192
06/06/2026 22:45:09,System.Runtime,dotnet.gc.last_collection.heap.size (By)[gc.heap.generation=gen2],Metric,216609800
06/06/2026 22:45:09,System.Runtime,dotnet.gc.last_collection.heap.size (By)[gc.heap.generation=gen1],Metric,108078160
06/06/2026 22:45:09,System.Runtime,dotnet.gc.last_collection.heap.size (By)[gc.heap.generation=gen0],Metric,0
06/06/2026 22:45:09,System.Runtime,dotnet.timer.count ({timer}),Metric,28
06/06/2026 22:45:09,System.Runtime,dotnet.process.cpu.time (s / 1 sec)[cpu.mode=user],Rate,2.859767000000005
06/06/2026 22:45:09,System.Runtime,dotnet.process.cpu.time (s / 1 sec)[cpu.mode=system],Rate,0.935178999999998
06/06/2026 22:45:09,System.Runtime,dotnet.gc.collections ({collection} / 1 sec)[gc.heap.generation=gen2],Rate,0
06/06/2026 22:45:09,System.Runtime,dotnet.gc.collections ({collection} / 1 sec)[gc.heap.generation=gen0],Rate,0
06/06/2026 22:45:09,System.Runtime,dotnet.gc.collections ({collection} / 1 sec)[gc.heap.generation=gen1],Rate,0
06/06/2026 22:45:09,System.Runtime,dotnet.jit.compilation.time (s / 1 sec),Rate,0
06/06/2026 22:45:09,System.Runtime,dotnet.process.cpu.count ({cpu}),Metric,4
06/06/2026 22:45:09,System.Runtime,dotnet.exceptions ({exception} / 1 sec)[error.type=CachedInternalErrorException],Rate,0
06/06/2026 22:45:09,System.Runtime,dotnet.exceptions ({exception} / 1 sec)[error.type=CachedSocketException],Rate,0
06/06/2026 22:45:09,System.Runtime,dotnet.exceptions ({exception} / 1 sec)[error.type=SocketException],Rate,0
06/06/2026 22:45:09,System.Runtime,dotnet.exceptions ({exception} / 1 sec)[error.type=CachedNetworkException],Rate,0
06/06/2026 22:45:10,System.Runtime,dotnet.thread_pool.work_item.count ({work_item} / 1 sec),Rate,96458
06/06/2026 22:45:10,System.Runtime,dotnet.monitor.lock_contentions ({contention} / 1 sec),Rate,264
06/06/2026 22:45:10,System.Runtime,dotnet.gc.last_collection.heap.fragmentation.size (By)[gc.heap.generation=poh],Metric,0
06/06/2026 22:45:10,System.Runtime,dotnet.gc.last_collection.heap.fragmentation.size (By)[gc.heap.generation=loh],Metric,84392
06/06/2026 22:45:10,System.Runtime,dotnet.gc.last_collection.heap.fragmentation.size (By)[gc.heap.generation=gen2],Metric,1335720
06/06/2026 22:45:10,System.Runtime,dotnet.gc.last_collection.heap.fragmentation.size (By)[gc.heap.generation=gen1],Metric,1528392
06/06/2026 22:45:10,System.Runtime,dotnet.gc.last_collection.heap.fragmentation.size (By)[gc.heap.generation=gen0],Metric,0
06/06/2026 22:45:10,System.Runtime,dotnet.gc.pause.time (s / 1 sec),Rate,0
06/06/2026 22:45:10,System.Runtime,dotnet.gc.last_collection.memory.committed_size (By),Metric,633028608
06/06/2026 22:45:10,System.Runtime,dotnet.assembly.count ({assembly}),Metric,54
06/06/2026 22:45:10,System.Runtime,dotnet.thread_pool.queue.length ({work_item} / 1 sec),Rate,-3056
06/06/2026 22:45:10,System.Runtime,dotnet.jit.compiled_methods ({method} / 1 sec),Rate,0
06/06/2026 22:45:10,System.Runtime,dotnet.jit.compiled_il.size (By / 1 sec),Rate,0
06/06/2026 22:45:10,System.Runtime,dotnet.gc.heap.total_allocated (By / 1 sec),Rate,23512456
06/06/2026 22:45:10,System.Runtime,dotnet.process.memory.working_set (By),Metric,716308480
06/06/2026 22:45:10,System.Runtime,dotnet.thread_pool.thread.count ({thread} / 1 sec),Rate,0
06/06/2026 22:45:10,System.Runtime,dotnet.gc.last_collection.heap.size (By)[gc.heap.generation=poh],Metric,188414080
06/06/2026 22:45:10,System.Runtime,dotnet.gc.last_collection.heap.size (By)[gc.heap.generation=loh],Metric,5025192
06/06/2026 22:45:10,System.Runtime,dotnet.gc.last_collection.heap.size (By)[gc.heap.generation=gen2],Metric,216609800
06/06/2026 22:45:10,System.Runtime,dotnet.gc.last_collection.heap.size (By)[gc.heap.generation=gen1],Metric,108078160
06/06/2026 22:45:10,System.Runtime,dotnet.gc.last_collection.heap.size (By)[gc.heap.generation=gen0],Metric,0
06/06/2026 22:45:10,System.Runtime,dotnet.timer.count ({timer}),Metric,28
06/06/2026 22:45:10,System.Runtime,dotnet.process.cpu.time (s / 1 sec)[cpu.mode=user],Rate,2.7998580000000004
06/06/2026 22:45:10,System.Runtime,dotnet.process.cpu.time (s / 1 sec)[cpu.mode=system],Rate,0.7407210000000006
06/06/2026 22:45:10,System.Runtime,dotnet.gc.collections ({collection} / 1 sec)[gc.heap.generation=gen2],Rate,0
06/06/2026 22:45:10,System.Runtime,dotnet.gc.collections ({collection} / 1 sec)[gc.heap.generation=gen0],Rate,0
06/06/2026 22:45:10,System.Runtime,dotnet.gc.collections ({collection} / 1 sec)[gc.heap.generation=gen1],Rate,0
06/06/2026 22:45:10,System.Runtime,dotnet.jit.compilation.time (s / 1 sec),Rate,0
06/06/2026 22:45:10,System.Runtime,dotnet.process.cpu.count ({cpu}),Metric,4
06/06/2026 22:45:10,System.Runtime,dotnet.exceptions ({exception} / 1 sec)[error.type=CachedInternalErrorException],Rate,0
06/06/2026 22:45:10,System.Runtime,dotnet.exceptions ({exception} / 1 sec)[error.type=CachedSocketException],Rate,0
06/06/2026 22:45:10,System.Runtime,dotnet.exceptions ({exception} / 1 sec)[error.type=SocketException],Rate,0
06/06/2026 22:45:10,System.Runtime,dotnet.exceptions ({exception} / 1 sec)[error.type=CachedNetworkException],Rate,0
06/06/2026 22:45:11,System.Runtime,dotnet.thread_pool.work_item.count ({work_item} / 1 sec),Rate,5724
06/06/2026 22:45:11,System.Runtime,dotnet.monitor.lock_contentions ({contention} / 1 sec),Rate,56
06/06/2026 22:45:11,System.Runtime,dotnet.gc.last_collection.heap.fragmentation.size (By)[gc.heap.generation=poh],Metric,0
06/06/2026 22:45:11,System.Runtime,dotnet.gc.last_collection.heap.fragmentation.size (By)[gc.heap.generation=loh],Metric,84392
06/06/2026 22:45:11,System.Runtime,dotnet.gc.last_collection.heap.fragmentation.size (By)[gc.heap.generation=gen2],Metric,1335720
06/06/2026 22:45:11,System.Runtime,dotnet.gc.last_collection.heap.fragmentation.size (By)[gc.heap.generation=gen1],Metric,1528392
06/06/2026 22:45:11,System.Runtime,dotnet.gc.last_collection.heap.fragmentation.size (By)[gc.heap.generation=gen0],Metric,0
06/06/2026 22:45:11,System.Runtime,dotnet.gc.pause.time (s / 1 sec),Rate,0
06/06/2026 22:45:11,System.Runtime,dotnet.gc.last_collection.memory.committed_size (By),Metric,633028608
06/06/2026 22:45:11,System.Runtime,dotnet.assembly.count ({assembly}),Metric,54
06/06/2026 22:45:11,System.Runtime,dotnet.thread_pool.queue.length ({work_item} / 1 sec),Rate,0
06/06/2026 22:45:11,System.Runtime,dotnet.jit.compiled_methods ({method} / 1 sec),Rate,0
06/06/2026 22:45:11,System.Runtime,dotnet.jit.compiled_il.size (By / 1 sec),Rate,0
06/06/2026 22:45:11,System.Runtime,dotnet.gc.heap.total_allocated (By / 1 sec),Rate,2547256
06/06/2026 22:45:11,System.Runtime,dotnet.process.memory.working_set (By),Metric,716832768
06/06/2026 22:45:11,System.Runtime,dotnet.thread_pool.thread.count ({thread} / 1 sec),Rate,0
06/06/2026 22:45:11,System.Runtime,dotnet.gc.last_collection.heap.size (By)[gc.heap.generation=poh],Metric,188414080
06/06/2026 22:45:11,System.Runtime,dotnet.gc.last_collection.heap.size (By)[gc.heap.generation=loh],Metric,5025192
06/06/2026 22:45:11,System.Runtime,dotnet.gc.last_collection.heap.size (By)[gc.heap.generation=gen2],Metric,216609800
06/06/2026 22:45:11,System.Runtime,dotnet.gc.last_collection.heap.size (By)[gc.heap.generation=gen1],Metric,108078160
06/06/2026 22:45:11,System.Runtime,dotnet.gc.last_collection.heap.size (By)[gc.heap.generation=gen0],Metric,0
06/06/2026 22:45:11,System.Runtime,dotnet.timer.count ({timer}),Metric,28
06/06/2026 22:45:11,System.Runtime,dotnet.process.cpu.time (s / 1 sec)[cpu.mode=user],Rate,0.07272100000000137
06/06/2026 22:45:11,System.Runtime,dotnet.process.cpu.time (s / 1 sec)[cpu.mode=system],Rate,0.02698199999999673
06/06/2026 22:45:11,System.Runtime,dotnet.gc.collections ({collection} / 1 sec)[gc.heap.generation=gen2],Rate,0
06/06/2026 22:45:11,System.Runtime,dotnet.gc.collections ({collection} / 1 sec)[gc.heap.generation=gen0],Rate,0
06/06/2026 22:45:11,System.Runtime,dotnet.gc.collections ({collection} / 1 sec)[gc.heap.generation=gen1],Rate,0
06/06/2026 22:45:11,System.Runtime,dotnet.jit.compilation.time (s / 1 sec),Rate,0
06/06/2026 22:45:11,System.Runtime,dotnet.process.cpu.count ({cpu}),Metric,4
06/06/2026 22:45:11,System.Runtime,dotnet.exceptions ({exception} / 1 sec)[error.type=CachedInternalErrorException],Rate,0
06/06/2026 22:45:11,System.Runtime,dotnet.exceptions ({exception} / 1 sec)[error.type=CachedSocketException],Rate,0
06/06/2026 22:45:11,System.Runtime,dotnet.exceptions ({exception} / 1 sec)[error.type=SocketException],Rate,0
06/06/2026 22:45:11,System.Runtime,dotnet.exceptions ({exception} / 1 sec)[error.type=CachedNetworkException],Rate,0
06/06/2026 22:45:12,System.Runtime,dotnet.thread_pool.work_item.count ({work_item} / 1 sec),Rate,24077
06/06/2026 22:45:12,System.Runtime,dotnet.monitor.lock_contentions ({contention} / 1 sec),Rate,109
06/06/2026 22:45:12,System.Runtime,dotnet.gc.last_collection.heap.fragmentation.size (By)[gc.heap.generation=poh],Metric,0
06/06/2026 22:45:12,System.Runtime,dotnet.gc.last_collection.heap.fragmentation.size (By)[gc.heap.generation=loh],Metric,84392
06/06/2026 22:45:12,System.Runtime,dotnet.gc.last_collection.heap.fragmentation.size (By)[gc.heap.generation=gen2],Metric,1335720
06/06/2026 22:45:12,System.Runtime,dotnet.gc.last_collection.heap.fragmentation.size (By)[gc.heap.generation=gen1],Metric,1528392
06/06/2026 22:45:12,System.Runtime,dotnet.gc.last_collection.heap.fragmentation.size (By)[gc.heap.generation=gen0],Metric,0
06/06/2026 22:45:12,System.Runtime,dotnet.gc.pause.time (s / 1 sec),Rate,0
06/06/2026 22:45:12,System.Runtime,dotnet.gc.last_collection.memory.committed_size (By),Metric,633028608
06/06/2026 22:45:12,System.Runtime,dotnet.assembly.count ({assembly}),Metric,54
06/06/2026 22:45:12,System.Runtime,dotnet.thread_pool.queue.length ({work_item} / 1 sec),Rate,576
06/06/2026 22:45:12,System.Runtime,dotnet.jit.compiled_methods ({method} / 1 sec),Rate,0
06/06/2026 22:45:12,System.Runtime,dotnet.jit.compiled_il.size (By / 1 sec),Rate,0
06/06/2026 22:45:12,System.Runtime,dotnet.gc.heap.total_allocated (By / 1 sec),Rate,6351016
06/06/2026 22:45:12,System.Runtime,dotnet.process.memory.working_set (By),Metric,722075648
06/06/2026 22:45:12,System.Runtime,dotnet.thread_pool.thread.count ({thread} / 1 sec),Rate,0
06/06/2026 22:45:12,System.Runtime,dotnet.gc.last_collection.heap.size (By)[gc.heap.generation=poh],Metric,188414080
06/06/2026 22:45:12,System.Runtime,dotnet.gc.last_collection.heap.size (By)[gc.heap.generation=loh],Metric,5025192
06/06/2026 22:45:12,System.Runtime,dotnet.gc.last_collection.heap.size (By)[gc.heap.generation=gen2],Metric,216609800
06/06/2026 22:45:12,System.Runtime,dotnet.gc.last_collection.heap.size (By)[gc.heap.generation=gen1],Metric,108078160
06/06/2026 22:45:12,System.Runtime,dotnet.gc.last_collection.heap.size (By)[gc.heap.generation=gen0],Metric,0
06/06/2026 22:45:12,System.Runtime,dotnet.timer.count ({timer}),Metric,28
06/06/2026 22:45:12,System.Runtime,dotnet.process.cpu.time (s / 1 sec)[cpu.mode=user],Rate,0.5962609999999984
06/06/2026 22:45:12,System.Runtime,dotnet.process.cpu.time (s / 1 sec)[cpu.mode=system],Rate,0.2009660000000011
06/06/2026 22:45:12,System.Runtime,dotnet.gc.collections ({collection} / 1 sec)[gc.heap.generation=gen2],Rate,0
06/06/2026 22:45:12,System.Runtime,dotnet.gc.collections ({collection} / 1 sec)[gc.heap.generation=gen0],Rate,0
06/06/2026 22:45:12,System.Runtime,dotnet.gc.collections ({collection} / 1 sec)[gc.heap.generation=gen1],Rate,0
06/06/2026 22:45:12,System.Runtime,dotnet.jit.compilation.time (s / 1 sec),Rate,0
06/06/2026 22:45:12,System.Runtime,dotnet.process.cpu.count ({cpu}),Metric,4
06/06/2026 22:45:12,System.Runtime,dotnet.exceptions ({exception} / 1 sec)[error.type=CachedInternalErrorException],Rate,0
06/06/2026 22:45:12,System.Runtime,dotnet.exceptions ({exception} / 1 sec)[error.type=CachedSocketException],Rate,0
06/06/2026 22:45:12,System.Runtime,dotnet.exceptions ({exception} / 1 sec)[error.type=SocketException],Rate,0
06/06/2026 22:45:12,System.Runtime,dotnet.exceptions ({exception} / 1 sec)[error.type=CachedNetworkException],Rate,0
06/06/2026 22:45:13,System.Runtime,dotnet.thread_pool.work_item.count ({work_item} / 1 sec),Rate,86104
06/06/2026 22:45:13,System.Runtime,dotnet.monitor.lock_contentions ({contention} / 1 sec),Rate,270
06/06/2026 22:45:13,System.Runtime,dotnet.gc.last_collection.heap.fragmentation.size (By)[gc.heap.generation=poh],Metric,0
06/06/2026 22:45:13,System.Runtime,dotnet.gc.last_collection.heap.fragmentation.size (By)[gc.heap.generation=loh],Metric,84392
06/06/2026 22:45:13,System.Runtime,dotnet.gc.last_collection.heap.fragmentation.size (By)[gc.heap.generation=gen2],Metric,1335720
06/06/2026 22:45:13,System.Runtime,dotnet.gc.last_collection.heap.fragmentation.size (By)[gc.heap.generation=gen1],Metric,1528392
06/06/2026 22:45:13,System.Runtime,dotnet.gc.last_collection.heap.fragmentation.size (By)[gc.heap.generation=gen0],Metric,0
06/06/2026 22:45:13,System.Runtime,dotnet.gc.pause.time (s / 1 sec),Rate,0
06/06/2026 22:45:13,System.Runtime,dotnet.gc.last_collection.memory.committed_size (By),Metric,633028608
06/06/2026 22:45:13,System.Runtime,dotnet.assembly.count ({assembly}),Metric,54
06/06/2026 22:45:13,System.Runtime,dotnet.thread_pool.queue.length ({work_item} / 1 sec),Rate,-576
06/06/2026 22:45:13,System.Runtime,dotnet.jit.compiled_methods ({method} / 1 sec),Rate,0
06/06/2026 22:45:13,System.Runtime,dotnet.jit.compiled_il.size (By / 1 sec),Rate,0
06/06/2026 22:45:13,System.Runtime,dotnet.gc.heap.total_allocated (By / 1 sec),Rate,21254816
06/06/2026 22:45:13,System.Runtime,dotnet.process.memory.working_set (By),Metric,736231424
06/06/2026 22:45:13,System.Runtime,dotnet.thread_pool.thread.count ({thread} / 1 sec),Rate,0
06/06/2026 22:45:13,System.Runtime,dotnet.gc.last_collection.heap.size (By)[gc.heap.generation=poh],Metric,188414080
06/06/2026 22:45:13,System.Runtime,dotnet.gc.last_collection.heap.size (By)[gc.heap.generation=loh],Metric,5025192
06/06/2026 22:45:13,System.Runtime,dotnet.gc.last_collection.heap.size (By)[gc.heap.generation=gen2],Metric,216609800
06/06/2026 22:45:13,System.Runtime,dotnet.gc.last_collection.heap.size (By)[gc.heap.generation=gen1],Metric,108078160
06/06/2026 22:45:13,System.Runtime,dotnet.gc.last_collection.heap.size (By)[gc.heap.generation=gen0],Metric,0
06/06/2026 22:45:13,System.Runtime,dotnet.timer.count ({timer}),Metric,28
06/06/2026 22:45:13,System.Runtime,dotnet.process.cpu.time (s / 1 sec)[cpu.mode=user],Rate,2.113533999999987
06/06/2026 22:45:13,System.Runtime,dotnet.process.cpu.time (s / 1 sec)[cpu.mode=system],Rate,0.7584400000000002
06/06/2026 22:45:13,System.Runtime,dotnet.gc.collections ({collection} / 1 sec)[gc.heap.generation=gen2],Rate,0
06/06/2026 22:45:13,System.Runtime,dotnet.gc.collections ({collection} / 1 sec)[gc.heap.generation=gen0],Rate,0
06/06/2026 22:45:13,System.Runtime,dotnet.gc.collections ({collection} / 1 sec)[gc.heap.generation=gen1],Rate,0
06/06/2026 22:45:13,System.Runtime,dotnet.jit.compilation.time (s / 1 sec),Rate,0
06/06/2026 22:45:13,System.Runtime,dotnet.process.cpu.count ({cpu}),Metric,4
06/06/2026 22:45:13,System.Runtime,dotnet.exceptions ({exception} / 1 sec)[error.type=CachedInternalErrorException],Rate,0
06/06/2026 22:45:13,System.Runtime,dotnet.exceptions ({exception} / 1 sec)[error.type=CachedSocketException],Rate,0
06/06/2026 22:45:13,System.Runtime,dotnet.exceptions ({exception} / 1 sec)[error.type=SocketException],Rate,0
06/06/2026 22:45:13,System.Runtime,dotnet.exceptions ({exception} / 1 sec)[error.type=CachedNetworkException],Rate,0
06/06/2026 22:45:14,System.Runtime,dotnet.thread_pool.work_item.count ({work_item} / 1 sec),Rate,338
06/06/2026 22:45:14,System.Runtime,dotnet.monitor.lock_contentions ({contention} / 1 sec),Rate,32
06/06/2026 22:45:14,System.Runtime,dotnet.gc.last_collection.heap.fragmentation.size (By)[gc.heap.generation=poh],Metric,0
06/06/2026 22:45:14,System.Runtime,dotnet.gc.last_collection.heap.fragmentation.size (By)[gc.heap.generation=loh],Metric,84392
06/06/2026 22:45:14,System.Runtime,dotnet.gc.last_collection.heap.fragmentation.size (By)[gc.heap.generation=gen2],Metric,1335720
06/06/2026 22:45:14,System.Runtime,dotnet.gc.last_collection.heap.fragmentation.size (By)[gc.heap.generation=gen1],Metric,1528392
06/06/2026 22:45:14,System.Runtime,dotnet.gc.last_collection.heap.fragmentation.size (By)[gc.heap.generation=gen0],Metric,0
06/06/2026 22:45:14,System.Runtime,dotnet.gc.pause.time (s / 1 sec),Rate,0
06/06/2026 22:45:14,System.Runtime,dotnet.gc.last_collection.memory.committed_size (By),Metric,633028608
06/06/2026 22:45:14,System.Runtime,dotnet.assembly.count ({assembly}),Metric,54
06/06/2026 22:45:14,System.Runtime,dotnet.thread_pool.queue.length ({work_item} / 1 sec),Rate,0
06/06/2026 22:45:14,System.Runtime,dotnet.jit.compiled_methods ({method} / 1 sec),Rate,15
06/06/2026 22:45:14,System.Runtime,dotnet.jit.compiled_il.size (By / 1 sec),Rate,2055
06/06/2026 22:45:14,System.Runtime,dotnet.gc.heap.total_allocated (By / 1 sec),Rate,554864
06/06/2026 22:45:14,System.Runtime,dotnet.process.memory.working_set (By),Metric,739377152
06/06/2026 22:45:14,System.Runtime,dotnet.thread_pool.thread.count ({thread} / 1 sec),Rate,0
06/06/2026 22:45:14,System.Runtime,dotnet.gc.last_collection.heap.size (By)[gc.heap.generation=poh],Metric,188414080
06/06/2026 22:45:14,System.Runtime,dotnet.gc.last_collection.heap.size (By)[gc.heap.generation=loh],Metric,5025192
06/06/2026 22:45:14,System.Runtime,dotnet.gc.last_collection.heap.size (By)[gc.heap.generation=gen2],Metric,216609800
06/06/2026 22:45:14,System.Runtime,dotnet.gc.last_collection.heap.size (By)[gc.heap.generation=gen1],Metric,108078160
06/06/2026 22:45:14,System.Runtime,dotnet.gc.last_collection.heap.size (By)[gc.heap.generation=gen0],Metric,0
06/06/2026 22:45:14,System.Runtime,dotnet.timer.count ({timer}),Metric,28
06/06/2026 22:45:14,System.Runtime,dotnet.process.cpu.time (s / 1 sec)[cpu.mode=user],Rate,0.04928600000002348
06/06/2026 22:45:14,System.Runtime,dotnet.process.cpu.time (s / 1 sec)[cpu.mode=system],Rate,0.0022650000000012938
06/06/2026 22:45:14,System.Runtime,dotnet.gc.collections ({collection} / 1 sec)[gc.heap.generation=gen2],Rate,0
06/06/2026 22:45:14,System.Runtime,dotnet.gc.collections ({collection} / 1 sec)[gc.heap.generation=gen0],Rate,0
06/06/2026 22:45:14,System.Runtime,dotnet.gc.collections ({collection} / 1 sec)[gc.heap.generation=gen1],Rate,0
06/06/2026 22:45:14,System.Runtime,dotnet.jit.compilation.time (s / 1 sec),Rate,0.02290290000000006
06/06/2026 22:45:14,System.Runtime,dotnet.process.cpu.count ({cpu}),Metric,4
06/06/2026 22:45:14,System.Runtime,dotnet.exceptions ({exception} / 1 sec)[error.type=CachedInternalErrorException],Rate,0
06/06/2026 22:45:14,System.Runtime,dotnet.exceptions ({exception} / 1 sec)[error.type=CachedSocketException],Rate,0
06/06/2026 22:45:14,System.Runtime,dotnet.exceptions ({exception} / 1 sec)[error.type=SocketException],Rate,0
06/06/2026 22:45:14,System.Runtime,dotnet.exceptions ({exception} / 1 sec)[error.type=CachedNetworkException],Rate,0
06/06/2026 22:45:15,System.Runtime,dotnet.thread_pool.work_item.count ({work_item} / 1 sec),Rate,16794
06/06/2026 22:45:15,System.Runtime,dotnet.monitor.lock_contentions ({contention} / 1 sec),Rate,23
06/06/2026 22:45:15,System.Runtime,dotnet.gc.last_collection.heap.fragmentation.size (By)[gc.heap.generation=poh],Metric,0
06/06/2026 22:45:15,System.Runtime,dotnet.gc.last_collection.heap.fragmentation.size (By)[gc.heap.generation=loh],Metric,84392
06/06/2026 22:45:15,System.Runtime,dotnet.gc.last_collection.heap.fragmentation.size (By)[gc.heap.generation=gen2],Metric,1335720
06/06/2026 22:45:15,System.Runtime,dotnet.gc.last_collection.heap.fragmentation.size (By)[gc.heap.generation=gen1],Metric,1528392
06/06/2026 22:45:15,System.Runtime,dotnet.gc.last_collection.heap.fragmentation.size (By)[gc.heap.generation=gen0],Metric,0
06/06/2026 22:45:15,System.Runtime,dotnet.gc.pause.time (s / 1 sec),Rate,0
06/06/2026 22:45:15,System.Runtime,dotnet.gc.last_collection.memory.committed_size (By),Metric,633028608
06/06/2026 22:45:15,System.Runtime,dotnet.assembly.count ({assembly}),Metric,54
06/06/2026 22:45:15,System.Runtime,dotnet.thread_pool.queue.length ({work_item} / 1 sec),Rate,0
06/06/2026 22:45:15,System.Runtime,dotnet.jit.compiled_methods ({method} / 1 sec),Rate,0
06/06/2026 22:45:15,System.Runtime,dotnet.jit.compiled_il.size (By / 1 sec),Rate,0
06/06/2026 22:45:15,System.Runtime,dotnet.gc.heap.total_allocated (By / 1 sec),Rate,4515848
06/06/2026 22:45:15,System.Runtime,dotnet.process.memory.working_set (By),Metric,742522880
06/06/2026 22:45:15,System.Runtime,dotnet.thread_pool.thread.count ({thread} / 1 sec),Rate,0
06/06/2026 22:45:15,System.Runtime,dotnet.gc.last_collection.heap.size (By)[gc.heap.generation=poh],Metric,188414080
06/06/2026 22:45:15,System.Runtime,dotnet.gc.last_collection.heap.size (By)[gc.heap.generation=loh],Metric,5025192
06/06/2026 22:45:15,System.Runtime,dotnet.gc.last_collection.heap.size (By)[gc.heap.generation=gen2],Metric,216609800
06/06/2026 22:45:15,System.Runtime,dotnet.gc.last_collection.heap.size (By)[gc.heap.generation=gen1],Metric,108078160
06/06/2026 22:45:15,System.Runtime,dotnet.gc.last_collection.heap.size (By)[gc.heap.generation=gen0],Metric,0
06/06/2026 22:45:15,System.Runtime,dotnet.timer.count ({timer}),Metric,28
06/06/2026 22:45:15,System.Runtime,dotnet.process.cpu.time (s / 1 sec)[cpu.mode=user],Rate,0.5159289999999999
06/06/2026 22:45:15,System.Runtime,dotnet.process.cpu.time (s / 1 sec)[cpu.mode=system],Rate,0.10173299999999585
06/06/2026 22:45:15,System.Runtime,dotnet.gc.collections ({collection} / 1 sec)[gc.heap.generation=gen2],Rate,0
06/06/2026 22:45:15,System.Runtime,dotnet.gc.collections ({collection} / 1 sec)[gc.heap.generation=gen0],Rate,0
06/06/2026 22:45:15,System.Runtime,dotnet.gc.collections ({collection} / 1 sec)[gc.heap.generation=gen1],Rate,0
06/06/2026 22:45:15,System.Runtime,dotnet.jit.compilation.time (s / 1 sec),Rate,0
06/06/2026 22:45:15,System.Runtime,dotnet.process.cpu.count ({cpu}),Metric,4
06/06/2026 22:45:15,System.Runtime,dotnet.exceptions ({exception} / 1 sec)[error.type=CachedInternalErrorException],Rate,0
06/06/2026 22:45:15,System.Runtime,dotnet.exceptions ({exception} / 1 sec)[error.type=CachedSocketException],Rate,0
06/06/2026 22:45:15,System.Runtime,dotnet.exceptions ({exception} / 1 sec)[error.type=SocketException],Rate,0
06/06/2026 22:45:15,System.Runtime,dotnet.exceptions ({exception} / 1 sec)[error.type=CachedNetworkException],Rate,0
06/06/2026 22:45:16,System.Runtime,dotnet.thread_pool.work_item.count ({work_item} / 1 sec),Rate,316
06/06/2026 22:45:16,System.Runtime,dotnet.monitor.lock_contentions ({contention} / 1 sec),Rate,24
06/06/2026 22:45:16,System.Runtime,dotnet.gc.last_collection.heap.fragmentation.size (By)[gc.heap.generation=poh],Metric,0
06/06/2026 22:45:16,System.Runtime,dotnet.gc.last_collection.heap.fragmentation.size (By)[gc.heap.generation=loh],Metric,84392
06/06/2026 22:45:16,System.Runtime,dotnet.gc.last_collection.heap.fragmentation.size (By)[gc.heap.generation=gen2],Metric,1335720
06/06/2026 22:45:16,System.Runtime,dotnet.gc.last_collection.heap.fragmentation.size (By)[gc.heap.generation=gen1],Metric,1528392
06/06/2026 22:45:16,System.Runtime,dotnet.gc.last_collection.heap.fragmentation.size (By)[gc.heap.generation=gen0],Metric,0
06/06/2026 22:45:16,System.Runtime,dotnet.gc.pause.time (s / 1 sec),Rate,0
06/06/2026 22:45:16,System.Runtime,dotnet.gc.last_collection.memory.committed_size (By),Metric,633028608
06/06/2026 22:45:16,System.Runtime,dotnet.assembly.count ({assembly}),Metric,54
06/06/2026 22:45:16,System.Runtime,dotnet.thread_pool.queue.length ({work_item} / 1 sec),Rate,0
06/06/2026 22:45:16,System.Runtime,dotnet.jit.compiled_methods ({method} / 1 sec),Rate,0
06/06/2026 22:45:16,System.Runtime,dotnet.jit.compiled_il.size (By / 1 sec),Rate,0
06/06/2026 22:45:16,System.Runtime,dotnet.gc.heap.total_allocated (By / 1 sec),Rate,358064
06/06/2026 22:45:16,System.Runtime,dotnet.process.memory.working_set (By),Metric,742522880
06/06/2026 22:45:16,System.Runtime,dotnet.thread_pool.thread.count ({thread} / 1 sec),Rate,0
06/06/2026 22:45:16,System.Runtime,dotnet.gc.last_collection.heap.size (By)[gc.heap.generation=poh],Metric,188414080
06/06/2026 22:45:16,System.Runtime,dotnet.gc.last_collection.heap.size (By)[gc.heap.generation=loh],Metric,5025192
06/06/2026 22:45:16,System.Runtime,dotnet.gc.last_collection.heap.size (By)[gc.heap.generation=gen2],Metric,216609800
06/06/2026 22:45:16,System.Runtime,dotnet.gc.last_collection.heap.size (By)[gc.heap.generation=gen1],Metric,108078160
06/06/2026 22:45:16,System.Runtime,dotnet.gc.last_collection.heap.size (By)[gc.heap.generation=gen0],Metric,0
06/06/2026 22:45:16,System.Runtime,dotnet.timer.count ({timer}),Metric,28
06/06/2026 22:45:16,System.Runtime,dotnet.process.cpu.time (s / 1 sec)[cpu.mode=user],Rate,0.01390299999999911
06/06/2026 22:45:16,System.Runtime,dotnet.process.cpu.time (s / 1 sec)[cpu.mode=system],Rate,0.0013470000000026516
06/06/2026 22:45:16,System.Runtime,dotnet.gc.collections ({collection} / 1 sec)[gc.heap.generation=gen2],Rate,0
06/06/2026 22:45:16,System.Runtime,dotnet.gc.collections ({collection} / 1 sec)[gc.heap.generation=gen0],Rate,0
06/06/2026 22:45:16,System.Runtime,dotnet.gc.collections ({collection} / 1 sec)[gc.heap.generation=gen1],Rate,0
06/06/2026 22:45:16,System.Runtime,dotnet.jit.compilation.time (s / 1 sec),Rate,0
06/06/2026 22:45:16,System.Runtime,dotnet.process.cpu.count ({cpu}),Metric,4
06/06/2026 22:45:16,System.Runtime,dotnet.exceptions ({exception} / 1 sec)[error.type=CachedInternalErrorException],Rate,0
06/06/2026 22:45:16,System.Runtime,dotnet.exceptions ({exception} / 1 sec)[error.type=CachedSocketException],Rate,0
06/06/2026 22:45:16,System.Runtime,dotnet.exceptions ({exception} / 1 sec)[error.type=SocketException],Rate,0
06/06/2026 22:45:16,System.Runtime,dotnet.exceptions ({exception} / 1 sec)[error.type=CachedNetworkException],Rate,0
06/06/2026 22:45:17,System.Runtime,dotnet.thread_pool.work_item.count ({work_item} / 1 sec),Rate,23842
06/06/2026 22:45:17,System.Runtime,dotnet.monitor.lock_contentions ({contention} / 1 sec),Rate,277
06/06/2026 22:45:17,System.Runtime,dotnet.gc.last_collection.heap.fragmentation.size (By)[gc.heap.generation=poh],Metric,0
06/06/2026 22:45:17,System.Runtime,dotnet.gc.last_collection.heap.fragmentation.size (By)[gc.heap.generation=loh],Metric,84392
06/06/2026 22:45:17,System.Runtime,dotnet.gc.last_collection.heap.fragmentation.size (By)[gc.heap.generation=gen2],Metric,1335720
06/06/2026 22:45:17,System.Runtime,dotnet.gc.last_collection.heap.fragmentation.size (By)[gc.heap.generation=gen1],Metric,1528392
06/06/2026 22:45:17,System.Runtime,dotnet.gc.last_collection.heap.fragmentation.size (By)[gc.heap.generation=gen0],Metric,0
06/06/2026 22:45:17,System.Runtime,dotnet.gc.pause.time (s / 1 sec),Rate,0
06/06/2026 22:45:17,System.Runtime,dotnet.gc.last_collection.memory.committed_size (By),Metric,633028608
06/06/2026 22:45:17,System.Runtime,dotnet.assembly.count ({assembly}),Metric,54
06/06/2026 22:45:17,System.Runtime,dotnet.thread_pool.queue.length ({work_item} / 1 sec),Rate,0
06/06/2026 22:45:17,System.Runtime,dotnet.jit.compiled_methods ({method} / 1 sec),Rate,0
06/06/2026 22:45:17,System.Runtime,dotnet.jit.compiled_il.size (By / 1 sec),Rate,0
06/06/2026 22:45:17,System.Runtime,dotnet.gc.heap.total_allocated (By / 1 sec),Rate,8447032
06/06/2026 22:45:17,System.Runtime,dotnet.process.memory.working_set (By),Metric,750911488
06/06/2026 22:45:17,System.Runtime,dotnet.thread_pool.thread.count ({thread} / 1 sec),Rate,0
06/06/2026 22:45:17,System.Runtime,dotnet.gc.last_collection.heap.size (By)[gc.heap.generation=poh],Metric,188414080
06/06/2026 22:45:17,System.Runtime,dotnet.gc.last_collection.heap.size (By)[gc.heap.generation=loh],Metric,5025192
06/06/2026 22:45:17,System.Runtime,dotnet.gc.last_collection.heap.size (By)[gc.heap.generation=gen2],Metric,216609800
06/06/2026 22:45:17,System.Runtime,dotnet.gc.last_collection.heap.size (By)[gc.heap.generation=gen1],Metric,108078160
06/06/2026 22:45:17,System.Runtime,dotnet.gc.last_collection.heap.size (By)[gc.heap.generation=gen0],Metric,0
06/06/2026 22:45:17,System.Runtime,dotnet.timer.count ({timer}),Metric,28
06/06/2026 22:45:17,System.Runtime,dotnet.process.cpu.time (s / 1 sec)[cpu.mode=user],Rate,0.3508640000000014
06/06/2026 22:45:17,System.Runtime,dotnet.process.cpu.time (s / 1 sec)[cpu.mode=system],Rate,0.21417399999999986
06/06/2026 22:45:17,System.Runtime,dotnet.gc.collections ({collection} / 1 sec)[gc.heap.generation=gen2],Rate,0
06/06/2026 22:45:17,System.Runtime,dotnet.gc.collections ({collection} / 1 sec)[gc.heap.generation=gen0],Rate,0
06/06/2026 22:45:17,System.Runtime,dotnet.gc.collections ({collection} / 1 sec)[gc.heap.generation=gen1],Rate,0
06/06/2026 22:45:17,System.Runtime,dotnet.jit.compilation.time (s / 1 sec),Rate,0
06/06/2026 22:45:17,System.Runtime,dotnet.process.cpu.count ({cpu}),Metric,4
06/06/2026 22:45:17,System.Runtime,dotnet.exceptions ({exception} / 1 sec)[error.type=CachedInternalErrorException],Rate,0
06/06/2026 22:45:17,System.Runtime,dotnet.exceptions ({exception} / 1 sec)[error.type=CachedSocketException],Rate,0
06/06/2026 22:45:17,System.Runtime,dotnet.exceptions ({exception} / 1 sec)[error.type=SocketException],Rate,0
06/06/2026 22:45:17,System.Runtime,dotnet.exceptions ({exception} / 1 sec)[error.type=CachedNetworkException],Rate,0
06/06/2026 22:45:18,System.Runtime,dotnet.thread_pool.work_item.count ({work_item} / 1 sec),Rate,24228
06/06/2026 22:45:18,System.Runtime,dotnet.monitor.lock_contentions ({contention} / 1 sec),Rate,218
06/06/2026 22:45:18,System.Runtime,dotnet.gc.last_collection.heap.fragmentation.size (By)[gc.heap.generation=poh],Metric,49560
06/06/2026 22:45:18,System.Runtime,dotnet.gc.last_collection.heap.fragmentation.size (By)[gc.heap.generation=loh],Metric,4712304
06/06/2026 22:45:18,System.Runtime,dotnet.gc.last_collection.heap.fragmentation.size (By)[gc.heap.generation=gen2],Metric,70017232
06/06/2026 22:45:18,System.Runtime,dotnet.gc.last_collection.heap.fragmentation.size (By)[gc.heap.generation=gen1],Metric,16688
06/06/2026 22:45:18,System.Runtime,dotnet.gc.last_collection.heap.fragmentation.size (By)[gc.heap.generation=gen0],Metric,495656
06/06/2026 22:45:18,System.Runtime,dotnet.gc.pause.time (s / 1 sec),Rate,0.32453699999999985
06/06/2026 22:45:18,System.Runtime,dotnet.gc.last_collection.memory.committed_size (By),Metric,717045760
06/06/2026 22:45:18,System.Runtime,dotnet.assembly.count ({assembly}),Metric,54
06/06/2026 22:45:18,System.Runtime,dotnet.thread_pool.queue.length ({work_item} / 1 sec),Rate,7
06/06/2026 22:45:18,System.Runtime,dotnet.jit.compiled_methods ({method} / 1 sec),Rate,42
06/06/2026 22:45:18,System.Runtime,dotnet.jit.compiled_il.size (By / 1 sec),Rate,5013
06/06/2026 22:45:18,System.Runtime,dotnet.gc.heap.total_allocated (By / 1 sec),Rate,240937136
06/06/2026 22:45:18,System.Runtime,dotnet.process.memory.working_set (By),Metric,796573696
06/06/2026 22:45:18,System.Runtime,dotnet.thread_pool.thread.count ({thread} / 1 sec),Rate,0
06/06/2026 22:45:18,System.Runtime,dotnet.gc.last_collection.heap.size (By)[gc.heap.generation=poh],Metric,189422640
06/06/2026 22:45:18,System.Runtime,dotnet.gc.last_collection.heap.size (By)[gc.heap.generation=loh],Metric,9327328
06/06/2026 22:45:18,System.Runtime,dotnet.gc.last_collection.heap.size (By)[gc.heap.generation=gen2],Metric,320270960
06/06/2026 22:45:18,System.Runtime,dotnet.gc.last_collection.heap.size (By)[gc.heap.generation=gen1],Metric,78632
06/06/2026 22:45:18,System.Runtime,dotnet.gc.last_collection.heap.size (By)[gc.heap.generation=gen0],Metric,1141088
06/06/2026 22:45:18,System.Runtime,dotnet.timer.count ({timer}),Metric,28
06/06/2026 22:45:18,System.Runtime,dotnet.process.cpu.time (s / 1 sec)[cpu.mode=user],Rate,2.190337999999997
06/06/2026 22:45:18,System.Runtime,dotnet.process.cpu.time (s / 1 sec)[cpu.mode=system],Rate,0.3645750000000021
06/06/2026 22:45:18,System.Runtime,dotnet.gc.collections ({collection} / 1 sec)[gc.heap.generation=gen2],Rate,1
06/06/2026 22:45:18,System.Runtime,dotnet.gc.collections ({collection} / 1 sec)[gc.heap.generation=gen0],Rate,1
06/06/2026 22:45:18,System.Runtime,dotnet.gc.collections ({collection} / 1 sec)[gc.heap.generation=gen1],Rate,1
06/06/2026 22:45:18,System.Runtime,dotnet.jit.compilation.time (s / 1 sec),Rate,0.04672030000000049
06/06/2026 22:45:18,System.Runtime,dotnet.process.cpu.count ({cpu}),Metric,4
06/06/2026 22:45:18,System.Runtime,dotnet.exceptions ({exception} / 1 sec)[error.type=CachedInternalErrorException],Rate,0
06/06/2026 22:45:18,System.Runtime,dotnet.exceptions ({exception} / 1 sec)[error.type=CachedSocketException],Rate,0
06/06/2026 22:45:18,System.Runtime,dotnet.exceptions ({exception} / 1 sec)[error.type=SocketException],Rate,0
06/06/2026 22:45:18,System.Runtime,dotnet.exceptions ({exception} / 1 sec)[error.type=CachedNetworkException],Rate,0
06/06/2026 22:45:19,System.Runtime,dotnet.thread_pool.work_item.count ({work_item} / 1 sec),Rate,16107
06/06/2026 22:45:19,System.Runtime,dotnet.monitor.lock_contentions ({contention} / 1 sec),Rate,58
06/06/2026 22:45:19,System.Runtime,dotnet.gc.last_collection.heap.fragmentation.size (By)[gc.heap.generation=poh],Metric,49560
06/06/2026 22:45:19,System.Runtime,dotnet.gc.last_collection.heap.fragmentation.size (By)[gc.heap.generation=loh],Metric,4712304
06/06/2026 22:45:19,System.Runtime,dotnet.gc.last_collection.heap.fragmentation.size (By)[gc.heap.generation=gen2],Metric,70017232
06/06/2026 22:45:19,System.Runtime,dotnet.gc.last_collection.heap.fragmentation.size (By)[gc.heap.generation=gen1],Metric,16688
06/06/2026 22:45:19,System.Runtime,dotnet.gc.last_collection.heap.fragmentation.size (By)[gc.heap.generation=gen0],Metric,495656
06/06/2026 22:45:19,System.Runtime,dotnet.gc.pause.time (s / 1 sec),Rate,0
06/06/2026 22:45:19,System.Runtime,dotnet.gc.last_collection.memory.committed_size (By),Metric,717045760
06/06/2026 22:45:19,System.Runtime,dotnet.assembly.count ({assembly}),Metric,54
06/06/2026 22:45:19,System.Runtime,dotnet.thread_pool.queue.length ({work_item} / 1 sec),Rate,-7
06/06/2026 22:45:19,System.Runtime,dotnet.jit.compiled_methods ({method} / 1 sec),Rate,1
06/06/2026 22:45:19,System.Runtime,dotnet.jit.compiled_il.size (By / 1 sec),Rate,37
06/06/2026 22:45:19,System.Runtime,dotnet.gc.heap.total_allocated (By / 1 sec),Rate,6658984
06/06/2026 22:45:19,System.Runtime,dotnet.process.memory.working_set (By),Metric,796573696
06/06/2026 22:45:19,System.Runtime,dotnet.thread_pool.thread.count ({thread} / 1 sec),Rate,0
06/06/2026 22:45:19,System.Runtime,dotnet.gc.last_collection.heap.size (By)[gc.heap.generation=poh],Metric,189422640
06/06/2026 22:45:19,System.Runtime,dotnet.gc.last_collection.heap.size (By)[gc.heap.generation=loh],Metric,9327328
06/06/2026 22:45:19,System.Runtime,dotnet.gc.last_collection.heap.size (By)[gc.heap.generation=gen2],Metric,320270960
06/06/2026 22:45:19,System.Runtime,dotnet.gc.last_collection.heap.size (By)[gc.heap.generation=gen1],Metric,78632
06/06/2026 22:45:19,System.Runtime,dotnet.gc.last_collection.heap.size (By)[gc.heap.generation=gen0],Metric,1141088
06/06/2026 22:45:19,System.Runtime,dotnet.timer.count ({timer}),Metric,28
06/06/2026 22:45:19,System.Runtime,dotnet.process.cpu.time (s / 1 sec)[cpu.mode=user],Rate,0.12445399999998585
06/06/2026 22:45:19,System.Runtime,dotnet.process.cpu.time (s / 1 sec)[cpu.mode=system],Rate,0.1402399999999986
06/06/2026 22:45:19,System.Runtime,dotnet.gc.collections ({collection} / 1 sec)[gc.heap.generation=gen2],Rate,0
06/06/2026 22:45:19,System.Runtime,dotnet.gc.collections ({collection} / 1 sec)[gc.heap.generation=gen0],Rate,0
06/06/2026 22:45:19,System.Runtime,dotnet.gc.collections ({collection} / 1 sec)[gc.heap.generation=gen1],Rate,0
06/06/2026 22:45:19,System.Runtime,dotnet.jit.compilation.time (s / 1 sec),Rate,0.0005233999999996186
06/06/2026 22:45:19,System.Runtime,dotnet.process.cpu.count ({cpu}),Metric,4
06/06/2026 22:45:19,System.Runtime,dotnet.exceptions ({exception} / 1 sec)[error.type=CachedInternalErrorException],Rate,0
06/06/2026 22:45:19,System.Runtime,dotnet.exceptions ({exception} / 1 sec)[error.type=CachedSocketException],Rate,0
06/06/2026 22:45:19,System.Runtime,dotnet.exceptions ({exception} / 1 sec)[error.type=SocketException],Rate,0
06/06/2026 22:45:19,System.Runtime,dotnet.exceptions ({exception} / 1 sec)[error.type=CachedNetworkException],Rate,0
06/06/2026 22:45:20,System.Runtime,dotnet.thread_pool.work_item.count ({work_item} / 1 sec),Rate,77810
06/06/2026 22:45:20,System.Runtime,dotnet.monitor.lock_contentions ({contention} / 1 sec),Rate,104
06/06/2026 22:45:20,System.Runtime,dotnet.gc.last_collection.heap.fragmentation.size (By)[gc.heap.generation=poh],Metric,49560
06/06/2026 22:45:20,System.Runtime,dotnet.gc.last_collection.heap.fragmentation.size (By)[gc.heap.generation=loh],Metric,4712304
06/06/2026 22:45:20,System.Runtime,dotnet.gc.last_collection.heap.fragmentation.size (By)[gc.heap.generation=gen2],Metric,70017232
06/06/2026 22:45:20,System.Runtime,dotnet.gc.last_collection.heap.fragmentation.size (By)[gc.heap.generation=gen1],Metric,16688
06/06/2026 22:45:20,System.Runtime,dotnet.gc.last_collection.heap.fragmentation.size (By)[gc.heap.generation=gen0],Metric,495656
06/06/2026 22:45:20,System.Runtime,dotnet.gc.pause.time (s / 1 sec),Rate,0
06/06/2026 22:45:20,System.Runtime,dotnet.gc.last_collection.memory.committed_size (By),Metric,717045760
06/06/2026 22:45:20,System.Runtime,dotnet.assembly.count ({assembly}),Metric,54
06/06/2026 22:45:20,System.Runtime,dotnet.thread_pool.queue.length ({work_item} / 1 sec),Rate,2476
06/06/2026 22:45:20,System.Runtime,dotnet.jit.compiled_methods ({method} / 1 sec),Rate,0
06/06/2026 22:45:20,System.Runtime,dotnet.jit.compiled_il.size (By / 1 sec),Rate,0
06/06/2026 22:45:20,System.Runtime,dotnet.gc.heap.total_allocated (By / 1 sec),Rate,19844048
06/06/2026 22:45:20,System.Runtime,dotnet.process.memory.working_set (By),Metric,796573696
06/06/2026 22:45:20,System.Runtime,dotnet.thread_pool.thread.count ({thread} / 1 sec),Rate,0
06/06/2026 22:45:20,System.Runtime,dotnet.gc.last_collection.heap.size (By)[gc.heap.generation=poh],Metric,189422640
06/06/2026 22:45:20,System.Runtime,dotnet.gc.last_collection.heap.size (By)[gc.heap.generation=loh],Metric,9327328
06/06/2026 22:45:20,System.Runtime,dotnet.gc.last_collection.heap.size (By)[gc.heap.generation=gen2],Metric,320270960
06/06/2026 22:45:20,System.Runtime,dotnet.gc.last_collection.heap.size (By)[gc.heap.generation=gen1],Metric,78632
06/06/2026 22:45:20,System.Runtime,dotnet.gc.last_collection.heap.size (By)[gc.heap.generation=gen0],Metric,1141088
06/06/2026 22:45:20,System.Runtime,dotnet.timer.count ({timer}),Metric,28
06/06/2026 22:45:20,System.Runtime,dotnet.process.cpu.time (s / 1 sec)[cpu.mode=user],Rate,2.3595650000000035
06/06/2026 22:45:20,System.Runtime,dotnet.process.cpu.time (s / 1 sec)[cpu.mode=system],Rate,0.6899760000000015
06/06/2026 22:45:20,System.Runtime,dotnet.gc.collections ({collection} / 1 sec)[gc.heap.generation=gen2],Rate,0
06/06/2026 22:45:20,System.Runtime,dotnet.gc.collections ({collection} / 1 sec)[gc.heap.generation=gen0],Rate,0
06/06/2026 22:45:20,System.Runtime,dotnet.gc.collections ({collection} / 1 sec)[gc.heap.generation=gen1],Rate,0
06/06/2026 22:45:20,System.Runtime,dotnet.jit.compilation.time (s / 1 sec),Rate,0
06/06/2026 22:45:20,System.Runtime,dotnet.process.cpu.count ({cpu}),Metric,4
06/06/2026 22:45:20,System.Runtime,dotnet.exceptions ({exception} / 1 sec)[error.type=CachedInternalErrorException],Rate,0
06/06/2026 22:45:20,System.Runtime,dotnet.exceptions ({exception} / 1 sec)[error.type=CachedSocketException],Rate,0
06/06/2026 22:45:20,System.Runtime,dotnet.exceptions ({exception} / 1 sec)[error.type=SocketException],Rate,0
06/06/2026 22:45:20,System.Runtime,dotnet.exceptions ({exception} / 1 sec)[error.type=CachedNetworkException],Rate,0
06/06/2026 22:45:21,System.Runtime,dotnet.thread_pool.work_item.count ({work_item} / 1 sec),Rate,68296
06/06/2026 22:45:21,System.Runtime,dotnet.monitor.lock_contentions ({contention} / 1 sec),Rate,77
06/06/2026 22:45:21,System.Runtime,dotnet.gc.last_collection.heap.fragmentation.size (By)[gc.heap.generation=poh],Metric,49560
06/06/2026 22:45:21,System.Runtime,dotnet.gc.last_collection.heap.fragmentation.size (By)[gc.heap.generation=loh],Metric,4712304
06/06/2026 22:45:21,System.Runtime,dotnet.gc.last_collection.heap.fragmentation.size (By)[gc.heap.generation=gen2],Metric,70017232
06/06/2026 22:45:21,System.Runtime,dotnet.gc.last_collection.heap.fragmentation.size (By)[gc.heap.generation=gen1],Metric,16688
06/06/2026 22:45:21,System.Runtime,dotnet.gc.last_collection.heap.fragmentation.size (By)[gc.heap.generation=gen0],Metric,495656
06/06/2026 22:45:21,System.Runtime,dotnet.gc.pause.time (s / 1 sec),Rate,0
06/06/2026 22:45:21,System.Runtime,dotnet.gc.last_collection.memory.committed_size (By),Metric,717045760
06/06/2026 22:45:21,System.Runtime,dotnet.assembly.count ({assembly}),Metric,54
06/06/2026 22:45:21,System.Runtime,dotnet.thread_pool.queue.length ({work_item} / 1 sec),Rate,-2476
06/06/2026 22:45:21,System.Runtime,dotnet.jit.compiled_methods ({method} / 1 sec),Rate,1
06/06/2026 22:45:21,System.Runtime,dotnet.jit.compiled_il.size (By / 1 sec),Rate,31
06/06/2026 22:45:21,System.Runtime,dotnet.gc.heap.total_allocated (By / 1 sec),Rate,49887984
06/06/2026 22:45:21,System.Runtime,dotnet.process.memory.working_set (By),Metric,796573696
06/06/2026 22:45:21,System.Runtime,dotnet.thread_pool.thread.count ({thread} / 1 sec),Rate,0
06/06/2026 22:45:21,System.Runtime,dotnet.gc.last_collection.heap.size (By)[gc.heap.generation=poh],Metric,189422640
06/06/2026 22:45:21,System.Runtime,dotnet.gc.last_collection.heap.size (By)[gc.heap.generation=loh],Metric,9327328
06/06/2026 22:45:21,System.Runtime,dotnet.gc.last_collection.heap.size (By)[gc.heap.generation=gen2],Metric,320270960
06/06/2026 22:45:21,System.Runtime,dotnet.gc.last_collection.heap.size (By)[gc.heap.generation=gen1],Metric,78632
06/06/2026 22:45:21,System.Runtime,dotnet.gc.last_collection.heap.size (By)[gc.heap.generation=gen0],Metric,1141088
06/06/2026 22:45:21,System.Runtime,dotnet.timer.count ({timer}),Metric,28
06/06/2026 22:45:21,System.Runtime,dotnet.process.cpu.time (s / 1 sec)[cpu.mode=user],Rate,1.5444549999999992
06/06/2026 22:45:21,System.Runtime,dotnet.process.cpu.time (s / 1 sec)[cpu.mode=system],Rate,0.7444099999999949
06/06/2026 22:45:21,System.Runtime,dotnet.gc.collections ({collection} / 1 sec)[gc.heap.generation=gen2],Rate,0
06/06/2026 22:45:21,System.Runtime,dotnet.gc.collections ({collection} / 1 sec)[gc.heap.generation=gen0],Rate,0
06/06/2026 22:45:21,System.Runtime,dotnet.gc.collections ({collection} / 1 sec)[gc.heap.generation=gen1],Rate,0
06/06/2026 22:45:21,System.Runtime,dotnet.jit.compilation.time (s / 1 sec),Rate,0.0007223000000005086
06/06/2026 22:45:21,System.Runtime,dotnet.process.cpu.count ({cpu}),Metric,4
06/06/2026 22:45:21,System.Runtime,dotnet.exceptions ({exception} / 1 sec)[error.type=CachedInternalErrorException],Rate,0
06/06/2026 22:45:21,System.Runtime,dotnet.exceptions ({exception} / 1 sec)[error.type=CachedSocketException],Rate,0
06/06/2026 22:45:21,System.Runtime,dotnet.exceptions ({exception} / 1 sec)[error.type=SocketException],Rate,0
06/06/2026 22:45:21,System.Runtime,dotnet.exceptions ({exception} / 1 sec)[error.type=CachedNetworkException],Rate,19999
06/06/2026 22:45:22,System.Runtime,dotnet.thread_pool.work_item.count ({work_item} / 1 sec),Rate,318
06/06/2026 22:45:22,System.Runtime,dotnet.monitor.lock_contentions ({contention} / 1 sec),Rate,16
06/06/2026 22:45:22,System.Runtime,dotnet.gc.last_collection.heap.fragmentation.size (By)[gc.heap.generation=poh],Metric,49560
06/06/2026 22:45:22,System.Runtime,dotnet.gc.last_collection.heap.fragmentation.size (By)[gc.heap.generation=loh],Metric,4712304
06/06/2026 22:45:22,System.Runtime,dotnet.gc.last_collection.heap.fragmentation.size (By)[gc.heap.generation=gen2],Metric,70017232
06/06/2026 22:45:22,System.Runtime,dotnet.gc.last_collection.heap.fragmentation.size (By)[gc.heap.generation=gen1],Metric,16688
06/06/2026 22:45:22,System.Runtime,dotnet.gc.last_collection.heap.fragmentation.size (By)[gc.heap.generation=gen0],Metric,495656
06/06/2026 22:45:22,System.Runtime,dotnet.gc.pause.time (s / 1 sec),Rate,0
06/06/2026 22:45:22,System.Runtime,dotnet.gc.last_collection.memory.committed_size (By),Metric,717045760
06/06/2026 22:45:22,System.Runtime,dotnet.assembly.count ({assembly}),Metric,54
06/06/2026 22:45:22,System.Runtime,dotnet.thread_pool.queue.length ({work_item} / 1 sec),Rate,0
06/06/2026 22:45:22,System.Runtime,dotnet.jit.compiled_methods ({method} / 1 sec),Rate,0
06/06/2026 22:45:22,System.Runtime,dotnet.jit.compiled_il.size (By / 1 sec),Rate,0
06/06/2026 22:45:22,System.Runtime,dotnet.gc.heap.total_allocated (By / 1 sec),Rate,293184
06/06/2026 22:45:22,System.Runtime,dotnet.process.memory.working_set (By),Metric,796573696
06/06/2026 22:45:22,System.Runtime,dotnet.thread_pool.thread.count ({thread} / 1 sec),Rate,0
06/06/2026 22:45:22,System.Runtime,dotnet.gc.last_collection.heap.size (By)[gc.heap.generation=poh],Metric,189422640
06/06/2026 22:45:22,System.Runtime,dotnet.gc.last_collection.heap.size (By)[gc.heap.generation=loh],Metric,9327328
06/06/2026 22:45:22,System.Runtime,dotnet.gc.last_collection.heap.size (By)[gc.heap.generation=gen2],Metric,320270960
06/06/2026 22:45:22,System.Runtime,dotnet.gc.last_collection.heap.size (By)[gc.heap.generation=gen1],Metric,78632
06/06/2026 22:45:22,System.Runtime,dotnet.gc.last_collection.heap.size (By)[gc.heap.generation=gen0],Metric,1141088
06/06/2026 22:45:22,System.Runtime,dotnet.timer.count ({timer}),Metric,28
06/06/2026 22:45:22,System.Runtime,dotnet.process.cpu.time (s / 1 sec)[cpu.mode=user],Rate,0.00698299999999108
06/06/2026 22:45:22,System.Runtime,dotnet.process.cpu.time (s / 1 sec)[cpu.mode=system],Rate,0.0017340000000061195
06/06/2026 22:45:22,System.Runtime,dotnet.gc.collections ({collection} / 1 sec)[gc.heap.generation=gen2],Rate,0
06/06/2026 22:45:22,System.Runtime,dotnet.gc.collections ({collection} / 1 sec)[gc.heap.generation=gen0],Rate,0
06/06/2026 22:45:22,System.Runtime,dotnet.gc.collections ({collection} / 1 sec)[gc.heap.generation=gen1],Rate,0
06/06/2026 22:45:22,System.Runtime,dotnet.jit.compilation.time (s / 1 sec),Rate,0
06/06/2026 22:45:22,System.Runtime,dotnet.process.cpu.count ({cpu}),Metric,4
06/06/2026 22:45:22,System.Runtime,dotnet.exceptions ({exception} / 1 sec)[error.type=CachedInternalErrorException],Rate,0
06/06/2026 22:45:22,System.Runtime,dotnet.exceptions ({exception} / 1 sec)[error.type=CachedSocketException],Rate,0
06/06/2026 22:45:22,System.Runtime,dotnet.exceptions ({exception} / 1 sec)[error.type=SocketException],Rate,0
06/06/2026 22:45:22,System.Runtime,dotnet.exceptions ({exception} / 1 sec)[error.type=CachedNetworkException],Rate,0
06/06/2026 22:45:23,System.Runtime,dotnet.thread_pool.work_item.count ({work_item} / 1 sec),Rate,316
06/06/2026 22:45:23,System.Runtime,dotnet.monitor.lock_contentions ({contention} / 1 sec),Rate,12
06/06/2026 22:45:23,System.Runtime,dotnet.gc.last_collection.heap.fragmentation.size (By)[gc.heap.generation=poh],Metric,49560
06/06/2026 22:45:23,System.Runtime,dotnet.gc.last_collection.heap.fragmentation.size (By)[gc.heap.generation=loh],Metric,4712304
06/06/2026 22:45:23,System.Runtime,dotnet.gc.last_collection.heap.fragmentation.size (By)[gc.heap.generation=gen2],Metric,70017232
06/06/2026 22:45:23,System.Runtime,dotnet.gc.last_collection.heap.fragmentation.size (By)[gc.heap.generation=gen1],Metric,16688
06/06/2026 22:45:23,System.Runtime,dotnet.gc.last_collection.heap.fragmentation.size (By)[gc.heap.generation=gen0],Metric,495656
06/06/2026 22:45:23,System.Runtime,dotnet.gc.pause.time (s / 1 sec),Rate,0
06/06/2026 22:45:23,System.Runtime,dotnet.gc.last_collection.memory.committed_size (By),Metric,717045760
06/06/2026 22:45:23,System.Runtime,dotnet.assembly.count ({assembly}),Metric,54
06/06/2026 22:45:23,System.Runtime,dotnet.thread_pool.queue.length ({work_item} / 1 sec),Rate,0
06/06/2026 22:45:23,System.Runtime,dotnet.jit.compiled_methods ({method} / 1 sec),Rate,0
06/06/2026 22:45:23,System.Runtime,dotnet.jit.compiled_il.size (By / 1 sec),Rate,0
06/06/2026 22:45:23,System.Runtime,dotnet.gc.heap.total_allocated (By / 1 sec),Rate,286456
06/06/2026 22:45:23,System.Runtime,dotnet.process.memory.working_set (By),Metric,796573696
06/06/2026 22:45:23,System.Runtime,dotnet.thread_pool.thread.count ({thread} / 1 sec),Rate,0
06/06/2026 22:45:23,System.Runtime,dotnet.gc.last_collection.heap.size (By)[gc.heap.generation=poh],Metric,189422640
06/06/2026 22:45:23,System.Runtime,dotnet.gc.last_collection.heap.size (By)[gc.heap.generation=loh],Metric,9327328
06/06/2026 22:45:23,System.Runtime,dotnet.gc.last_collection.heap.size (By)[gc.heap.generation=gen2],Metric,320270960
06/06/2026 22:45:23,System.Runtime,dotnet.gc.last_collection.heap.size (By)[gc.heap.generation=gen1],Metric,78632
06/06/2026 22:45:23,System.Runtime,dotnet.gc.last_collection.heap.size (By)[gc.heap.generation=gen0],Metric,1141088
06/06/2026 22:45:23,System.Runtime,dotnet.timer.count ({timer}),Metric,28
06/06/2026 22:45:23,System.Runtime,dotnet.process.cpu.time (s / 1 sec)[cpu.mode=user],Rate,0.00854000000001065
06/06/2026 22:45:23,System.Runtime,dotnet.process.cpu.time (s / 1 sec)[cpu.mode=system],Rate,0.0034259999999974866
06/06/2026 22:45:23,System.Runtime,dotnet.gc.collections ({collection} / 1 sec)[gc.heap.generation=gen2],Rate,0
06/06/2026 22:45:23,System.Runtime,dotnet.gc.collections ({collection} / 1 sec)[gc.heap.generation=gen0],Rate,0
06/06/2026 22:45:23,System.Runtime,dotnet.gc.collections ({collection} / 1 sec)[gc.heap.generation=gen1],Rate,0
06/06/2026 22:45:23,System.Runtime,dotnet.jit.compilation.time (s / 1 sec),Rate,0
06/06/2026 22:45:23,System.Runtime,dotnet.process.cpu.count ({cpu}),Metric,4
06/06/2026 22:45:23,System.Runtime,dotnet.exceptions ({exception} / 1 sec)[error.type=CachedInternalErrorException],Rate,0
06/06/2026 22:45:23,System.Runtime,dotnet.exceptions ({exception} / 1 sec)[error.type=CachedSocketException],Rate,0
06/06/2026 22:45:23,System.Runtime,dotnet.exceptions ({exception} / 1 sec)[error.type=SocketException],Rate,0
06/06/2026 22:45:23,System.Runtime,dotnet.exceptions ({exception} / 1 sec)[error.type=CachedNetworkException],Rate,0
06/06/2026 22:45:24,System.Runtime,dotnet.thread_pool.work_item.count ({work_item} / 1 sec),Rate,327
06/06/2026 22:45:24,System.Runtime,dotnet.monitor.lock_contentions ({contention} / 1 sec),Rate,4
06/06/2026 22:45:24,System.Runtime,dotnet.gc.last_collection.heap.fragmentation.size (By)[gc.heap.generation=poh],Metric,49560
06/06/2026 22:45:24,System.Runtime,dotnet.gc.last_collection.heap.fragmentation.size (By)[gc.heap.generation=loh],Metric,4712304
06/06/2026 22:45:24,System.Runtime,dotnet.gc.last_collection.heap.fragmentation.size (By)[gc.heap.generation=gen2],Metric,70017232
06/06/2026 22:45:24,System.Runtime,dotnet.gc.last_collection.heap.fragmentation.size (By)[gc.heap.generation=gen1],Metric,16688
06/06/2026 22:45:24,System.Runtime,dotnet.gc.last_collection.heap.fragmentation.size (By)[gc.heap.generation=gen0],Metric,495656
06/06/2026 22:45:24,System.Runtime,dotnet.gc.pause.time (s / 1 sec),Rate,0
06/06/2026 22:45:24,System.Runtime,dotnet.gc.last_collection.memory.committed_size (By),Metric,717045760
06/06/2026 22:45:24,System.Runtime,dotnet.assembly.count ({assembly}),Metric,54
06/06/2026 22:45:24,System.Runtime,dotnet.thread_pool.queue.length ({work_item} / 1 sec),Rate,0
06/06/2026 22:45:24,System.Runtime,dotnet.jit.compiled_methods ({method} / 1 sec),Rate,0
06/06/2026 22:45:24,System.Runtime,dotnet.jit.compiled_il.size (By / 1 sec),Rate,0
06/06/2026 22:45:24,System.Runtime,dotnet.gc.heap.total_allocated (By / 1 sec),Rate,295040
06/06/2026 22:45:24,System.Runtime,dotnet.process.memory.working_set (By),Metric,796573696
06/06/2026 22:45:24,System.Runtime,dotnet.thread_pool.thread.count ({thread} / 1 sec),Rate,0
06/06/2026 22:45:24,System.Runtime,dotnet.gc.last_collection.heap.size (By)[gc.heap.generation=poh],Metric,189422640
06/06/2026 22:45:24,System.Runtime,dotnet.gc.last_collection.heap.size (By)[gc.heap.generation=loh],Metric,9327328
06/06/2026 22:45:24,System.Runtime,dotnet.gc.last_collection.heap.size (By)[gc.heap.generation=gen2],Metric,320270960
06/06/2026 22:45:24,System.Runtime,dotnet.gc.last_collection.heap.size (By)[gc.heap.generation=gen1],Metric,78632
06/06/2026 22:45:24,System.Runtime,dotnet.gc.last_collection.heap.size (By)[gc.heap.generation=gen0],Metric,1141088
06/06/2026 22:45:24,System.Runtime,dotnet.timer.count ({timer}),Metric,28
06/06/2026 22:45:24,System.Runtime,dotnet.process.cpu.time (s / 1 sec)[cpu.mode=user],Rate,0.007585000000005948
06/06/2026 22:45:24,System.Runtime,dotnet.process.cpu.time (s / 1 sec)[cpu.mode=system],Rate,0.0025919999999999277
06/06/2026 22:45:24,System.Runtime,dotnet.gc.collections ({collection} / 1 sec)[gc.heap.generation=gen2],Rate,0
06/06/2026 22:45:24,System.Runtime,dotnet.gc.collections ({collection} / 1 sec)[gc.heap.generation=gen0],Rate,0
06/06/2026 22:45:24,System.Runtime,dotnet.gc.collections ({collection} / 1 sec)[gc.heap.generation=gen1],Rate,0
06/06/2026 22:45:24,System.Runtime,dotnet.jit.compilation.time (s / 1 sec),Rate,0
06/06/2026 22:45:24,System.Runtime,dotnet.process.cpu.count ({cpu}),Metric,4
06/06/2026 22:45:24,System.Runtime,dotnet.exceptions ({exception} / 1 sec)[error.type=CachedInternalErrorException],Rate,0
06/06/2026 22:45:24,System.Runtime,dotnet.exceptions ({exception} / 1 sec)[error.type=CachedSocketException],Rate,0
06/06/2026 22:45:24,System.Runtime,dotnet.exceptions ({exception} / 1 sec)[error.type=SocketException],Rate,0
06/06/2026 22:45:24,System.Runtime,dotnet.exceptions ({exception} / 1 sec)[error.type=CachedNetworkException],Rate,0
06/06/2026 22:45:25,System.Runtime,dotnet.thread_pool.work_item.count ({work_item} / 1 sec),Rate,315
06/06/2026 22:45:25,System.Runtime,dotnet.monitor.lock_contentions ({contention} / 1 sec),Rate,14
06/06/2026 22:45:25,System.Runtime,dotnet.gc.last_collection.heap.fragmentation.size (By)[gc.heap.generation=poh],Metric,49560
06/06/2026 22:45:25,System.Runtime,dotnet.gc.last_collection.heap.fragmentation.size (By)[gc.heap.generation=loh],Metric,4712304
06/06/2026 22:45:25,System.Runtime,dotnet.gc.last_collection.heap.fragmentation.size (By)[gc.heap.generation=gen2],Metric,70017232
06/06/2026 22:45:25,System.Runtime,dotnet.gc.last_collection.heap.fragmentation.size (By)[gc.heap.generation=gen1],Metric,16688
06/06/2026 22:45:25,System.Runtime,dotnet.gc.last_collection.heap.fragmentation.size (By)[gc.heap.generation=gen0],Metric,495656
06/06/2026 22:45:25,System.Runtime,dotnet.gc.pause.time (s / 1 sec),Rate,0
06/06/2026 22:45:25,System.Runtime,dotnet.gc.last_collection.memory.committed_size (By),Metric,717045760
06/06/2026 22:45:25,System.Runtime,dotnet.assembly.count ({assembly}),Metric,54
06/06/2026 22:45:25,System.Runtime,dotnet.thread_pool.queue.length ({work_item} / 1 sec),Rate,0
06/06/2026 22:45:25,System.Runtime,dotnet.jit.compiled_methods ({method} / 1 sec),Rate,0
06/06/2026 22:45:25,System.Runtime,dotnet.jit.compiled_il.size (By / 1 sec),Rate,0
06/06/2026 22:45:25,System.Runtime,dotnet.gc.heap.total_allocated (By / 1 sec),Rate,294664
06/06/2026 22:45:25,System.Runtime,dotnet.process.memory.working_set (By),Metric,796573696
06/06/2026 22:45:25,System.Runtime,dotnet.thread_pool.thread.count ({thread} / 1 sec),Rate,0
06/06/2026 22:45:25,System.Runtime,dotnet.gc.last_collection.heap.size (By)[gc.heap.generation=poh],Metric,189422640
06/06/2026 22:45:25,System.Runtime,dotnet.gc.last_collection.heap.size (By)[gc.heap.generation=loh],Metric,9327328
06/06/2026 22:45:25,System.Runtime,dotnet.gc.last_collection.heap.size (By)[gc.heap.generation=gen2],Metric,320270960
06/06/2026 22:45:25,System.Runtime,dotnet.gc.last_collection.heap.size (By)[gc.heap.generation=gen1],Metric,78632
06/06/2026 22:45:25,System.Runtime,dotnet.gc.last_collection.heap.size (By)[gc.heap.generation=gen0],Metric,1141088
06/06/2026 22:45:25,System.Runtime,dotnet.timer.count ({timer}),Metric,28
06/06/2026 22:45:25,System.Runtime,dotnet.process.cpu.time (s / 1 sec)[cpu.mode=user],Rate,0.007722000000001117
06/06/2026 22:45:25,System.Runtime,dotnet.process.cpu.time (s / 1 sec)[cpu.mode=system],Rate,0.005947999999996512
06/06/2026 22:45:25,System.Runtime,dotnet.gc.collections ({collection} / 1 sec)[gc.heap.generation=gen2],Rate,0
06/06/2026 22:45:25,System.Runtime,dotnet.gc.collections ({collection} / 1 sec)[gc.heap.generation=gen0],Rate,0
06/06/2026 22:45:25,System.Runtime,dotnet.gc.collections ({collection} / 1 sec)[gc.heap.generation=gen1],Rate,0
06/06/2026 22:45:25,System.Runtime,dotnet.jit.compilation.time (s / 1 sec),Rate,0
06/06/2026 22:45:25,System.Runtime,dotnet.process.cpu.count ({cpu}),Metric,4
06/06/2026 22:45:25,System.Runtime,dotnet.exceptions ({exception} / 1 sec)[error.type=CachedInternalErrorException],Rate,0
06/06/2026 22:45:25,System.Runtime,dotnet.exceptions ({exception} / 1 sec)[error.type=CachedSocketException],Rate,0
06/06/2026 22:45:25,System.Runtime,dotnet.exceptions ({exception} / 1 sec)[error.type=SocketException],Rate,0
06/06/2026 22:45:25,System.Runtime,dotnet.exceptions ({exception} / 1 sec)[error.type=CachedNetworkException],Rate,0
06/06/2026 22:45:26,System.Runtime,dotnet.thread_pool.work_item.count ({work_item} / 1 sec),Rate,317
06/06/2026 22:45:26,System.Runtime,dotnet.monitor.lock_contentions ({contention} / 1 sec),Rate,14
06/06/2026 22:45:26,System.Runtime,dotnet.gc.last_collection.heap.fragmentation.size (By)[gc.heap.generation=poh],Metric,49560
06/06/2026 22:45:26,System.Runtime,dotnet.gc.last_collection.heap.fragmentation.size (By)[gc.heap.generation=loh],Metric,4712304
06/06/2026 22:45:26,System.Runtime,dotnet.gc.last_collection.heap.fragmentation.size (By)[gc.heap.generation=gen2],Metric,70017232
06/06/2026 22:45:26,System.Runtime,dotnet.gc.last_collection.heap.fragmentation.size (By)[gc.heap.generation=gen1],Metric,16688
06/06/2026 22:45:26,System.Runtime,dotnet.gc.last_collection.heap.fragmentation.size (By)[gc.heap.generation=gen0],Metric,495656
06/06/2026 22:45:26,System.Runtime,dotnet.gc.pause.time (s / 1 sec),Rate,0
06/06/2026 22:45:26,System.Runtime,dotnet.gc.last_collection.memory.committed_size (By),Metric,717045760
06/06/2026 22:45:26,System.Runtime,dotnet.assembly.count ({assembly}),Metric,54
06/06/2026 22:45:26,System.Runtime,dotnet.thread_pool.queue.length ({work_item} / 1 sec),Rate,0
06/06/2026 22:45:26,System.Runtime,dotnet.jit.compiled_methods ({method} / 1 sec),Rate,0
06/06/2026 22:45:26,System.Runtime,dotnet.jit.compiled_il.size (By / 1 sec),Rate,0
06/06/2026 22:45:26,System.Runtime,dotnet.gc.heap.total_allocated (By / 1 sec),Rate,292568
06/06/2026 22:45:26,System.Runtime,dotnet.process.memory.working_set (By),Metric,796573696
06/06/2026 22:45:26,System.Runtime,dotnet.thread_pool.thread.count ({thread} / 1 sec),Rate,0
06/06/2026 22:45:26,System.Runtime,dotnet.gc.last_collection.heap.size (By)[gc.heap.generation=poh],Metric,189422640
06/06/2026 22:45:26,System.Runtime,dotnet.gc.last_collection.heap.size (By)[gc.heap.generation=loh],Metric,9327328
06/06/2026 22:45:26,System.Runtime,dotnet.gc.last_collection.heap.size (By)[gc.heap.generation=gen2],Metric,320270960
06/06/2026 22:45:26,System.Runtime,dotnet.gc.last_collection.heap.size (By)[gc.heap.generation=gen1],Metric,78632
06/06/2026 22:45:26,System.Runtime,dotnet.gc.last_collection.heap.size (By)[gc.heap.generation=gen0],Metric,1141088
06/06/2026 22:45:26,System.Runtime,dotnet.timer.count ({timer}),Metric,28
06/06/2026 22:45:26,System.Runtime,dotnet.process.cpu.time (s / 1 sec)[cpu.mode=user],Rate,0.009344999999996162
06/06/2026 22:45:26,System.Runtime,dotnet.process.cpu.time (s / 1 sec)[cpu.mode=system],Rate,0.0029300000000063164
06/06/2026 22:45:26,System.Runtime,dotnet.gc.collections ({collection} / 1 sec)[gc.heap.generation=gen2],Rate,0
06/06/2026 22:45:26,System.Runtime,dotnet.gc.collections ({collection} / 1 sec)[gc.heap.generation=gen0],Rate,0
06/06/2026 22:45:26,System.Runtime,dotnet.gc.collections ({collection} / 1 sec)[gc.heap.generation=gen1],Rate,0
06/06/2026 22:45:26,System.Runtime,dotnet.jit.compilation.time (s / 1 sec),Rate,0
06/06/2026 22:45:26,System.Runtime,dotnet.process.cpu.count ({cpu}),Metric,4
06/06/2026 22:45:26,System.Runtime,dotnet.exceptions ({exception} / 1 sec)[error.type=CachedInternalErrorException],Rate,0
06/06/2026 22:45:26,System.Runtime,dotnet.exceptions ({exception} / 1 sec)[error.type=CachedSocketException],Rate,0
06/06/2026 22:45:26,System.Runtime,dotnet.exceptions ({exception} / 1 sec)[error.type=SocketException],Rate,0
06/06/2026 22:45:26,System.Runtime,dotnet.exceptions ({exception} / 1 sec)[error.type=CachedNetworkException],Rate,0
06/06/2026 22:45:27,System.Runtime,dotnet.thread_pool.work_item.count ({work_item} / 1 sec),Rate,19120
06/06/2026 22:45:27,System.Runtime,dotnet.monitor.lock_contentions ({contention} / 1 sec),Rate,24
06/06/2026 22:45:27,System.Runtime,dotnet.gc.last_collection.heap.fragmentation.size (By)[gc.heap.generation=poh],Metric,49560
06/06/2026 22:45:27,System.Runtime,dotnet.gc.last_collection.heap.fragmentation.size (By)[gc.heap.generation=loh],Metric,4712304
06/06/2026 22:45:27,System.Runtime,dotnet.gc.last_collection.heap.fragmentation.size (By)[gc.heap.generation=gen2],Metric,70017232
06/06/2026 22:45:27,System.Runtime,dotnet.gc.last_collection.heap.fragmentation.size (By)[gc.heap.generation=gen1],Metric,16688
06/06/2026 22:45:27,System.Runtime,dotnet.gc.last_collection.heap.fragmentation.size (By)[gc.heap.generation=gen0],Metric,495656
06/06/2026 22:45:27,System.Runtime,dotnet.gc.pause.time (s / 1 sec),Rate,0
06/06/2026 22:45:27,System.Runtime,dotnet.gc.last_collection.memory.committed_size (By),Metric,717045760
06/06/2026 22:45:27,System.Runtime,dotnet.assembly.count ({assembly}),Metric,54
06/06/2026 22:45:27,System.Runtime,dotnet.thread_pool.queue.length ({work_item} / 1 sec),Rate,1540
06/06/2026 22:45:27,System.Runtime,dotnet.jit.compiled_methods ({method} / 1 sec),Rate,0
06/06/2026 22:45:27,System.Runtime,dotnet.jit.compiled_il.size (By / 1 sec),Rate,0
06/06/2026 22:45:27,System.Runtime,dotnet.gc.heap.total_allocated (By / 1 sec),Rate,24124536
06/06/2026 22:45:27,System.Runtime,dotnet.process.memory.working_set (By),Metric,796573696
06/06/2026 22:45:27,System.Runtime,dotnet.thread_pool.thread.count ({thread} / 1 sec),Rate,0
06/06/2026 22:45:27,System.Runtime,dotnet.gc.last_collection.heap.size (By)[gc.heap.generation=poh],Metric,189422640
06/06/2026 22:45:27,System.Runtime,dotnet.gc.last_collection.heap.size (By)[gc.heap.generation=loh],Metric,9327328
06/06/2026 22:45:27,System.Runtime,dotnet.gc.last_collection.heap.size (By)[gc.heap.generation=gen2],Metric,320270960
06/06/2026 22:45:27,System.Runtime,dotnet.gc.last_collection.heap.size (By)[gc.heap.generation=gen1],Metric,78632
06/06/2026 22:45:27,System.Runtime,dotnet.gc.last_collection.heap.size (By)[gc.heap.generation=gen0],Metric,1141088
06/06/2026 22:45:27,System.Runtime,dotnet.timer.count ({timer}),Metric,12
06/06/2026 22:45:27,System.Runtime,dotnet.process.cpu.time (s / 1 sec)[cpu.mode=user],Rate,2.096090000000004
06/06/2026 22:45:27,System.Runtime,dotnet.process.cpu.time (s / 1 sec)[cpu.mode=system],Rate,0.25532799999999867
06/06/2026 22:45:27,System.Runtime,dotnet.gc.collections ({collection} / 1 sec)[gc.heap.generation=gen2],Rate,0
06/06/2026 22:45:27,System.Runtime,dotnet.gc.collections ({collection} / 1 sec)[gc.heap.generation=gen0],Rate,0
06/06/2026 22:45:27,System.Runtime,dotnet.gc.collections ({collection} / 1 sec)[gc.heap.generation=gen1],Rate,0
06/06/2026 22:45:27,System.Runtime,dotnet.jit.compilation.time (s / 1 sec),Rate,0
06/06/2026 22:45:27,System.Runtime,dotnet.process.cpu.count ({cpu}),Metric,4
06/06/2026 22:45:27,System.Runtime,dotnet.exceptions ({exception} / 1 sec)[error.type=CachedInternalErrorException],Rate,0
06/06/2026 22:45:27,System.Runtime,dotnet.exceptions ({exception} / 1 sec)[error.type=CachedSocketException],Rate,0
06/06/2026 22:45:27,System.Runtime,dotnet.exceptions ({exception} / 1 sec)[error.type=SocketException],Rate,3252
06/06/2026 22:45:27,System.Runtime,dotnet.exceptions ({exception} / 1 sec)[error.type=CachedNetworkException],Rate,0
06/06/2026 22:45:28,System.Runtime,dotnet.thread_pool.work_item.count ({work_item} / 1 sec),Rate,54628
06/06/2026 22:45:28,System.Runtime,dotnet.monitor.lock_contentions ({contention} / 1 sec),Rate,104
06/06/2026 22:45:28,System.Runtime,dotnet.gc.last_collection.heap.fragmentation.size (By)[gc.heap.generation=poh],Metric,49560
06/06/2026 22:45:28,System.Runtime,dotnet.gc.last_collection.heap.fragmentation.size (By)[gc.heap.generation=loh],Metric,4712304
06/06/2026 22:45:28,System.Runtime,dotnet.gc.last_collection.heap.fragmentation.size (By)[gc.heap.generation=gen2],Metric,70017232
06/06/2026 22:45:28,System.Runtime,dotnet.gc.last_collection.heap.fragmentation.size (By)[gc.heap.generation=gen1],Metric,16688
06/06/2026 22:45:28,System.Runtime,dotnet.gc.last_collection.heap.fragmentation.size (By)[gc.heap.generation=gen0],Metric,495656
06/06/2026 22:45:28,System.Runtime,dotnet.gc.pause.time (s / 1 sec),Rate,0
06/06/2026 22:45:28,System.Runtime,dotnet.gc.last_collection.memory.committed_size (By),Metric,717045760
06/06/2026 22:45:28,System.Runtime,dotnet.assembly.count ({assembly}),Metric,54
06/06/2026 22:45:28,System.Runtime,dotnet.thread_pool.queue.length ({work_item} / 1 sec),Rate,-112
06/06/2026 22:45:28,System.Runtime,dotnet.jit.compiled_methods ({method} / 1 sec),Rate,0
06/06/2026 22:45:28,System.Runtime,dotnet.jit.compiled_il.size (By / 1 sec),Rate,0
06/06/2026 22:45:28,System.Runtime,dotnet.gc.heap.total_allocated (By / 1 sec),Rate,37473128
06/06/2026 22:45:28,System.Runtime,dotnet.process.memory.working_set (By),Metric,796573696
06/06/2026 22:45:28,System.Runtime,dotnet.thread_pool.thread.count ({thread} / 1 sec),Rate,0
06/06/2026 22:45:28,System.Runtime,dotnet.gc.last_collection.heap.size (By)[gc.heap.generation=poh],Metric,189422640
06/06/2026 22:45:28,System.Runtime,dotnet.gc.last_collection.heap.size (By)[gc.heap.generation=loh],Metric,9327328
06/06/2026 22:45:28,System.Runtime,dotnet.gc.last_collection.heap.size (By)[gc.heap.generation=gen2],Metric,320270960
06/06/2026 22:45:28,System.Runtime,dotnet.gc.last_collection.heap.size (By)[gc.heap.generation=gen1],Metric,78632
06/06/2026 22:45:28,System.Runtime,dotnet.gc.last_collection.heap.size (By)[gc.heap.generation=gen0],Metric,1141088
06/06/2026 22:45:28,System.Runtime,dotnet.timer.count ({timer}),Metric,28
06/06/2026 22:45:28,System.Runtime,dotnet.process.cpu.time (s / 1 sec)[cpu.mode=user],Rate,3.271006
06/06/2026 22:45:28,System.Runtime,dotnet.process.cpu.time (s / 1 sec)[cpu.mode=system],Rate,0.5076849999999951
06/06/2026 22:45:28,System.Runtime,dotnet.gc.collections ({collection} / 1 sec)[gc.heap.generation=gen2],Rate,0
06/06/2026 22:45:28,System.Runtime,dotnet.gc.collections ({collection} / 1 sec)[gc.heap.generation=gen0],Rate,0
06/06/2026 22:45:28,System.Runtime,dotnet.gc.collections ({collection} / 1 sec)[gc.heap.generation=gen1],Rate,0
06/06/2026 22:45:28,System.Runtime,dotnet.jit.compilation.time (s / 1 sec),Rate,0
06/06/2026 22:45:28,System.Runtime,dotnet.process.cpu.count ({cpu}),Metric,4
06/06/2026 22:45:28,System.Runtime,dotnet.exceptions ({exception} / 1 sec)[error.type=CachedInternalErrorException],Rate,0
06/06/2026 22:45:28,System.Runtime,dotnet.exceptions ({exception} / 1 sec)[error.type=CachedSocketException],Rate,0
06/06/2026 22:45:28,System.Runtime,dotnet.exceptions ({exception} / 1 sec)[error.type=SocketException],Rate,3772
06/06/2026 22:45:28,System.Runtime,dotnet.exceptions ({exception} / 1 sec)[error.type=CachedNetworkException],Rate,0
06/06/2026 22:45:29,System.Runtime,dotnet.thread_pool.work_item.count ({work_item} / 1 sec),Rate,55968
06/06/2026 22:45:29,System.Runtime,dotnet.monitor.lock_contentions ({contention} / 1 sec),Rate,42
06/06/2026 22:45:29,System.Runtime,dotnet.gc.last_collection.heap.fragmentation.size (By)[gc.heap.generation=poh],Metric,49560
06/06/2026 22:45:29,System.Runtime,dotnet.gc.last_collection.heap.fragmentation.size (By)[gc.heap.generation=loh],Metric,4712304
06/06/2026 22:45:29,System.Runtime,dotnet.gc.last_collection.heap.fragmentation.size (By)[gc.heap.generation=gen2],Metric,70017232
06/06/2026 22:45:29,System.Runtime,dotnet.gc.last_collection.heap.fragmentation.size (By)[gc.heap.generation=gen1],Metric,16688
06/06/2026 22:45:29,System.Runtime,dotnet.gc.last_collection.heap.fragmentation.size (By)[gc.heap.generation=gen0],Metric,495656
06/06/2026 22:45:29,System.Runtime,dotnet.gc.pause.time (s / 1 sec),Rate,0
06/06/2026 22:45:29,System.Runtime,dotnet.gc.last_collection.memory.committed_size (By),Metric,717045760
06/06/2026 22:45:29,System.Runtime,dotnet.assembly.count ({assembly}),Metric,54
06/06/2026 22:45:29,System.Runtime,dotnet.thread_pool.queue.length ({work_item} / 1 sec),Rate,-589
06/06/2026 22:45:29,System.Runtime,dotnet.jit.compiled_methods ({method} / 1 sec),Rate,1
06/06/2026 22:45:29,System.Runtime,dotnet.jit.compiled_il.size (By / 1 sec),Rate,109
06/06/2026 22:45:29,System.Runtime,dotnet.gc.heap.total_allocated (By / 1 sec),Rate,37966816
06/06/2026 22:45:29,System.Runtime,dotnet.process.memory.working_set (By),Metric,802865152
06/06/2026 22:45:29,System.Runtime,dotnet.thread_pool.thread.count ({thread} / 1 sec),Rate,0
06/06/2026 22:45:29,System.Runtime,dotnet.gc.last_collection.heap.size (By)[gc.heap.generation=poh],Metric,189422640
06/06/2026 22:45:29,System.Runtime,dotnet.gc.last_collection.heap.size (By)[gc.heap.generation=loh],Metric,9327328
06/06/2026 22:45:29,System.Runtime,dotnet.gc.last_collection.heap.size (By)[gc.heap.generation=gen2],Metric,320270960
06/06/2026 22:45:29,System.Runtime,dotnet.gc.last_collection.heap.size (By)[gc.heap.generation=gen1],Metric,78632
06/06/2026 22:45:29,System.Runtime,dotnet.gc.last_collection.heap.size (By)[gc.heap.generation=gen0],Metric,1141088
06/06/2026 22:45:29,System.Runtime,dotnet.timer.count ({timer}),Metric,12
06/06/2026 22:45:29,System.Runtime,dotnet.process.cpu.time (s / 1 sec)[cpu.mode=user],Rate,3.255020000000002
06/06/2026 22:45:29,System.Runtime,dotnet.process.cpu.time (s / 1 sec)[cpu.mode=system],Rate,0.5270470000000032
06/06/2026 22:45:29,System.Runtime,dotnet.gc.collections ({collection} / 1 sec)[gc.heap.generation=gen2],Rate,0
06/06/2026 22:45:29,System.Runtime,dotnet.gc.collections ({collection} / 1 sec)[gc.heap.generation=gen0],Rate,0
06/06/2026 22:45:29,System.Runtime,dotnet.gc.collections ({collection} / 1 sec)[gc.heap.generation=gen1],Rate,0
06/06/2026 22:45:29,System.Runtime,dotnet.jit.compilation.time (s / 1 sec),Rate,0.0008590999999995574
06/06/2026 22:45:29,System.Runtime,dotnet.process.cpu.count ({cpu}),Metric,4
06/06/2026 22:45:29,System.Runtime,dotnet.exceptions ({exception} / 1 sec)[error.type=CachedInternalErrorException],Rate,0
06/06/2026 22:45:29,System.Runtime,dotnet.exceptions ({exception} / 1 sec)[error.type=CachedSocketException],Rate,0
06/06/2026 22:45:29,System.Runtime,dotnet.exceptions ({exception} / 1 sec)[error.type=SocketException],Rate,4154
06/06/2026 22:45:29,System.Runtime,dotnet.exceptions ({exception} / 1 sec)[error.type=CachedNetworkException],Rate,0
06/06/2026 22:45:30,System.Runtime,dotnet.thread_pool.work_item.count ({work_item} / 1 sec),Rate,39923
06/06/2026 22:45:30,System.Runtime,dotnet.monitor.lock_contentions ({contention} / 1 sec),Rate,49
06/06/2026 22:45:30,System.Runtime,dotnet.gc.last_collection.heap.fragmentation.size (By)[gc.heap.generation=poh],Metric,49560
06/06/2026 22:45:30,System.Runtime,dotnet.gc.last_collection.heap.fragmentation.size (By)[gc.heap.generation=loh],Metric,4712304
06/06/2026 22:45:30,System.Runtime,dotnet.gc.last_collection.heap.fragmentation.size (By)[gc.heap.generation=gen2],Metric,70017232
06/06/2026 22:45:30,System.Runtime,dotnet.gc.last_collection.heap.fragmentation.size (By)[gc.heap.generation=gen1],Metric,794432
06/06/2026 22:45:30,System.Runtime,dotnet.gc.last_collection.heap.fragmentation.size (By)[gc.heap.generation=gen0],Metric,0
06/06/2026 22:45:30,System.Runtime,dotnet.gc.pause.time (s / 1 sec),Rate,0.19608999999999988
06/06/2026 22:45:30,System.Runtime,dotnet.gc.last_collection.memory.committed_size (By),Metric,724140032
06/06/2026 22:45:30,System.Runtime,dotnet.assembly.count ({assembly}),Metric,54
06/06/2026 22:45:30,System.Runtime,dotnet.thread_pool.queue.length ({work_item} / 1 sec),Rate,2568
06/06/2026 22:45:30,System.Runtime,dotnet.jit.compiled_methods ({method} / 1 sec),Rate,0
06/06/2026 22:45:30,System.Runtime,dotnet.jit.compiled_il.size (By / 1 sec),Rate,0
06/06/2026 22:45:30,System.Runtime,dotnet.gc.heap.total_allocated (By / 1 sec),Rate,27206720
06/06/2026 22:45:30,System.Runtime,dotnet.process.memory.working_set (By),Metric,803389440
06/06/2026 22:45:30,System.Runtime,dotnet.thread_pool.thread.count ({thread} / 1 sec),Rate,0
06/06/2026 22:45:30,System.Runtime,dotnet.gc.last_collection.heap.size (By)[gc.heap.generation=poh],Metric,189422640
06/06/2026 22:45:30,System.Runtime,dotnet.gc.last_collection.heap.size (By)[gc.heap.generation=loh],Metric,9327328
06/06/2026 22:45:30,System.Runtime,dotnet.gc.last_collection.heap.size (By)[gc.heap.generation=gen2],Metric,320270960
06/06/2026 22:45:30,System.Runtime,dotnet.gc.last_collection.heap.size (By)[gc.heap.generation=gen1],Metric,57816776
06/06/2026 22:45:30,System.Runtime,dotnet.gc.last_collection.heap.size (By)[gc.heap.generation=gen0],Metric,0
06/06/2026 22:45:30,System.Runtime,dotnet.timer.count ({timer}),Metric,12
06/06/2026 22:45:30,System.Runtime,dotnet.process.cpu.time (s / 1 sec)[cpu.mode=user],Rate,3.2138829999999814
06/06/2026 22:45:30,System.Runtime,dotnet.process.cpu.time (s / 1 sec)[cpu.mode=system],Rate,0.4771689999999964
06/06/2026 22:45:30,System.Runtime,dotnet.gc.collections ({collection} / 1 sec)[gc.heap.generation=gen2],Rate,0
06/06/2026 22:45:30,System.Runtime,dotnet.gc.collections ({collection} / 1 sec)[gc.heap.generation=gen0],Rate,1
06/06/2026 22:45:30,System.Runtime,dotnet.gc.collections ({collection} / 1 sec)[gc.heap.generation=gen1],Rate,0
06/06/2026 22:45:30,System.Runtime,dotnet.jit.compilation.time (s / 1 sec),Rate,0
06/06/2026 22:45:30,System.Runtime,dotnet.process.cpu.count ({cpu}),Metric,4
06/06/2026 22:45:30,System.Runtime,dotnet.exceptions ({exception} / 1 sec)[error.type=CachedInternalErrorException],Rate,0
06/06/2026 22:45:30,System.Runtime,dotnet.exceptions ({exception} / 1 sec)[error.type=CachedSocketException],Rate,0
06/06/2026 22:45:30,System.Runtime,dotnet.exceptions ({exception} / 1 sec)[error.type=SocketException],Rate,2206
06/06/2026 22:45:30,System.Runtime,dotnet.exceptions ({exception} / 1 sec)[error.type=CachedNetworkException],Rate,0
06/06/2026 22:45:31,System.Runtime,dotnet.thread_pool.work_item.count ({work_item} / 1 sec),Rate,58696
06/06/2026 22:45:31,System.Runtime,dotnet.monitor.lock_contentions ({contention} / 1 sec),Rate,65
06/06/2026 22:45:31,System.Runtime,dotnet.gc.last_collection.heap.fragmentation.size (By)[gc.heap.generation=poh],Metric,49560
06/06/2026 22:45:31,System.Runtime,dotnet.gc.last_collection.heap.fragmentation.size (By)[gc.heap.generation=loh],Metric,4712304
06/06/2026 22:45:31,System.Runtime,dotnet.gc.last_collection.heap.fragmentation.size (By)[gc.heap.generation=gen2],Metric,70017232
06/06/2026 22:45:31,System.Runtime,dotnet.gc.last_collection.heap.fragmentation.size (By)[gc.heap.generation=gen1],Metric,794432
06/06/2026 22:45:31,System.Runtime,dotnet.gc.last_collection.heap.fragmentation.size (By)[gc.heap.generation=gen0],Metric,0
06/06/2026 22:45:31,System.Runtime,dotnet.gc.pause.time (s / 1 sec),Rate,0
06/06/2026 22:45:31,System.Runtime,dotnet.gc.last_collection.memory.committed_size (By),Metric,724140032
06/06/2026 22:45:31,System.Runtime,dotnet.assembly.count ({assembly}),Metric,54
06/06/2026 22:45:31,System.Runtime,dotnet.thread_pool.queue.length ({work_item} / 1 sec),Rate,299
06/06/2026 22:45:31,System.Runtime,dotnet.jit.compiled_methods ({method} / 1 sec),Rate,1
06/06/2026 22:45:31,System.Runtime,dotnet.jit.compiled_il.size (By / 1 sec),Rate,31
06/06/2026 22:45:31,System.Runtime,dotnet.gc.heap.total_allocated (By / 1 sec),Rate,36508720
06/06/2026 22:45:31,System.Runtime,dotnet.process.memory.working_set (By),Metric,803389440
06/06/2026 22:45:31,System.Runtime,dotnet.thread_pool.thread.count ({thread} / 1 sec),Rate,0
06/06/2026 22:45:31,System.Runtime,dotnet.gc.last_collection.heap.size (By)[gc.heap.generation=poh],Metric,189422640
06/06/2026 22:45:31,System.Runtime,dotnet.gc.last_collection.heap.size (By)[gc.heap.generation=loh],Metric,9327328
06/06/2026 22:45:31,System.Runtime,dotnet.gc.last_collection.heap.size (By)[gc.heap.generation=gen2],Metric,320270960
06/06/2026 22:45:31,System.Runtime,dotnet.gc.last_collection.heap.size (By)[gc.heap.generation=gen1],Metric,57816776
06/06/2026 22:45:31,System.Runtime,dotnet.gc.last_collection.heap.size (By)[gc.heap.generation=gen0],Metric,0
06/06/2026 22:45:31,System.Runtime,dotnet.timer.count ({timer}),Metric,12
06/06/2026 22:45:31,System.Runtime,dotnet.process.cpu.time (s / 1 sec)[cpu.mode=user],Rate,3.3318860000000257
06/06/2026 22:45:31,System.Runtime,dotnet.process.cpu.time (s / 1 sec)[cpu.mode=system],Rate,0.5275570000000016
06/06/2026 22:45:31,System.Runtime,dotnet.gc.collections ({collection} / 1 sec)[gc.heap.generation=gen2],Rate,0
06/06/2026 22:45:31,System.Runtime,dotnet.gc.collections ({collection} / 1 sec)[gc.heap.generation=gen0],Rate,0
06/06/2026 22:45:31,System.Runtime,dotnet.gc.collections ({collection} / 1 sec)[gc.heap.generation=gen1],Rate,0
06/06/2026 22:45:31,System.Runtime,dotnet.jit.compilation.time (s / 1 sec),Rate,0.0003479999999997929
06/06/2026 22:45:31,System.Runtime,dotnet.process.cpu.count ({cpu}),Metric,4
06/06/2026 22:45:31,System.Runtime,dotnet.exceptions ({exception} / 1 sec)[error.type=CachedInternalErrorException],Rate,0
06/06/2026 22:45:31,System.Runtime,dotnet.exceptions ({exception} / 1 sec)[error.type=CachedSocketException],Rate,0
06/06/2026 22:45:31,System.Runtime,dotnet.exceptions ({exception} / 1 sec)[error.type=SocketException],Rate,3476
06/06/2026 22:45:31,System.Runtime,dotnet.exceptions ({exception} / 1 sec)[error.type=CachedNetworkException],Rate,0
06/06/2026 22:45:32,System.Runtime,dotnet.thread_pool.work_item.count ({work_item} / 1 sec),Rate,64450
06/06/2026 22:45:32,System.Runtime,dotnet.monitor.lock_contentions ({contention} / 1 sec),Rate,81
06/06/2026 22:45:32,System.Runtime,dotnet.gc.last_collection.heap.fragmentation.size (By)[gc.heap.generation=poh],Metric,49560
06/06/2026 22:45:32,System.Runtime,dotnet.gc.last_collection.heap.fragmentation.size (By)[gc.heap.generation=loh],Metric,4712304
06/06/2026 22:45:32,System.Runtime,dotnet.gc.last_collection.heap.fragmentation.size (By)[gc.heap.generation=gen2],Metric,70017232
06/06/2026 22:45:32,System.Runtime,dotnet.gc.last_collection.heap.fragmentation.size (By)[gc.heap.generation=gen1],Metric,794432
06/06/2026 22:45:32,System.Runtime,dotnet.gc.last_collection.heap.fragmentation.size (By)[gc.heap.generation=gen0],Metric,0
06/06/2026 22:45:32,System.Runtime,dotnet.gc.pause.time (s / 1 sec),Rate,0
06/06/2026 22:45:32,System.Runtime,dotnet.gc.last_collection.memory.committed_size (By),Metric,724140032
06/06/2026 22:45:32,System.Runtime,dotnet.assembly.count ({assembly}),Metric,54
06/06/2026 22:45:32,System.Runtime,dotnet.thread_pool.queue.length ({work_item} / 1 sec),Rate,-632
06/06/2026 22:45:32,System.Runtime,dotnet.jit.compiled_methods ({method} / 1 sec),Rate,0
06/06/2026 22:45:32,System.Runtime,dotnet.jit.compiled_il.size (By / 1 sec),Rate,0
06/06/2026 22:45:32,System.Runtime,dotnet.gc.heap.total_allocated (By / 1 sec),Rate,35500352
06/06/2026 22:45:32,System.Runtime,dotnet.process.memory.working_set (By),Metric,806010880
06/06/2026 22:45:32,System.Runtime,dotnet.thread_pool.thread.count ({thread} / 1 sec),Rate,0
06/06/2026 22:45:32,System.Runtime,dotnet.gc.last_collection.heap.size (By)[gc.heap.generation=poh],Metric,189422640
06/06/2026 22:45:32,System.Runtime,dotnet.gc.last_collection.heap.size (By)[gc.heap.generation=loh],Metric,9327328
06/06/2026 22:45:32,System.Runtime,dotnet.gc.last_collection.heap.size (By)[gc.heap.generation=gen2],Metric,320270960
06/06/2026 22:45:32,System.Runtime,dotnet.gc.last_collection.heap.size (By)[gc.heap.generation=gen1],Metric,57816776
06/06/2026 22:45:32,System.Runtime,dotnet.gc.last_collection.heap.size (By)[gc.heap.generation=gen0],Metric,0
06/06/2026 22:45:32,System.Runtime,dotnet.timer.count ({timer}),Metric,28
06/06/2026 22:45:32,System.Runtime,dotnet.process.cpu.time (s / 1 sec)[cpu.mode=user],Rate,3.3063519999999755
06/06/2026 22:45:32,System.Runtime,dotnet.process.cpu.time (s / 1 sec)[cpu.mode=system],Rate,0.5161480000000012
06/06/2026 22:45:32,System.Runtime,dotnet.gc.collections ({collection} / 1 sec)[gc.heap.generation=gen2],Rate,0
06/06/2026 22:45:32,System.Runtime,dotnet.gc.collections ({collection} / 1 sec)[gc.heap.generation=gen0],Rate,0
06/06/2026 22:45:32,System.Runtime,dotnet.gc.collections ({collection} / 1 sec)[gc.heap.generation=gen1],Rate,0
06/06/2026 22:45:32,System.Runtime,dotnet.jit.compilation.time (s / 1 sec),Rate,0
06/06/2026 22:45:32,System.Runtime,dotnet.process.cpu.count ({cpu}),Metric,4
06/06/2026 22:45:32,System.Runtime,dotnet.exceptions ({exception} / 1 sec)[error.type=CachedInternalErrorException],Rate,0
06/06/2026 22:45:32,System.Runtime,dotnet.exceptions ({exception} / 1 sec)[error.type=CachedSocketException],Rate,0
06/06/2026 22:45:32,System.Runtime,dotnet.exceptions ({exception} / 1 sec)[error.type=SocketException],Rate,3140
06/06/2026 22:45:32,System.Runtime,dotnet.exceptions ({exception} / 1 sec)[error.type=CachedNetworkException],Rate,0
06/06/2026 22:45:33,System.Runtime,dotnet.thread_pool.work_item.count ({work_item} / 1 sec),Rate,96148
06/06/2026 22:45:33,System.Runtime,dotnet.monitor.lock_contentions ({contention} / 1 sec),Rate,160
06/06/2026 22:45:33,System.Runtime,dotnet.gc.last_collection.heap.fragmentation.size (By)[gc.heap.generation=poh],Metric,49560
06/06/2026 22:45:33,System.Runtime,dotnet.gc.last_collection.heap.fragmentation.size (By)[gc.heap.generation=loh],Metric,4712304
06/06/2026 22:45:33,System.Runtime,dotnet.gc.last_collection.heap.fragmentation.size (By)[gc.heap.generation=gen2],Metric,70017232
06/06/2026 22:45:33,System.Runtime,dotnet.gc.last_collection.heap.fragmentation.size (By)[gc.heap.generation=gen1],Metric,794432
06/06/2026 22:45:33,System.Runtime,dotnet.gc.last_collection.heap.fragmentation.size (By)[gc.heap.generation=gen0],Metric,0
06/06/2026 22:45:33,System.Runtime,dotnet.gc.pause.time (s / 1 sec),Rate,0
06/06/2026 22:45:33,System.Runtime,dotnet.gc.last_collection.memory.committed_size (By),Metric,724140032
06/06/2026 22:45:33,System.Runtime,dotnet.assembly.count ({assembly}),Metric,54
06/06/2026 22:45:33,System.Runtime,dotnet.thread_pool.queue.length ({work_item} / 1 sec),Rate,-2553
06/06/2026 22:45:33,System.Runtime,dotnet.jit.compiled_methods ({method} / 1 sec),Rate,0
06/06/2026 22:45:33,System.Runtime,dotnet.jit.compiled_il.size (By / 1 sec),Rate,0
06/06/2026 22:45:33,System.Runtime,dotnet.gc.heap.total_allocated (By / 1 sec),Rate,24912664
06/06/2026 22:45:33,System.Runtime,dotnet.process.memory.working_set (By),Metric,813875200
06/06/2026 22:45:33,System.Runtime,dotnet.thread_pool.thread.count ({thread} / 1 sec),Rate,-1
06/06/2026 22:45:33,System.Runtime,dotnet.gc.last_collection.heap.size (By)[gc.heap.generation=poh],Metric,189422640
06/06/2026 22:45:33,System.Runtime,dotnet.gc.last_collection.heap.size (By)[gc.heap.generation=loh],Metric,9327328
06/06/2026 22:45:33,System.Runtime,dotnet.gc.last_collection.heap.size (By)[gc.heap.generation=gen2],Metric,320270960
06/06/2026 22:45:33,System.Runtime,dotnet.gc.last_collection.heap.size (By)[gc.heap.generation=gen1],Metric,57816776
06/06/2026 22:45:33,System.Runtime,dotnet.gc.last_collection.heap.size (By)[gc.heap.generation=gen0],Metric,0
06/06/2026 22:45:33,System.Runtime,dotnet.timer.count ({timer}),Metric,28
06/06/2026 22:45:33,System.Runtime,dotnet.process.cpu.time (s / 1 sec)[cpu.mode=user],Rate,2.882725000000022
06/06/2026 22:45:33,System.Runtime,dotnet.process.cpu.time (s / 1 sec)[cpu.mode=system],Rate,0.846504000000003
06/06/2026 22:45:33,System.Runtime,dotnet.gc.collections ({collection} / 1 sec)[gc.heap.generation=gen2],Rate,0
06/06/2026 22:45:33,System.Runtime,dotnet.gc.collections ({collection} / 1 sec)[gc.heap.generation=gen0],Rate,0
06/06/2026 22:45:33,System.Runtime,dotnet.gc.collections ({collection} / 1 sec)[gc.heap.generation=gen1],Rate,0
06/06/2026 22:45:33,System.Runtime,dotnet.jit.compilation.time (s / 1 sec),Rate,0
06/06/2026 22:45:33,System.Runtime,dotnet.process.cpu.count ({cpu}),Metric,4
06/06/2026 22:45:33,System.Runtime,dotnet.exceptions ({exception} / 1 sec)[error.type=CachedInternalErrorException],Rate,0
06/06/2026 22:45:33,System.Runtime,dotnet.exceptions ({exception} / 1 sec)[error.type=CachedSocketException],Rate,0
06/06/2026 22:45:33,System.Runtime,dotnet.exceptions ({exception} / 1 sec)[error.type=SocketException],Rate,0
06/06/2026 22:45:33,System.Runtime,dotnet.exceptions ({exception} / 1 sec)[error.type=CachedNetworkException],Rate,0
06/06/2026 22:45:34,System.Runtime,dotnet.thread_pool.work_item.count ({work_item} / 1 sec),Rate,104166
06/06/2026 22:45:34,System.Runtime,dotnet.monitor.lock_contentions ({contention} / 1 sec),Rate,270
06/06/2026 22:45:34,System.Runtime,dotnet.gc.last_collection.heap.fragmentation.size (By)[gc.heap.generation=poh],Metric,49560
06/06/2026 22:45:34,System.Runtime,dotnet.gc.last_collection.heap.fragmentation.size (By)[gc.heap.generation=loh],Metric,4712304
06/06/2026 22:45:34,System.Runtime,dotnet.gc.last_collection.heap.fragmentation.size (By)[gc.heap.generation=gen2],Metric,70017232
06/06/2026 22:45:34,System.Runtime,dotnet.gc.last_collection.heap.fragmentation.size (By)[gc.heap.generation=gen1],Metric,794432
06/06/2026 22:45:34,System.Runtime,dotnet.gc.last_collection.heap.fragmentation.size (By)[gc.heap.generation=gen0],Metric,0
06/06/2026 22:45:34,System.Runtime,dotnet.gc.pause.time (s / 1 sec),Rate,0
06/06/2026 22:45:34,System.Runtime,dotnet.gc.last_collection.memory.committed_size (By),Metric,724140032
06/06/2026 22:45:34,System.Runtime,dotnet.assembly.count ({assembly}),Metric,54
06/06/2026 22:45:34,System.Runtime,dotnet.thread_pool.queue.length ({work_item} / 1 sec),Rate,-498
06/06/2026 22:45:34,System.Runtime,dotnet.jit.compiled_methods ({method} / 1 sec),Rate,0
06/06/2026 22:45:34,System.Runtime,dotnet.jit.compiled_il.size (By / 1 sec),Rate,0
06/06/2026 22:45:34,System.Runtime,dotnet.gc.heap.total_allocated (By / 1 sec),Rate,27386184
06/06/2026 22:45:34,System.Runtime,dotnet.process.memory.working_set (By),Metric,826982400
06/06/2026 22:45:34,System.Runtime,dotnet.thread_pool.thread.count ({thread} / 1 sec),Rate,0
06/06/2026 22:45:34,System.Runtime,dotnet.gc.last_collection.heap.size (By)[gc.heap.generation=poh],Metric,189422640
06/06/2026 22:45:34,System.Runtime,dotnet.gc.last_collection.heap.size (By)[gc.heap.generation=loh],Metric,9327328
06/06/2026 22:45:34,System.Runtime,dotnet.gc.last_collection.heap.size (By)[gc.heap.generation=gen2],Metric,320270960
06/06/2026 22:45:34,System.Runtime,dotnet.gc.last_collection.heap.size (By)[gc.heap.generation=gen1],Metric,57816776
06/06/2026 22:45:34,System.Runtime,dotnet.gc.last_collection.heap.size (By)[gc.heap.generation=gen0],Metric,0
06/06/2026 22:45:34,System.Runtime,dotnet.timer.count ({timer}),Metric,28
06/06/2026 22:45:34,System.Runtime,dotnet.process.cpu.time (s / 1 sec)[cpu.mode=user],Rate,2.705709999999982
06/06/2026 22:45:34,System.Runtime,dotnet.process.cpu.time (s / 1 sec)[cpu.mode=system],Rate,0.767083999999997
06/06/2026 22:45:34,System.Runtime,dotnet.gc.collections ({collection} / 1 sec)[gc.heap.generation=gen2],Rate,0
06/06/2026 22:45:34,System.Runtime,dotnet.gc.collections ({collection} / 1 sec)[gc.heap.generation=gen0],Rate,0
06/06/2026 22:45:34,System.Runtime,dotnet.gc.collections ({collection} / 1 sec)[gc.heap.generation=gen1],Rate,0
06/06/2026 22:45:34,System.Runtime,dotnet.jit.compilation.time (s / 1 sec),Rate,0
06/06/2026 22:45:34,System.Runtime,dotnet.process.cpu.count ({cpu}),Metric,4
06/06/2026 22:45:34,System.Runtime,dotnet.exceptions ({exception} / 1 sec)[error.type=CachedInternalErrorException],Rate,0
06/06/2026 22:45:34,System.Runtime,dotnet.exceptions ({exception} / 1 sec)[error.type=CachedSocketException],Rate,0
06/06/2026 22:45:34,System.Runtime,dotnet.exceptions ({exception} / 1 sec)[error.type=SocketException],Rate,0
06/06/2026 22:45:34,System.Runtime,dotnet.exceptions ({exception} / 1 sec)[error.type=CachedNetworkException],Rate,0
06/06/2026 22:45:35,System.Runtime,dotnet.thread_pool.work_item.count ({work_item} / 1 sec),Rate,70767
06/06/2026 22:45:35,System.Runtime,dotnet.monitor.lock_contentions ({contention} / 1 sec),Rate,815
06/06/2026 22:45:35,System.Runtime,dotnet.gc.last_collection.heap.fragmentation.size (By)[gc.heap.generation=poh],Metric,49560
06/06/2026 22:45:35,System.Runtime,dotnet.gc.last_collection.heap.fragmentation.size (By)[gc.heap.generation=loh],Metric,4712304
06/06/2026 22:45:35,System.Runtime,dotnet.gc.last_collection.heap.fragmentation.size (By)[gc.heap.generation=gen2],Metric,70017232
06/06/2026 22:45:35,System.Runtime,dotnet.gc.last_collection.heap.fragmentation.size (By)[gc.heap.generation=gen1],Metric,794432
06/06/2026 22:45:35,System.Runtime,dotnet.gc.last_collection.heap.fragmentation.size (By)[gc.heap.generation=gen0],Metric,0
06/06/2026 22:45:35,System.Runtime,dotnet.gc.pause.time (s / 1 sec),Rate,0
06/06/2026 22:45:35,System.Runtime,dotnet.gc.last_collection.memory.committed_size (By),Metric,724140032
06/06/2026 22:45:35,System.Runtime,dotnet.assembly.count ({assembly}),Metric,54
06/06/2026 22:45:35,System.Runtime,dotnet.thread_pool.queue.length ({work_item} / 1 sec),Rate,41
06/06/2026 22:45:35,System.Runtime,dotnet.jit.compiled_methods ({method} / 1 sec),Rate,0
06/06/2026 22:45:35,System.Runtime,dotnet.jit.compiled_il.size (By / 1 sec),Rate,0
06/06/2026 22:45:35,System.Runtime,dotnet.gc.heap.total_allocated (By / 1 sec),Rate,22525864
06/06/2026 22:45:35,System.Runtime,dotnet.process.memory.working_set (By),Metric,845332480
06/06/2026 22:45:35,System.Runtime,dotnet.thread_pool.thread.count ({thread} / 1 sec),Rate,0
06/06/2026 22:45:35,System.Runtime,dotnet.gc.last_collection.heap.size (By)[gc.heap.generation=poh],Metric,189422640
06/06/2026 22:45:35,System.Runtime,dotnet.gc.last_collection.heap.size (By)[gc.heap.generation=loh],Metric,9327328
06/06/2026 22:45:35,System.Runtime,dotnet.gc.last_collection.heap.size (By)[gc.heap.generation=gen2],Metric,320270960
06/06/2026 22:45:35,System.Runtime,dotnet.gc.last_collection.heap.size (By)[gc.heap.generation=gen1],Metric,57816776
06/06/2026 22:45:35,System.Runtime,dotnet.gc.last_collection.heap.size (By)[gc.heap.generation=gen0],Metric,0
06/06/2026 22:45:35,System.Runtime,dotnet.timer.count ({timer}),Metric,29
06/06/2026 22:45:35,System.Runtime,dotnet.process.cpu.time (s / 1 sec)[cpu.mode=user],Rate,1.3479750000000195
06/06/2026 22:45:35,System.Runtime,dotnet.process.cpu.time (s / 1 sec)[cpu.mode=system],Rate,0.30605400000000316
06/06/2026 22:45:35,System.Runtime,dotnet.gc.collections ({collection} / 1 sec)[gc.heap.generation=gen2],Rate,0
06/06/2026 22:45:35,System.Runtime,dotnet.gc.collections ({collection} / 1 sec)[gc.heap.generation=gen0],Rate,0
06/06/2026 22:45:35,System.Runtime,dotnet.gc.collections ({collection} / 1 sec)[gc.heap.generation=gen1],Rate,0
06/06/2026 22:45:35,System.Runtime,dotnet.jit.compilation.time (s / 1 sec),Rate,0
06/06/2026 22:45:35,System.Runtime,dotnet.process.cpu.count ({cpu}),Metric,4
06/06/2026 22:45:35,System.Runtime,dotnet.exceptions ({exception} / 1 sec)[error.type=CachedInternalErrorException],Rate,0
06/06/2026 22:45:35,System.Runtime,dotnet.exceptions ({exception} / 1 sec)[error.type=CachedSocketException],Rate,0
06/06/2026 22:45:35,System.Runtime,dotnet.exceptions ({exception} / 1 sec)[error.type=SocketException],Rate,0
06/06/2026 22:45:35,System.Runtime,dotnet.exceptions ({exception} / 1 sec)[error.type=CachedNetworkException],Rate,0
06/06/2026 22:45:36,System.Runtime,dotnet.thread_pool.work_item.count ({work_item} / 1 sec),Rate,93263
06/06/2026 22:45:36,System.Runtime,dotnet.monitor.lock_contentions ({contention} / 1 sec),Rate,1119
06/06/2026 22:45:36,System.Runtime,dotnet.gc.last_collection.heap.fragmentation.size (By)[gc.heap.generation=poh],Metric,49560
06/06/2026 22:45:36,System.Runtime,dotnet.gc.last_collection.heap.fragmentation.size (By)[gc.heap.generation=loh],Metric,4712304
06/06/2026 22:45:36,System.Runtime,dotnet.gc.last_collection.heap.fragmentation.size (By)[gc.heap.generation=gen2],Metric,70017232
06/06/2026 22:45:36,System.Runtime,dotnet.gc.last_collection.heap.fragmentation.size (By)[gc.heap.generation=gen1],Metric,794432
06/06/2026 22:45:36,System.Runtime,dotnet.gc.last_collection.heap.fragmentation.size (By)[gc.heap.generation=gen0],Metric,0
06/06/2026 22:45:36,System.Runtime,dotnet.gc.pause.time (s / 1 sec),Rate,0
06/06/2026 22:45:36,System.Runtime,dotnet.gc.last_collection.memory.committed_size (By),Metric,724140032
06/06/2026 22:45:36,System.Runtime,dotnet.assembly.count ({assembly}),Metric,54
06/06/2026 22:45:36,System.Runtime,dotnet.thread_pool.queue.length ({work_item} / 1 sec),Rate,-64
06/06/2026 22:45:36,System.Runtime,dotnet.jit.compiled_methods ({method} / 1 sec),Rate,0
06/06/2026 22:45:36,System.Runtime,dotnet.jit.compiled_il.size (By / 1 sec),Rate,0
06/06/2026 22:45:36,System.Runtime,dotnet.gc.heap.total_allocated (By / 1 sec),Rate,30534104
06/06/2026 22:45:36,System.Runtime,dotnet.process.memory.working_set (By),Metric,875741184
06/06/2026 22:45:36,System.Runtime,dotnet.thread_pool.thread.count ({thread} / 1 sec),Rate,0
06/06/2026 22:45:36,System.Runtime,dotnet.gc.last_collection.heap.size (By)[gc.heap.generation=poh],Metric,189422640
06/06/2026 22:45:36,System.Runtime,dotnet.gc.last_collection.heap.size (By)[gc.heap.generation=loh],Metric,9327328
06/06/2026 22:45:36,System.Runtime,dotnet.gc.last_collection.heap.size (By)[gc.heap.generation=gen2],Metric,320270960
06/06/2026 22:45:36,System.Runtime,dotnet.gc.last_collection.heap.size (By)[gc.heap.generation=gen1],Metric,57816776
06/06/2026 22:45:36,System.Runtime,dotnet.gc.last_collection.heap.size (By)[gc.heap.generation=gen0],Metric,0
06/06/2026 22:45:36,System.Runtime,dotnet.timer.count ({timer}),Metric,28
06/06/2026 22:45:36,System.Runtime,dotnet.process.cpu.time (s / 1 sec)[cpu.mode=user],Rate,1.6238659999999925
06/06/2026 22:45:36,System.Runtime,dotnet.process.cpu.time (s / 1 sec)[cpu.mode=system],Rate,0.43747099999999506
06/06/2026 22:45:36,System.Runtime,dotnet.gc.collections ({collection} / 1 sec)[gc.heap.generation=gen2],Rate,0
06/06/2026 22:45:36,System.Runtime,dotnet.gc.collections ({collection} / 1 sec)[gc.heap.generation=gen0],Rate,0
06/06/2026 22:45:36,System.Runtime,dotnet.gc.collections ({collection} / 1 sec)[gc.heap.generation=gen1],Rate,0
06/06/2026 22:45:36,System.Runtime,dotnet.jit.compilation.time (s / 1 sec),Rate,0
06/06/2026 22:45:36,System.Runtime,dotnet.process.cpu.count ({cpu}),Metric,4
06/06/2026 22:45:36,System.Runtime,dotnet.exceptions ({exception} / 1 sec)[error.type=CachedInternalErrorException],Rate,0
06/06/2026 22:45:36,System.Runtime,dotnet.exceptions ({exception} / 1 sec)[error.type=CachedSocketException],Rate,0
06/06/2026 22:45:36,System.Runtime,dotnet.exceptions ({exception} / 1 sec)[error.type=SocketException],Rate,0
06/06/2026 22:45:36,System.Runtime,dotnet.exceptions ({exception} / 1 sec)[error.type=CachedNetworkException],Rate,0
06/06/2026 22:45:37,System.Runtime,dotnet.thread_pool.work_item.count ({work_item} / 1 sec),Rate,78842
06/06/2026 22:45:37,System.Runtime,dotnet.monitor.lock_contentions ({contention} / 1 sec),Rate,980
06/06/2026 22:45:37,System.Runtime,dotnet.gc.last_collection.heap.fragmentation.size (By)[gc.heap.generation=poh],Metric,49560
06/06/2026 22:45:37,System.Runtime,dotnet.gc.last_collection.heap.fragmentation.size (By)[gc.heap.generation=loh],Metric,4712304
06/06/2026 22:45:37,System.Runtime,dotnet.gc.last_collection.heap.fragmentation.size (By)[gc.heap.generation=gen2],Metric,70017232
06/06/2026 22:45:37,System.Runtime,dotnet.gc.last_collection.heap.fragmentation.size (By)[gc.heap.generation=gen1],Metric,794432
06/06/2026 22:45:37,System.Runtime,dotnet.gc.last_collection.heap.fragmentation.size (By)[gc.heap.generation=gen0],Metric,0
06/06/2026 22:45:37,System.Runtime,dotnet.gc.pause.time (s / 1 sec),Rate,0
06/06/2026 22:45:37,System.Runtime,dotnet.gc.last_collection.memory.committed_size (By),Metric,724140032
06/06/2026 22:45:37,System.Runtime,dotnet.assembly.count ({assembly}),Metric,54
06/06/2026 22:45:37,System.Runtime,dotnet.thread_pool.queue.length ({work_item} / 1 sec),Rate,55
06/06/2026 22:45:37,System.Runtime,dotnet.jit.compiled_methods ({method} / 1 sec),Rate,0
06/06/2026 22:45:37,System.Runtime,dotnet.jit.compiled_il.size (By / 1 sec),Rate,0
06/06/2026 22:45:37,System.Runtime,dotnet.gc.heap.total_allocated (By / 1 sec),Rate,24921408
06/06/2026 22:45:37,System.Runtime,dotnet.process.memory.working_set (By),Metric,900907008
06/06/2026 22:45:37,System.Runtime,dotnet.thread_pool.thread.count ({thread} / 1 sec),Rate,0
06/06/2026 22:45:37,System.Runtime,dotnet.gc.last_collection.heap.size (By)[gc.heap.generation=poh],Metric,189422640
06/06/2026 22:45:37,System.Runtime,dotnet.gc.last_collection.heap.size (By)[gc.heap.generation=loh],Metric,9327328
06/06/2026 22:45:37,System.Runtime,dotnet.gc.last_collection.heap.size (By)[gc.heap.generation=gen2],Metric,320270960
06/06/2026 22:45:37,System.Runtime,dotnet.gc.last_collection.heap.size (By)[gc.heap.generation=gen1],Metric,57816776
06/06/2026 22:45:37,System.Runtime,dotnet.gc.last_collection.heap.size (By)[gc.heap.generation=gen0],Metric,0
06/06/2026 22:45:37,System.Runtime,dotnet.timer.count ({timer}),Metric,28
06/06/2026 22:45:37,System.Runtime,dotnet.process.cpu.time (s / 1 sec)[cpu.mode=user],Rate,1.4164260000000013
06/06/2026 22:45:37,System.Runtime,dotnet.process.cpu.time (s / 1 sec)[cpu.mode=system],Rate,0.43436100000000266
06/06/2026 22:45:37,System.Runtime,dotnet.gc.collections ({collection} / 1 sec)[gc.heap.generation=gen2],Rate,0
06/06/2026 22:45:37,System.Runtime,dotnet.gc.collections ({collection} / 1 sec)[gc.heap.generation=gen0],Rate,0
06/06/2026 22:45:37,System.Runtime,dotnet.gc.collections ({collection} / 1 sec)[gc.heap.generation=gen1],Rate,0
06/06/2026 22:45:37,System.Runtime,dotnet.jit.compilation.time (s / 1 sec),Rate,0
06/06/2026 22:45:37,System.Runtime,dotnet.process.cpu.count ({cpu}),Metric,4
06/06/2026 22:45:37,System.Runtime,dotnet.exceptions ({exception} / 1 sec)[error.type=CachedInternalErrorException],Rate,0
06/06/2026 22:45:37,System.Runtime,dotnet.exceptions ({exception} / 1 sec)[error.type=CachedSocketException],Rate,0
06/06/2026 22:45:37,System.Runtime,dotnet.exceptions ({exception} / 1 sec)[error.type=SocketException],Rate,0
06/06/2026 22:45:37,System.Runtime,dotnet.exceptions ({exception} / 1 sec)[error.type=CachedNetworkException],Rate,0
06/06/2026 22:45:38,System.Runtime,dotnet.thread_pool.work_item.count ({work_item} / 1 sec),Rate,102950
06/06/2026 22:45:38,System.Runtime,dotnet.monitor.lock_contentions ({contention} / 1 sec),Rate,697
06/06/2026 22:45:38,System.Runtime,dotnet.gc.last_collection.heap.fragmentation.size (By)[gc.heap.generation=poh],Metric,49560
06/06/2026 22:45:38,System.Runtime,dotnet.gc.last_collection.heap.fragmentation.size (By)[gc.heap.generation=loh],Metric,4712304
06/06/2026 22:45:38,System.Runtime,dotnet.gc.last_collection.heap.fragmentation.size (By)[gc.heap.generation=gen2],Metric,70017232
06/06/2026 22:45:38,System.Runtime,dotnet.gc.last_collection.heap.fragmentation.size (By)[gc.heap.generation=gen1],Metric,794432
06/06/2026 22:45:38,System.Runtime,dotnet.gc.last_collection.heap.fragmentation.size (By)[gc.heap.generation=gen0],Metric,0
06/06/2026 22:45:38,System.Runtime,dotnet.gc.pause.time (s / 1 sec),Rate,0
06/06/2026 22:45:38,System.Runtime,dotnet.gc.last_collection.memory.committed_size (By),Metric,724140032
06/06/2026 22:45:38,System.Runtime,dotnet.assembly.count ({assembly}),Metric,54
06/06/2026 22:45:38,System.Runtime,dotnet.thread_pool.queue.length ({work_item} / 1 sec),Rate,4
06/06/2026 22:45:38,System.Runtime,dotnet.jit.compiled_methods ({method} / 1 sec),Rate,1
06/06/2026 22:45:38,System.Runtime,dotnet.jit.compiled_il.size (By / 1 sec),Rate,8
06/06/2026 22:45:38,System.Runtime,dotnet.gc.heap.total_allocated (By / 1 sec),Rate,27720768
06/06/2026 22:45:38,System.Runtime,dotnet.process.memory.working_set (By),Metric,929742848
06/06/2026 22:45:38,System.Runtime,dotnet.thread_pool.thread.count ({thread} / 1 sec),Rate,0
06/06/2026 22:45:38,System.Runtime,dotnet.gc.last_collection.heap.size (By)[gc.heap.generation=poh],Metric,189422640
06/06/2026 22:45:38,System.Runtime,dotnet.gc.last_collection.heap.size (By)[gc.heap.generation=loh],Metric,9327328
06/06/2026 22:45:38,System.Runtime,dotnet.gc.last_collection.heap.size (By)[gc.heap.generation=gen2],Metric,320270960
06/06/2026 22:45:38,System.Runtime,dotnet.gc.last_collection.heap.size (By)[gc.heap.generation=gen1],Metric,57816776
06/06/2026 22:45:38,System.Runtime,dotnet.gc.last_collection.heap.size (By)[gc.heap.generation=gen0],Metric,0
06/06/2026 22:45:38,System.Runtime,dotnet.timer.count ({timer}),Metric,28
06/06/2026 22:45:38,System.Runtime,dotnet.process.cpu.time (s / 1 sec)[cpu.mode=user],Rate,2.4868040000000065
06/06/2026 22:45:38,System.Runtime,dotnet.process.cpu.time (s / 1 sec)[cpu.mode=system],Rate,0.6788349999999994
06/06/2026 22:45:38,System.Runtime,dotnet.gc.collections ({collection} / 1 sec)[gc.heap.generation=gen2],Rate,0
06/06/2026 22:45:38,System.Runtime,dotnet.gc.collections ({collection} / 1 sec)[gc.heap.generation=gen0],Rate,0
06/06/2026 22:45:38,System.Runtime,dotnet.gc.collections ({collection} / 1 sec)[gc.heap.generation=gen1],Rate,0
06/06/2026 22:45:38,System.Runtime,dotnet.jit.compilation.time (s / 1 sec),Rate,0.00019420000000014426
06/06/2026 22:45:38,System.Runtime,dotnet.process.cpu.count ({cpu}),Metric,4
06/06/2026 22:45:38,System.Runtime,dotnet.exceptions ({exception} / 1 sec)[error.type=CachedInternalErrorException],Rate,0
06/06/2026 22:45:38,System.Runtime,dotnet.exceptions ({exception} / 1 sec)[error.type=CachedSocketException],Rate,0
06/06/2026 22:45:38,System.Runtime,dotnet.exceptions ({exception} / 1 sec)[error.type=SocketException],Rate,0
06/06/2026 22:45:38,System.Runtime,dotnet.exceptions ({exception} / 1 sec)[error.type=CachedNetworkException],Rate,0
06/06/2026 22:45:39,System.Runtime,dotnet.thread_pool.work_item.count ({work_item} / 1 sec),Rate,87548
06/06/2026 22:45:39,System.Runtime,dotnet.monitor.lock_contentions ({contention} / 1 sec),Rate,383
06/06/2026 22:45:39,System.Runtime,dotnet.gc.last_collection.heap.fragmentation.size (By)[gc.heap.generation=poh],Metric,49560
06/06/2026 22:45:39,System.Runtime,dotnet.gc.last_collection.heap.fragmentation.size (By)[gc.heap.generation=loh],Metric,4712304
06/06/2026 22:45:39,System.Runtime,dotnet.gc.last_collection.heap.fragmentation.size (By)[gc.heap.generation=gen2],Metric,70017232
06/06/2026 22:45:39,System.Runtime,dotnet.gc.last_collection.heap.fragmentation.size (By)[gc.heap.generation=gen1],Metric,1424096
06/06/2026 22:45:39,System.Runtime,dotnet.gc.last_collection.heap.fragmentation.size (By)[gc.heap.generation=gen0],Metric,0
06/06/2026 22:45:39,System.Runtime,dotnet.gc.pause.time (s / 1 sec),Rate,0.15964
06/06/2026 22:45:39,System.Runtime,dotnet.gc.last_collection.memory.committed_size (By),Metric,860667904
06/06/2026 22:45:39,System.Runtime,dotnet.assembly.count ({assembly}),Metric,54
06/06/2026 22:45:39,System.Runtime,dotnet.thread_pool.queue.length ({work_item} / 1 sec),Rate,-14
06/06/2026 22:45:39,System.Runtime,dotnet.jit.compiled_methods ({method} / 1 sec),Rate,0
06/06/2026 22:45:39,System.Runtime,dotnet.jit.compiled_il.size (By / 1 sec),Rate,0
06/06/2026 22:45:39,System.Runtime,dotnet.gc.heap.total_allocated (By / 1 sec),Rate,22557592
06/06/2026 22:45:39,System.Runtime,dotnet.process.memory.working_set (By),Metric,940752896
06/06/2026 22:45:39,System.Runtime,dotnet.thread_pool.thread.count ({thread} / 1 sec),Rate,0
06/06/2026 22:45:39,System.Runtime,dotnet.gc.last_collection.heap.size (By)[gc.heap.generation=poh],Metric,189422640
06/06/2026 22:45:39,System.Runtime,dotnet.gc.last_collection.heap.size (By)[gc.heap.generation=loh],Metric,9327328
06/06/2026 22:45:39,System.Runtime,dotnet.gc.last_collection.heap.size (By)[gc.heap.generation=gen2],Metric,320270960
06/06/2026 22:45:39,System.Runtime,dotnet.gc.last_collection.heap.size (By)[gc.heap.generation=gen1],Metric,104617176
06/06/2026 22:45:39,System.Runtime,dotnet.gc.last_collection.heap.size (By)[gc.heap.generation=gen0],Metric,0
06/06/2026 22:45:39,System.Runtime,dotnet.timer.count ({timer}),Metric,28
06/06/2026 22:45:39,System.Runtime,dotnet.process.cpu.time (s / 1 sec)[cpu.mode=user],Rate,2.8708839999999896
06/06/2026 22:45:39,System.Runtime,dotnet.process.cpu.time (s / 1 sec)[cpu.mode=system],Rate,0.6342550000000031
06/06/2026 22:45:39,System.Runtime,dotnet.gc.collections ({collection} / 1 sec)[gc.heap.generation=gen2],Rate,0
06/06/2026 22:45:39,System.Runtime,dotnet.gc.collections ({collection} / 1 sec)[gc.heap.generation=gen0],Rate,1
06/06/2026 22:45:39,System.Runtime,dotnet.gc.collections ({collection} / 1 sec)[gc.heap.generation=gen1],Rate,0
06/06/2026 22:45:39,System.Runtime,dotnet.jit.compilation.time (s / 1 sec),Rate,0
06/06/2026 22:45:39,System.Runtime,dotnet.process.cpu.count ({cpu}),Metric,4
06/06/2026 22:45:39,System.Runtime,dotnet.exceptions ({exception} / 1 sec)[error.type=CachedInternalErrorException],Rate,0
06/06/2026 22:45:39,System.Runtime,dotnet.exceptions ({exception} / 1 sec)[error.type=CachedSocketException],Rate,0
06/06/2026 22:45:39,System.Runtime,dotnet.exceptions ({exception} / 1 sec)[error.type=SocketException],Rate,0
06/06/2026 22:45:39,System.Runtime,dotnet.exceptions ({exception} / 1 sec)[error.type=CachedNetworkException],Rate,0
06/06/2026 22:45:40,System.Runtime,dotnet.thread_pool.work_item.count ({work_item} / 1 sec),Rate,77696
06/06/2026 22:45:40,System.Runtime,dotnet.monitor.lock_contentions ({contention} / 1 sec),Rate,277
06/06/2026 22:45:40,System.Runtime,dotnet.gc.last_collection.heap.fragmentation.size (By)[gc.heap.generation=poh],Metric,49560
06/06/2026 22:45:40,System.Runtime,dotnet.gc.last_collection.heap.fragmentation.size (By)[gc.heap.generation=loh],Metric,4712304
06/06/2026 22:45:40,System.Runtime,dotnet.gc.last_collection.heap.fragmentation.size (By)[gc.heap.generation=gen2],Metric,70017232
06/06/2026 22:45:40,System.Runtime,dotnet.gc.last_collection.heap.fragmentation.size (By)[gc.heap.generation=gen1],Metric,1424096
06/06/2026 22:45:40,System.Runtime,dotnet.gc.last_collection.heap.fragmentation.size (By)[gc.heap.generation=gen0],Metric,0
06/06/2026 22:45:40,System.Runtime,dotnet.gc.pause.time (s / 1 sec),Rate,0
06/06/2026 22:45:40,System.Runtime,dotnet.gc.last_collection.memory.committed_size (By),Metric,860667904
06/06/2026 22:45:40,System.Runtime,dotnet.assembly.count ({assembly}),Metric,54
06/06/2026 22:45:40,System.Runtime,dotnet.thread_pool.queue.length ({work_item} / 1 sec),Rate,28
06/06/2026 22:45:40,System.Runtime,dotnet.jit.compiled_methods ({method} / 1 sec),Rate,0
06/06/2026 22:45:40,System.Runtime,dotnet.jit.compiled_il.size (By / 1 sec),Rate,0
06/06/2026 22:45:40,System.Runtime,dotnet.gc.heap.total_allocated (By / 1 sec),Rate,25317320
06/06/2026 22:45:40,System.Runtime,dotnet.process.memory.working_set (By),Metric,940752896
06/06/2026 22:45:40,System.Runtime,dotnet.thread_pool.thread.count ({thread} / 1 sec),Rate,0
06/06/2026 22:45:40,System.Runtime,dotnet.gc.last_collection.heap.size (By)[gc.heap.generation=poh],Metric,189422640
06/06/2026 22:45:40,System.Runtime,dotnet.gc.last_collection.heap.size (By)[gc.heap.generation=loh],Metric,9327328
06/06/2026 22:45:40,System.Runtime,dotnet.gc.last_collection.heap.size (By)[gc.heap.generation=gen2],Metric,320270960
06/06/2026 22:45:40,System.Runtime,dotnet.gc.last_collection.heap.size (By)[gc.heap.generation=gen1],Metric,104617176
06/06/2026 22:45:40,System.Runtime,dotnet.gc.last_collection.heap.size (By)[gc.heap.generation=gen0],Metric,0
06/06/2026 22:45:40,System.Runtime,dotnet.timer.count ({timer}),Metric,28
06/06/2026 22:45:40,System.Runtime,dotnet.process.cpu.time (s / 1 sec)[cpu.mode=user],Rate,1.2636109999999974
06/06/2026 22:45:40,System.Runtime,dotnet.process.cpu.time (s / 1 sec)[cpu.mode=system],Rate,0.396694999999994
06/06/2026 22:45:40,System.Runtime,dotnet.gc.collections ({collection} / 1 sec)[gc.heap.generation=gen2],Rate,0
06/06/2026 22:45:40,System.Runtime,dotnet.gc.collections ({collection} / 1 sec)[gc.heap.generation=gen0],Rate,0
06/06/2026 22:45:40,System.Runtime,dotnet.gc.collections ({collection} / 1 sec)[gc.heap.generation=gen1],Rate,0
06/06/2026 22:45:40,System.Runtime,dotnet.jit.compilation.time (s / 1 sec),Rate,0
06/06/2026 22:45:40,System.Runtime,dotnet.process.cpu.count ({cpu}),Metric,4
06/06/2026 22:45:40,System.Runtime,dotnet.exceptions ({exception} / 1 sec)[error.type=CachedInternalErrorException],Rate,0
06/06/2026 22:45:40,System.Runtime,dotnet.exceptions ({exception} / 1 sec)[error.type=CachedSocketException],Rate,0
06/06/2026 22:45:40,System.Runtime,dotnet.exceptions ({exception} / 1 sec)[error.type=SocketException],Rate,0
06/06/2026 22:45:40,System.Runtime,dotnet.exceptions ({exception} / 1 sec)[error.type=CachedNetworkException],Rate,0
06/06/2026 22:45:41,System.Runtime,dotnet.thread_pool.work_item.count ({work_item} / 1 sec),Rate,94266
06/06/2026 22:45:41,System.Runtime,dotnet.monitor.lock_contentions ({contention} / 1 sec),Rate,460
06/06/2026 22:45:41,System.Runtime,dotnet.gc.last_collection.heap.fragmentation.size (By)[gc.heap.generation=poh],Metric,49560
06/06/2026 22:45:41,System.Runtime,dotnet.gc.last_collection.heap.fragmentation.size (By)[gc.heap.generation=loh],Metric,4712304
06/06/2026 22:45:41,System.Runtime,dotnet.gc.last_collection.heap.fragmentation.size (By)[gc.heap.generation=gen2],Metric,70017232
06/06/2026 22:45:41,System.Runtime,dotnet.gc.last_collection.heap.fragmentation.size (By)[gc.heap.generation=gen1],Metric,1424096
06/06/2026 22:45:41,System.Runtime,dotnet.gc.last_collection.heap.fragmentation.size (By)[gc.heap.generation=gen0],Metric,0
06/06/2026 22:45:41,System.Runtime,dotnet.gc.pause.time (s / 1 sec),Rate,0
06/06/2026 22:45:41,System.Runtime,dotnet.gc.last_collection.memory.committed_size (By),Metric,860667904
06/06/2026 22:45:41,System.Runtime,dotnet.assembly.count ({assembly}),Metric,54
06/06/2026 22:45:41,System.Runtime,dotnet.thread_pool.queue.length ({work_item} / 1 sec),Rate,-73
06/06/2026 22:45:41,System.Runtime,dotnet.jit.compiled_methods ({method} / 1 sec),Rate,0
06/06/2026 22:45:41,System.Runtime,dotnet.jit.compiled_il.size (By / 1 sec),Rate,0
06/06/2026 22:45:41,System.Runtime,dotnet.gc.heap.total_allocated (By / 1 sec),Rate,30550272
06/06/2026 22:45:41,System.Runtime,dotnet.process.memory.working_set (By),Metric,940752896
06/06/2026 22:45:41,System.Runtime,dotnet.thread_pool.thread.count ({thread} / 1 sec),Rate,0
06/06/2026 22:45:41,System.Runtime,dotnet.gc.last_collection.heap.size (By)[gc.heap.generation=poh],Metric,189422640
06/06/2026 22:45:41,System.Runtime,dotnet.gc.last_collection.heap.size (By)[gc.heap.generation=loh],Metric,9327328
06/06/2026 22:45:41,System.Runtime,dotnet.gc.last_collection.heap.size (By)[gc.heap.generation=gen2],Metric,320270960
06/06/2026 22:45:41,System.Runtime,dotnet.gc.last_collection.heap.size (By)[gc.heap.generation=gen1],Metric,104617176
06/06/2026 22:45:41,System.Runtime,dotnet.gc.last_collection.heap.size (By)[gc.heap.generation=gen0],Metric,0
06/06/2026 22:45:41,System.Runtime,dotnet.timer.count ({timer}),Metric,28
06/06/2026 22:45:41,System.Runtime,dotnet.process.cpu.time (s / 1 sec)[cpu.mode=user],Rate,1.5868499999999983
06/06/2026 22:45:41,System.Runtime,dotnet.process.cpu.time (s / 1 sec)[cpu.mode=system],Rate,0.452099000000004
06/06/2026 22:45:41,System.Runtime,dotnet.gc.collections ({collection} / 1 sec)[gc.heap.generation=gen2],Rate,0
06/06/2026 22:45:41,System.Runtime,dotnet.gc.collections ({collection} / 1 sec)[gc.heap.generation=gen0],Rate,0
06/06/2026 22:45:41,System.Runtime,dotnet.gc.collections ({collection} / 1 sec)[gc.heap.generation=gen1],Rate,0
06/06/2026 22:45:41,System.Runtime,dotnet.jit.compilation.time (s / 1 sec),Rate,0
06/06/2026 22:45:41,System.Runtime,dotnet.process.cpu.count ({cpu}),Metric,4
06/06/2026 22:45:41,System.Runtime,dotnet.exceptions ({exception} / 1 sec)[error.type=CachedInternalErrorException],Rate,0
06/06/2026 22:45:41,System.Runtime,dotnet.exceptions ({exception} / 1 sec)[error.type=CachedSocketException],Rate,0
06/06/2026 22:45:41,System.Runtime,dotnet.exceptions ({exception} / 1 sec)[error.type=SocketException],Rate,0
06/06/2026 22:45:41,System.Runtime,dotnet.exceptions ({exception} / 1 sec)[error.type=CachedNetworkException],Rate,0
06/06/2026 22:45:42,System.Runtime,dotnet.thread_pool.work_item.count ({work_item} / 1 sec),Rate,87738
06/06/2026 22:45:42,System.Runtime,dotnet.monitor.lock_contentions ({contention} / 1 sec),Rate,411
06/06/2026 22:45:42,System.Runtime,dotnet.gc.last_collection.heap.fragmentation.size (By)[gc.heap.generation=poh],Metric,49560
06/06/2026 22:45:42,System.Runtime,dotnet.gc.last_collection.heap.fragmentation.size (By)[gc.heap.generation=loh],Metric,4712304
06/06/2026 22:45:42,System.Runtime,dotnet.gc.last_collection.heap.fragmentation.size (By)[gc.heap.generation=gen2],Metric,70017232
06/06/2026 22:45:42,System.Runtime,dotnet.gc.last_collection.heap.fragmentation.size (By)[gc.heap.generation=gen1],Metric,1424096
06/06/2026 22:45:42,System.Runtime,dotnet.gc.last_collection.heap.fragmentation.size (By)[gc.heap.generation=gen0],Metric,0
06/06/2026 22:45:42,System.Runtime,dotnet.gc.pause.time (s / 1 sec),Rate,0
06/06/2026 22:45:42,System.Runtime,dotnet.gc.last_collection.memory.committed_size (By),Metric,860667904
06/06/2026 22:45:42,System.Runtime,dotnet.assembly.count ({assembly}),Metric,54
06/06/2026 22:45:42,System.Runtime,dotnet.thread_pool.queue.length ({work_item} / 1 sec),Rate,0
06/06/2026 22:45:42,System.Runtime,dotnet.jit.compiled_methods ({method} / 1 sec),Rate,0
06/06/2026 22:45:42,System.Runtime,dotnet.jit.compiled_il.size (By / 1 sec),Rate,0
06/06/2026 22:45:42,System.Runtime,dotnet.gc.heap.total_allocated (By / 1 sec),Rate,28264024
06/06/2026 22:45:42,System.Runtime,dotnet.process.memory.working_set (By),Metric,940752896
06/06/2026 22:45:42,System.Runtime,dotnet.thread_pool.thread.count ({thread} / 1 sec),Rate,0
06/06/2026 22:45:42,System.Runtime,dotnet.gc.last_collection.heap.size (By)[gc.heap.generation=poh],Metric,189422640
06/06/2026 22:45:42,System.Runtime,dotnet.gc.last_collection.heap.size (By)[gc.heap.generation=loh],Metric,9327328
06/06/2026 22:45:42,System.Runtime,dotnet.gc.last_collection.heap.size (By)[gc.heap.generation=gen2],Metric,320270960
06/06/2026 22:45:42,System.Runtime,dotnet.gc.last_collection.heap.size (By)[gc.heap.generation=gen1],Metric,104617176
